community,community_type,lat,lon,coverage_2021,on_mobile_sheet,snap_km,clinic_road_km,clinic_minutes,hospital_road_km,hospital_minutes,hospital_unsealed_km,hospital_minutes_sealed_only,nearest_clinic,nearest_hospital_ed,sealed_route_exists,far_from_road,cyclones_200km,severe_cyclones_100km,nearest_2022_site_km,nearest_2022_site,cell_type_2022,provider_2022,population_2022,nearest_2025_site_km,nearest_2025_carrier,nearest_2025_gen,can_call,nearest_own_clinic,nearest_own_clinic_km,region,risk_coverage,risk_clinic_time,risk_hospital_time,risk_no_sealed_road,risk_settlement_type,gap_index_core,gap_index_full,risk_tier
Adelaide Bore,Family Outstation,-22.2148499999999,133.93607,Never recorded,False,0.1,59.0,64.0,252.0,180.0,57.0,,Ti Tree Community Health Centre,Alice Springs Hospital,False,False,2,0,52.03,,,,,53.06,Telstra,4G,Never recorded,Pmara Jutunta(6 Mile),52.03,Central Australia,1.0,0.6081258191349934,0.3787661406025825,1.0,1.0,0.746722989934394,0.7973783919475153,High
Alyuen,Family Outstation,-22.66949,133.35147,Never recorded,False,0.1,54.0,35.0,135.0,84.0,2.0,,Pmara Jutunta(6 Mile),Alice Springs Hospital,False,False,0,0,21.79,,,,,2.82,Optus,3G/2G,Macro cell nearby,Pmara Jutunta(6 Mile),51.87,Central Australia,0.0,0.42857142857142855,0.18077474892395984,1.0,1.0,0.4023365443738471,0.5218692354990777,Low
Akngwertnarre,Town Camp,-23.6928,133.861199999999,Never recorded,False,0.0,2.0,2.0,4.0,4.0,0.0,4.0,Larapinta Clinic,Alice Springs Hospital,True,False,0,0,11.17,,,,,0.85,Telstra,5G,Macro cell nearby,Amoonguna,11.17,Central Australia,0.0,0.15072083879423329,0.03012912482065997,0.0,0.0,0.04521249090372331,0.03616999272297865,Low
Alkipi,Family Outstation,-23.27356,131.829239999999,Never recorded,False,0.0,13.0,23.0,256.0,219.0,117.0,,Papunya Community Health Centre,Alice Springs Hospital,False,False,1,0,7.03,,,,,13.3,Telstra,4G,Tower within 15km (2025),Papunya Community Health Centre,11.2,,0.0,0.3532110091743119,0.46413199426111906,1.0,1.0,0.45433575085885775,0.5634686006870862,Moderate
Red Sandhill,Family Outstation,-24.0097399999999,132.852789999999,Never recorded,False,0.2,12.0,23.0,122.0,105.0,10.0,,Hermannsburg (Ntaria),Alice Springs Hospital,False,False,0,0,6.64,,,,,10.78,Telstra,4G,Tower within 15km (2025),Hermannsburg (Ntaria),10.59,Central Australia,0.0,0.3532110091743119,0.22381635581061693,1.0,1.0,0.3942568412462322,0.5154054729969857,Low
Alpara,Family Outstation,-25.91526,131.21242,Never recorded,False,9.4,103.0,205.0,567.0,506.0,95.0,,Mutitjulu,Alice Springs Hospital,False,False,1,0,64.28,,,,,26.28,Telstra,4G,Never recorded,Mutitjulu,64.28,Central Australia,1.0,0.9397116644823067,0.9167862266857962,1.0,1.0,0.9641244727920257,0.9712995782336206,Critical
Injulkama,Family Outstation,-23.0762599999999,133.106729999999,Never recorded,False,0.1,134.0,138.0,137.0,140.0,37.0,,Purple House Primary Health Care,Alice Springs Hospital,False,False,0,0,59.88,,,,,53.87,Optus,3G/2G,Never recorded,Laramba (Napperby),70.3,Central Australia,1.0,0.8564875491480997,0.28622668579626975,1.0,1.0,0.7856785587360924,0.8285428469888739,High
Amoonguna,Major,-23.76632,133.93599,Has coverage,True,0.0,0.0,0.0,15.0,11.0,0.0,11.0,Amoonguna,Alice Springs Hospital,True,False,0,0,0.0,Amoonguna,Near a cell,OPTUS/TELSTRA,229.0,5.18,Optus,4G,Tower within 15km (2025),Amoonguna,0.0,Central Australia,0.0,0.045216251638269984,0.06097560975609756,0.0,0.07745804355973848,0.026547965348591884,0.036729980990821205,Low
Ampilatwatja,Major,-21.6566399999999,135.225089999999,Has coverage,True,0.1,0.0,1.0,315.0,253.0,141.0,,Ampilatwatja Health Centre,Tennant Creek Hospital,False,False,4,0,0.0,Ampilatwatja,Macro cell,TELSTRA,439.0,0.25,Telstra,4G,Macro cell nearby,Aherrenge (Ampilawatja),0.0,Barkly,0.0,0.11336828309305373,0.5308464849354376,1.0,0.07745804355973848,0.41105369200712283,0.344334562317646,Low
Amputjuta,Family Outstation,-24.9295599999999,129.12287,Never recorded,False,0.4,8.0,16.0,681.0,502.0,128.0,,Kaltukatjara (Docker River) Community Health Centre,Alice Springs Hospital,False,False,2,0,7.4,,,,,7.68,Telstra,4G,Tower within 15km (2025),Kaltukatjara (Docker River),7.4,Central Australia,0.0,0.27916120576671033,0.9131994261119082,1.0,1.0,0.5480901579696547,0.6384721263757237,Moderate
Angula,Family Outstation,-22.55781,134.216749999999,Never recorded,False,0.1,49.0,98.0,187.0,165.0,89.0,,Engawala (Alcoota),Alice Springs Hospital,False,False,1,0,36.61,,,,,36.46,Telstra,4G,Never recorded,Engawala (Alcoota),36.61,Central Australia,1.0,0.7490170380078637,0.3436154949784792,1.0,1.0,0.7731581332465858,0.8185265065972687,High
Angas Downs,Family Outstation,-25.0344699999999,132.27377,Never recorded,False,0.1,69.0,51.0,328.0,209.0,1.0,,Imanpa(Mt Ebenezer),Alice Springs Hospital,False,False,0,0,31.69,,,,,31.57,Telstra,4G,Never recorded,Imanpa(Mt Ebenezer),31.69,Central Australia,1.0,0.5393184796854522,0.4447632711621234,1.0,1.0,0.746020437711894,0.7968163501695151,High
Anningie,Family Outstation,-21.83473,133.14445,Never recorded,False,0.1,57.0,52.0,252.0,169.0,42.0,,Ti Tree Community Health Centre,Alice Springs Hospital,False,False,2,0,34.47,,,,,43.45,Optus,4G,Never recorded,Nturiya(Ti-Tree Station),34.47,Central Australia,1.0,0.5425950196592398,0.35294117647058826,1.0,1.0,0.7238840490324571,0.7791072392259657,High
Indaringinya,Family Outstation,-21.67707,134.71992,Never recorded,False,0.0,53.0,85.0,303.0,297.0,186.0,,Urapuntja (Utopia),Alice Springs Hospital,False,False,4,0,39.44,,,,,45.92,Telstra,5G,Never recorded,Urapuntja (Utopia),46.02,Barkly,1.0,0.6887287024901704,0.6183644189383071,1.0,1.0,0.8267732803571193,0.8614186242856954,High
Anthelk Ewlpaye,Town Camp,-23.6897899999999,133.87932,Never recorded,False,0.0,1.0,1.0,3.0,2.0,0.0,2.0,Nganampa Health Council - Umuwa Office,Alice Springs Hospital,True,False,0,0,10.28,,,,,0.73,Telstra,4G,Macro cell nearby,Amoonguna,10.28,Central Australia,0.0,0.11336828309305373,0.010760401721664276,0.0,0.0,0.0310321712036795,0.0248257369629436,Low
Anthepe,Town Camp,-23.7575,133.865499999999,Never recorded,False,0.2,2.0,2.0,8.0,6.0,0.0,6.0,Alukura Women's Health Clinic,Alice Springs Hospital,True,False,0,0,7.24,,,,,0.96,Telstra,4G,Macro cell nearby,Amoonguna,7.24,Central Australia,0.0,0.15072083879423329,0.047345767575322814,0.0,0.0,0.04951665159238902,0.03961332127391122,Low
Sugar Creek,Family Outstation,-23.9497399999999,132.57363,Never recorded,False,0.1,28.0,39.0,153.0,133.0,14.0,,Hermannsburg (Ntaria),Alice Springs Hospital,False,False,0,0,10.95,,,,,20.63,Optus,4G,Never recorded,Hermannsburg (Ntaria),20.85,Central Australia,1.0,0.4639580602883355,0.2769010043041607,1.0,1.0,0.685214766148124,0.7481718129184992,Moderate
Aper Alwerrknge,Town Camp,-23.66835,133.870849999999,Never recorded,False,0.0,3.0,2.0,5.0,4.0,0.0,4.0,Purple House Primary Health Care,Alice Springs Hospital,True,False,0,0,12.75,,,,,0.54,Telstra,5G,Macro cell nearby,Amoonguna,12.75,Central Australia,0.0,0.15072083879423329,0.03012912482065997,0.0,0.0,0.04521249090372331,0.03616999272297865,Low
Areyonga,Major,-24.0736099999999,132.270829999999,No coverage,False,0.0,0.0,1.0,215.0,173.0,45.0,,Utju(Areonga),Alice Springs Hospital,False,False,0,0,44.52,,,,,47.67,Optus,4G,Listed: no coverage,Utju(Areonga),0.0,Central Australia,1.0,0.11336828309305373,0.36441893830703015,1.0,0.07745804355973848,0.6194468053500211,0.5110490529919646,Moderate
Arrkapa,Family Outstation,-23.9824799999999,132.829369999999,Never recorded,False,0.3,8.0,15.0,133.0,109.0,7.0,,Hermannsburg (Ntaria),Alice Springs Hospital,False,False,0,0,2.89,Tjamangkurra,Near a cell,TELSTRA,5.0,6.98,Telstra,4G,Tower within 15km (2025),Hermannsburg (Ntaria),6.79,Central Australia,0.0,0.264089121887287,0.23529411764705882,1.0,1.0,0.37484580988358646,0.4998766479068692,Low
Artekerr,Family Outstation,-22.2902199999999,134.543119999999,Never recorded,False,0.3,37.0,53.0,229.0,202.0,132.0,,Urapuntja (Utopia),Alice Springs Hospital,False,False,2,0,32.79,,,,,32.95,Telstra,5G,Never recorded,Urapuntja (Utopia),32.79,Barkly,1.0,0.5484927916120577,0.43113342898134865,1.0,1.0,0.7449065551483516,0.7959252441186813,High
Atnwengerrpe,Family Outstation,-21.86956,134.99411,Never recorded,False,0.0,38.0,35.0,287.0,247.0,171.0,,Urapuntja (Utopia),Alice Springs Hospital,False,False,4,0,27.55,,,,,33.01,Telstra,5G,Never recorded,Urapuntja (Utopia),33.17,Barkly,1.0,0.42857142857142855,0.5229555236728838,1.0,1.0,0.737881738061078,0.7903053904488624,High
Utily,Family Outstation,-23.4887699999999,131.873189999999,Never recorded,False,0.2,5.0,10.0,232.0,195.0,63.0,,Haasts Bluff (Ikuntji),Alice Springs Hospital,False,False,1,0,24.17,,,,,33.52,Telstra,4G,Never recorded,Haasts Bluff (Ikuntji),4.68,Central Australia,1.0,0.22608125819134994,0.4096126255380201,1.0,1.0,0.6589234709323425,0.727138776745874,Moderate
Blackwater,Family Outstation,-23.26181,131.89688,Never recorded,False,0.1,7.0,11.0,249.0,207.0,108.0,,Papunya Community Health Centre,Alice Springs Hospital,False,False,1,0,0.0,Blackwater,Near a cell,TELSTRA,30.0,8.34,Telstra,4G,Tower within 15km (2025),Papunya Community Health Centre,6.5,,0.0,0.23197903014416776,0.4418938307030129,1.0,1.0,0.41846821521179517,0.5347745721694361,Low
Orrtipa-Thurra,Minor,-22.7845799999999,136.16829,Never recorded,False,0.0,0.0,0.0,372.0,292.0,197.0,,Bonya,Alice Springs Hospital,False,False,4,0,128.37,,,,,127.83,Telstra,4G,Never recorded,Bonya,0.0,Central Australia,1.0,0.045216251638269984,0.6076040172166427,1.0,0.7822564579321335,0.6632050672137282,0.6870153453574093,Moderate
Atneltyey,Family Outstation,-22.0368299999999,134.61166,Never recorded,False,0.0,22.0,39.0,246.0,222.0,149.0,,Urapuntja (Utopia),Alice Springs Hospital,False,False,4,0,17.74,,,,,17.81,Telstra,5G,Never recorded,Urapuntja (Utopia),17.74,Barkly,1.0,0.4639580602883355,0.4727403156384505,1.0,1.0,0.7341745939816965,0.7873396751853572,High
Mala,Family Outstation,-21.6949399999999,130.853309999999,Never recorded,False,0.1,125.0,123.0,421.0,319.0,45.0,,Yuendumu Community Health Centre,Alice Springs Hospital,False,False,5,0,115.32,,,,,110.81,Telstra,4G,Never recorded,Nyirippi(Waite Creek),110.66,Central Australia,1.0,0.8302752293577982,0.6606886657101865,1.0,1.0,0.8727409737669962,0.898192779013597,Critical
Town Bore,Family Outstation,-23.35473,132.06416,Never recorded,False,0.1,25.0,28.0,224.0,185.0,55.0,,Ikuntji Health Clinic,Alice Springs Hospital,False,False,1,0,16.41,,,,,23.22,Telstra,4G,Never recorded,Haasts Bluff (Ikuntji),21.31,Central Australia,1.0,0.3951507208387942,0.3837876614060258,1.0,1.0,0.694734595561205,0.7557876764489639,Moderate
Engawala,Minor,-22.8025699999999,134.455469999999,Has coverage,True,0.0,0.0,0.0,182.0,128.0,27.0,,Engawala (Alcoota),Alice Springs Hospital,False,False,1,0,0.0,Engawala,Small cell,TELSTRA,146.0,0.15,Telstra,4G,Macro cell nearby,Engawala (Alcoota),0.0,Central Australia,0.0,0.045216251638269984,0.26901004304160686,1.0,0.7822564579321335,0.3285565736699692,0.4192965505224021,Low
Eight Mile,Family Outstation,-23.8869899999999,132.68279,Never recorded,False,0.1,18.0,17.0,142.0,111.0,3.0,,Hermannsburg (Ntaria),Alice Springs Hospital,False,False,0,0,0.14,Eight Mile,Near a cell,TELSTRA,6.0,11.35,Telstra,4G,Tower within 15km (2025),Hermannsburg (Ntaria),11.55,Central Australia,0.0,0.290956749672346,0.24461979913916787,1.0,1.0,0.38389413720287846,0.5071153097623028,Low
Ewyenper Atwatye,Town Camp,-23.7081,133.89974,Never recorded,False,0.0,1.0,2.0,3.0,3.0,0.0,3.0,Sadadeen Clinic,Alice Springs Hospital,True,False,0,0,7.45,,,,,1.04,Telstra,5G,Macro cell nearby,Amoonguna,7.45,Central Australia,0.0,0.15072083879423329,0.018651362984218076,0.0,0.0,0.04234305044461284,0.033874440355690275,Low
Finke,Major,-25.5821,134.5779,Has coverage,True,0.0,0.0,0.0,421.0,313.0,146.0,,Aputula(Finke),Alice Springs Hospital,False,False,0,0,112.93,,,,,0.57,Telstra,4G,Macro cell nearby,Aputula(Finke),0.0,Central Australia,0.0,0.045216251638269984,0.6506456241032998,1.0,0.07745804355973848,0.42396546893539244,0.35466398386026166,Low
Gilbert Springs,Family Outstation,-23.9717699999999,132.480729999999,Never recorded,False,1.8,45.0,47.0,170.0,140.0,8.0,,Hermannsburg (Ntaria),Alice Springs Hospital,False,False,0,0,20.7,,,,,27.95,Optus,4G,Never recorded,Utju(Areonga),24.14,Central Australia,1.0,0.5150720838794234,0.28622668579626975,1.0,1.0,0.7003246924189233,0.7602597539351386,Moderate
Parrulyu,Family Outstation,-20.4527599999999,130.90912,Never recorded,False,0.1,308.0,318.0,604.0,513.0,218.0,,Yuendumu Community Health Centre,Alice Springs Hospital,False,False,7,0,59.24,,,,,60.96,Telstra,4G,Never recorded,Willowra,197.82,Central Australia,1.0,0.9803407601572739,0.9232424677187948,1.0,1.0,0.9758958069690172,0.9807166455752139,Critical
Haasts Bluff,Major,-23.4473299999999,131.88129,No coverage,False,0.1,0.0,0.0,227.0,185.0,58.0,,Haasts Bluff (Ikuntji),Alice Springs Hospital,False,False,1,0,19.5,,,,,28.84,Telstra,4G,Listed: no coverage,Haasts Bluff (Ikuntji),0.0,Central Australia,1.0,0.045216251638269984,0.3837876614060258,1.0,0.07745804355973848,0.607250978261074,0.5012923913208069,Moderate
Atitjere,Major,-22.9843,134.9341,Has coverage,True,0.1,1.0,1.0,217.0,150.0,44.0,,Harts Range (Atitjere),Alice Springs Hospital,False,False,2,0,0.0,Atitjere,Macro cell,TELSTRA,157.0,1.1,Telstra,4G,Macro cell nearby,Harts Range (Atitjere),0.0,Central Australia,0.0,0.11336828309305373,0.312051649928264,1.0,0.07745804355973848,0.35635498325532944,0.30057559531621125,Low
Hermannsburg,Major,-23.9427,132.7787,Has coverage,True,0.1,0.0,0.0,127.0,96.0,0.0,96.0,Hermannsburg (Ntaria),Alice Springs Hospital,True,False,0,0,0.0,Hermannsburg,Macro cell,TELSTRA,491.0,0.2,Telstra,4G,Macro cell nearby,Hermannsburg (Ntaria),0.0,Central Australia,0.0,0.045216251638269984,0.19296987087517933,0.0,0.07745804355973848,0.05954653062836233,0.06312883321463755,Low
Green Valley,Family Outstation,-23.15051,131.738169999999,Never recorded,False,0.1,21.0,27.0,264.0,223.0,125.0,,Papunya Community Health Centre,Alice Springs Hospital,False,False,1,0,18.62,,,,,19.45,Telstra,4G,Never recorded,Papunya Community Health Centre,18.45,,1.0,0.3885976408912189,0.4748923959827834,1.0,1.0,0.7158725092185005,0.7726980073748004,High
Ilkarralalama,Family Outstation,-23.96461,132.465039999999,Never recorded,False,0.0,43.0,43.0,168.0,137.0,8.0,,Hermannsburg (Ntaria),Alice Springs Hospital,False,False,0,0,22.08,,,,,29.72,Optus,4G,Never recorded,Utju(Areonga),23.15,Central Australia,1.0,0.4855832241153342,0.28263988522238165,1.0,1.0,0.6920557773344289,0.7536446218675431,Moderate
Dons Bore,Family Outstation,-22.2623299999999,131.920269999999,Never recorded,False,8.5,30.0,60.0,321.0,255.0,22.0,,Yuendumu,Alice Springs Hospital,False,False,4,0,0.0,Dons Bore,Near a cell,TELSTRA,8.0,12.56,Telstra,4G,Tower within 15km (2025),Yuendumu,12.9,Central Australia,0.0,0.5845347313237221,0.5351506456241033,1.0,1.0,0.5299213442369564,0.6239370753895651,Moderate
New Ilparpa,Town Camp,-23.76576,133.870679999999,Never recorded,False,0.0,2.0,2.0,8.0,6.0,0.0,6.0,Alukura Women's Health Clinic,Alice Springs Hospital,True,False,0,0,6.65,,,,,1.39,Telstra,4G,Macro cell nearby,Amoonguna,6.65,Central Australia,0.0,0.15072083879423329,0.047345767575322814,0.0,0.0,0.04951665159238902,0.03961332127391122,Low
Ilperle-Tyathe,Town Camp,-23.6656,133.861099999999,Never recorded,False,0.1,3.0,3.0,6.0,5.0,0.0,5.0,Purple House Primary Health Care,Alice Springs Hospital,True,False,0,0,13.55,,,,,0.52,Optus,4G,Macro cell nearby,Amoonguna,13.55,Central Australia,0.0,0.17038007863695936,0.04160688665710186,0.0,0.0,0.052996741323515305,0.042397393058812245,Low
Ilpili,Family Outstation,-23.32393,130.36045,Never recorded,False,0.4,99.0,105.0,408.0,365.0,268.0,,Mt Liebig (Amunturrngu),Alice Springs Hospital,False,False,1,0,79.1,,,,,77.29,Telstra,4G,Never recorded,Nyirippi(Waite Creek),77.44,Central Australia,1.0,0.7745740498034076,0.736728837876614,1.0,1.0,0.8778257219200054,0.9022605775360043,Critical
Ilyiperenye,Town Camp,-23.7438199999999,133.87079,Never recorded,False,0.0,1.0,1.0,6.0,4.0,0.0,4.0,Alukura Women's Health Clinic,Alice Springs Hospital,True,False,0,0,7.09,,,,,0.96,Telstra,5G,Macro cell nearby,Amoonguna,7.09,Central Australia,0.0,0.11336828309305373,0.03012912482065997,0.0,0.0,0.03587435197842843,0.028699481582742742,Low
Imanpa,Major,-25.1305099999999,132.569989999999,Has coverage,True,0.1,0.0,0.0,272.0,171.0,6.0,,Imanpa(Mt Ebenezer),Alice Springs Hospital,False,False,0,0,0.0,Imanpa,Macro cell,TELSTRA,106.0,0.17,Telstra,4G,Macro cell nearby,Imanpa(Mt Ebenezer),0.0,Central Australia,0.0,0.045216251638269984,0.3593974175035868,1.0,0.07745804355973848,0.3511534172854642,0.29641434254031906,Low
Importna,Family Outstation,-23.9404799999999,132.743409999999,Never recorded,False,0.3,6.0,5.0,131.0,99.0,0.0,182.0,Hermannsburg (Ntaria),Alice Springs Hospital,True,False,0,0,0.0,Importna,Near a cell,TELSTRA,5.0,3.4,Telstra,4G,Tower within 15km (2025),Hermannsburg (Ntaria),3.59,Central Australia,0.0,0.1913499344692005,0.20444763271162122,0.0,1.0,0.09894939179520543,0.27915951343616435,Low
Ininti,Family Outstation,-23.16827,129.15249,Never recorded,False,0.1,29.0,57.0,532.0,510.0,393.0,,Kintore,Alice Springs Hospital,False,False,2,0,26.81,,,,,26.65,Telstra,4G,Never recorded,Kintore,26.81,Central Australia,1.0,0.5655307994757536,0.921090387374462,1.0,1.0,0.8716552967125539,0.8973242373700432,Critical
Injirramurri,Family Outstation,-22.4652299999999,131.129109999999,Never recorded,False,0.1,85.0,125.0,381.0,309.0,169.0,,Yuendumu Community Health Centre,Alice Springs Hospital,False,False,3,0,72.42,,,,,62.84,Telstra,4G,Never recorded,Nyirippi(Waite Creek),62.62,Central Australia,1.0,0.8348623853211009,0.6420373027259685,1.0,1.0,0.8692249220117674,0.8953799376094139,Critical
Intjartnama,Family Outstation,-24.0629199999999,132.920559999999,Never recorded,False,0.1,29.0,38.0,123.0,109.0,13.0,,Hermannsburg (Ntaria),Alice Springs Hospital,False,False,0,0,15.71,,,,,18.29,Telstra,5G,Never recorded,Wallace Rockhole,18.16,Central Australia,1.0,0.4534731323722149,0.23529411764705882,1.0,1.0,0.6721918125048185,0.7377534500038548,Moderate
Five Mile,Family Outstation,-23.9184799999999,132.84834,Never recorded,False,1.8,9.0,12.0,125.0,99.0,2.0,,Hermannsburg (Ntaria),Alice Springs Hospital,False,False,0,0,0.0,Five Mile,Near a cell,TELSTRA,5.0,7.73,Telstra,4G,Tower within 15km (2025),Hermannsburg (Ntaria),7.57,Central Australia,0.0,0.23722149410222804,0.20444763271162122,1.0,1.0,0.3604172817034623,0.48833382536276987,Low
Inyilingi,Family Outstation,-23.24973,131.42488,Never recorded,False,0.1,20.0,24.0,297.0,252.0,158.0,,Amunturrngu (Mt Liebig) Community Health Centre,Alice Springs Hospital,False,False,1,0,15.6,,,,,15.08,Telstra,4G,Never recorded,Mt Liebig (Amunturrngu),15.6,Central Australia,1.0,0.3636959370904325,0.5279770444763271,1.0,1.0,0.7229182453916899,0.7783345963133519,High
Ipolera,Family Outstation,-23.9886199999999,132.374069999999,Never recorded,False,0.1,57.0,60.0,182.0,153.0,13.0,,Hermannsburg (Ntaria),Alice Springs Hospital,False,False,0,0,31.68,,,,,37.91,Optus,4G,Never recorded,Utju(Areonga),14.12,Central Australia,1.0,0.5845347313237221,0.3170731707317073,1.0,1.0,0.7254019755138574,0.7803215804110859,High
Tinki,Family Outstation,-23.2733099999999,129.55768,Never recorded,False,0.1,23.0,46.0,504.0,472.0,365.0,,Kintore,Alice Springs Hospital,False,False,2,0,17.41,,,,,17.44,Telstra,4G,Never recorded,Kintore,17.41,Central Australia,1.0,0.5058977719528178,0.890961262553802,1.0,1.0,0.849214758626655,0.879371806901324,Critical
Irrultja,Minor,-21.9799699999999,135.111279999999,Never recorded,False,0.1,56.0,71.0,305.0,283.0,188.0,,Urapuntja (Utopia),Alice Springs Hospital,False,False,4,0,30.89,,,,,36.56,Telstra,5G,Never recorded,Urapuntja (Utopia),36.7,Barkly,1.0,0.6428571428571429,0.5882352941176471,1.0,0.7822564579321335,0.8077731092436975,0.8026697789813847,High
Itwiyethwenge,Town Camp,-23.6636299999999,133.871679999999,Never recorded,False,0.0,3.0,2.0,6.0,5.0,0.0,,Purple House Primary Health Care,Alice Springs Hospital,False,False,0,0,13.16,,,,,0.97,Optus,4G,Macro cell nearby,Amoonguna,13.16,Central Australia,0.0,0.15072083879423329,0.04160688665710186,1.0,0.0,0.2980819313628338,0.23846554509026702,Low
Iwupataka,Minor,-23.7906099999999,133.503269999999,Never recorded,False,0.1,40.0,31.0,43.0,34.0,1.0,,Larapinta Clinic,Alice Springs Hospital,False,False,0,0,5.79,,,,,8.36,Telstra,4G,Tower within 15km (2025),Amoonguna,44.11,Central Australia,0.0,0.40629095674967236,0.11190817790530846,1.0,0.7822564579321335,0.3795497836637452,0.4600911185174229,Low
Kaltukatjara,Major,-24.87611,129.07916,Has coverage,True,0.4,0.0,1.0,673.0,487.0,121.0,,Kaltukatjara (Docker River) Community Health Centre,Alice Springs Hospital,False,False,2,0,0.0,Kaltukatjara,Macro cell,TELSTRA,195.0,0.41,Telstra,4G,Macro cell nearby,Kaltukatjara (Docker River),0.0,Central Australia,0.0,0.11336828309305373,0.8995695839311334,1.0,0.07745804355973848,0.5032344667560468,0.41807918211678513,Moderate
Kaporilya,Family Outstation,-23.93974,132.72029,Never recorded,False,0.2,9.0,9.0,134.0,102.0,1.0,,Hermannsburg (Ntaria),Alice Springs Hospital,False,False,0,0,0.04,Kaporilya,Near a cell,TELSTRA,5.0,5.75,Telstra,4G,Tower within 15km (2025),Hermannsburg (Ntaria),5.95,Central Australia,0.0,0.21952817824377457,0.21449067431850788,1.0,1.0,0.35850471314057064,0.4868037705124565,Low
Karnte,Town Camp,-23.76437,133.864739999999,Never recorded,False,0.1,3.0,3.0,9.0,7.0,0.0,7.0,Alukura Women's Health Clinic,Alice Springs Hospital,True,False,0,0,7.25,,,,,1.52,Telstra,4G,Macro cell nearby,Amoonguna,7.25,Central Australia,0.0,0.17038007863695936,0.050932568149210905,0.0,0.0,0.05532816169654257,0.04426252935723406,Low
Kintore,Major,-23.27591,129.387249999999,Has coverage,True,0.1,0.0,0.0,517.0,468.0,368.0,,Kintore,Alice Springs Hospital,False,False,2,0,0.0,Kintore,Macro cell,TELSTRA,381.0,0.31,Telstra,4G,Macro cell nearby,Kintore,0.0,Central Australia,0.0,0.045216251638269984,0.8880918220946915,1.0,0.07745804355973848,0.4833270184332404,0.40215322345854,Moderate
Kulpitharra,Family Outstation,-23.7397399999999,132.00279,Never recorded,False,0.2,96.0,120.0,221.0,214.0,38.0,,Hermannsburg (Ntaria),Alice Springs Hospital,False,False,1,0,52.01,,,,,54.76,Optus,4G,Never recorded,Haasts Bluff (Ikuntji),34.79,Central Australia,1.0,0.8230668414154653,0.4562410329985653,1.0,1.0,0.8198269686035076,0.855861574882806,High
Kunapula,Family Outstation,-25.1569699999999,129.234109999999,Never recorded,False,0.2,45.0,89.0,662.0,507.0,115.0,,Kaltukatjara (Docker River) Community Health Centre,Alice Springs Hospital,False,False,2,0,34.92,,,,,35.24,Telstra,4G,Never recorded,Kaltukatjara (Docker River),34.92,Central Australia,1.0,0.7116644823066841,0.9189383070301291,1.0,1.0,0.9076506973342033,0.9261205578673627,Critical
Kungkayunti,Family Outstation,-23.6264699999999,131.243709999999,Never recorded,False,0.1,46.0,91.0,303.0,337.0,134.0,,Mt Liebig (Amunturrngu),Alice Springs Hospital,False,False,1,0,37.93,,,,,41.5,Telstra,4G,Never recorded,Mt Liebig (Amunturrngu),40.19,Central Australia,1.0,0.7208387942332897,0.6958393113342898,1.0,1.0,0.8541695263918949,0.8833356211135159,Critical
Armstrongs,Family Outstation,-23.8791799999999,132.680009999999,Never recorded,False,0.1,18.0,18.0,143.0,111.0,3.0,,Hermannsburg (Ntaria),Alice Springs Hospital,False,False,0,0,0.78,Eight Mile,Near a cell,TELSTRA,6.0,12.08,Telstra,4G,Tower within 15km (2025),Hermannsburg (Ntaria),12.27,Central Australia,0.0,0.30471821756225426,0.24461979913916787,1.0,1.0,0.38733450417535553,0.5098676033402845,Low
Kurkutjara,Family Outstation,-25.9417799999999,129.411149999999,Never recorded,False,3.3,171.0,342.0,666.0,670.0,172.0,,Kaltukatjara (Docker River) Community Health Centre,Alice Springs Hospital,False,False,2,0,123.1,,,,,33.81,Telstra,4G,Never recorded,Kaltukatjara (Docker River),123.1,Central Australia,1.0,0.9855832241153342,0.994261119081779,1.0,1.0,0.9949610857992783,0.9959688686394227,Critical
Inkwelaye,Family Outstation,-22.0795099999999,134.831529999999,Never recorded,False,0.1,8.0,13.0,257.0,225.0,156.0,,Urapuntja (Utopia),Alice Springs Hospital,False,False,4,0,0.0,Inkwelaye,Near a cell,TELSTRA,30.0,5.79,Telstra,5G,Tower within 15km (2025),Urapuntja (Utopia),5.92,Barkly,0.0,0.24311926605504589,0.48206599713055953,1.0,1.0,0.4312963157964014,0.5450370526371211,Low
Kwala,Family Outstation,-23.9272399999999,132.889739999999,Never recorded,False,0.1,13.0,13.0,118.0,92.0,2.0,,Hermannsburg (Ntaria),Alice Springs Hospital,False,False,0,0,4.32,,,,,11.6,Telstra,4G,Tower within 15km (2025),Hermannsburg (Ntaria),11.42,Central Australia,0.0,0.24311926605504589,0.18651362984218078,1.0,1.0,0.35740822397430666,0.48592657917944526,Low
Labrapuntja,Family Outstation,-23.9118399999999,132.939259999999,Never recorded,False,0.1,20.0,25.0,122.0,102.0,8.0,,Hermannsburg (Ntaria),Alice Springs Hospital,False,False,0,0,9.27,,,,,16.85,Telstra,4G,Never recorded,Hermannsburg (Ntaria),16.68,Central Australia,1.0,0.37418086500655307,0.21449067431850788,1.0,1.0,0.6471678848312652,0.7177343078650121,Moderate
Laramba,Major,-22.5329699999999,132.75603,No coverage,False,0.0,0.0,0.0,226.0,199.0,37.0,,Laramba (Napperby),Alice Springs Hospital,False,False,0,0,34.66,,,,,0.17,Telstra,4G,Macro cell nearby,Laramba (Napperby),0.0,Central Australia,0.0,0.045216251638269984,0.4232424677187948,1.0,0.07745804355973848,0.3671146798392662,0.30918335258336066,Low
Larapinta Valley,Town Camp,-23.71104,133.8514,Never recorded,False,0.2,1.0,1.0,5.0,4.0,0.0,4.0,Larapinta Clinic,Alice Springs Hospital,True,False,0,0,10.58,,,,,0.75,Telstra,5G,Macro cell nearby,Amoonguna,10.58,Central Australia,0.0,0.11336828309305373,0.03012912482065997,0.0,0.0,0.03587435197842843,0.028699481582742742,Low
Lilla,Family Outstation,-24.29728,131.60327,Never recorded,False,0.3,15.0,14.0,319.0,248.0,102.0,,Watarrka(Kings Canyon),Alice Springs Hospital,False,False,1,0,10.75,,,,,10.62,Optus,4G,Tower within 15km (2025),Watarrka(Kings Canyon),11.16,Central Australia,0.0,0.2509829619921363,0.5251076040172167,1.0,1.0,0.4440226415023383,0.5552181132018706,Moderate
Inarlenge,Town Camp,-23.7288199999999,133.858959999999,Never recorded,False,0.1,3.0,2.0,5.0,4.0,0.0,4.0,Alukura Women's Health Clinic,Alice Springs Hospital,True,False,0,0,8.88,,,,,0.71,Optus,4G,Macro cell nearby,Amoonguna,8.88,Central Australia,0.0,0.15072083879423329,0.03012912482065997,0.0,0.0,0.04521249090372331,0.03616999272297865,Low
Little Well,Family Outstation,-24.1354699999999,135.33314,Never recorded,False,1.3,179.0,191.0,190.0,199.0,155.0,,Amoonguna Health Service,Alice Springs Hospital,False,False,0,0,91.76,,,,,97.12,Telstra,4G,Never recorded,Ltyentye Apurte(Santa Teresa),97.4,Central Australia,1.0,0.9272608125819135,0.4232424677187948,1.0,1.0,0.837625820075177,0.8701006560601418,High
Ltira,Family Outstation,-24.0570899999999,132.901819999999,Never recorded,False,0.0,19.0,38.0,125.0,112.0,15.0,,Hermannsburg (Ntaria),Alice Springs Hospital,False,False,0,0,13.88,,,,,16.44,Optus,4G,Never recorded,Hermannsburg (Ntaria),17.84,Central Australia,1.0,0.4534731323722149,0.24964131994261118,1.0,1.0,0.6757786130787066,0.7406228904629653,Moderate
Liltjera,Family Outstation,-23.9364,132.637789999999,Never recorded,False,3.1,19.0,21.0,144.0,114.0,7.0,,Hermannsburg (Ntaria),Alice Springs Hospital,False,False,0,0,4.27,,,,,14.14,Telstra,4G,Tower within 15km (2025),Hermannsburg (Ntaria),14.34,Central Australia,0.0,0.33551769331585846,0.2539454806312769,1.0,1.0,0.39736579348678386,0.517892634789427,Low
Lyilyalanama,Family Outstation,-23.9472399999999,132.74474,Never recorded,False,0.0,5.0,6.0,130.0,99.0,1.0,,Hermannsburg (Ntaria),Alice Springs Hospital,False,False,0,0,0.0,Lyilyalanama,Near a cell,TELSTRA,5.0,3.31,Telstra,4G,Tower within 15km (2025),Hermannsburg (Ntaria),3.49,Central Australia,0.0,0.20249017038007863,0.20444763271162122,1.0,1.0,0.351734450772925,0.48138756061834,Low
Mantapayika,Family Outstation,-25.47458,130.225609999999,Never recorded,False,0.1,105.0,150.0,547.0,432.0,56.0,,Yulara(Uluru),Alice Springs Hospital,False,False,2,0,80.84,,,,,77.79,Telstra,4G,Never recorded,Yulara(Uluru),80.84,Central Australia,1.0,0.8761467889908257,0.8529411764705882,1.0,1.0,0.9322719913653534,0.9458175930922827,Critical
Old Station,Family Outstation,-24.0191099999999,132.86345,Never recorded,False,0.2,13.0,25.0,123.0,106.0,11.0,,Hermannsburg (Ntaria),Alice Springs Hospital,False,False,0,0,8.14,,,,,12.28,Telstra,4G,Tower within 15km (2025),Hermannsburg (Ntaria),12.1,Central Australia,0.0,0.37418086500655307,0.2259684361549498,1.0,1.0,0.4000373252903757,0.5200298602323006,Low
Mbalkanaka,Family Outstation,-23.9534899999999,132.87547,Never recorded,False,0.1,12.0,12.0,118.0,91.0,2.0,,Hermannsburg (Ntaria),Alice Springs Hospital,False,False,0,0,4.77,,,,,10.11,Telstra,4G,Tower within 15km (2025),Hermannsburg (Ntaria),9.91,Central Australia,0.0,0.23722149410222804,0.18507890961262555,1.0,1.0,0.35557510092871336,0.4844600807429707,Low
Mbunghara,Family Outstation,-23.29071,132.35891,Never recorded,False,0.2,53.0,55.0,193.0,149.0,55.0,,Papunya Community Health Centre,Alice Springs Hospital,False,False,1,0,40.95,,,,,36.46,Optus,4G,Never recorded,Papunya Community Health Centre,46.97,,1.0,0.5596330275229358,0.30918220946915353,1.0,1.0,0.7172038092480223,0.7737630473984178,High
Amengernterneah,Family Outstation,-21.8976699999999,134.841659999999,Never recorded,False,0.1,25.0,24.0,274.0,236.0,158.0,,Urapuntja (Utopia),Alice Springs Hospital,False,False,4,0,15.36,,,,,22.1,Telstra,5G,Never recorded,Urapuntja (Utopia),22.24,Barkly,1.0,0.3636959370904325,0.5021520803443329,1.0,1.0,0.7164620043586913,0.7731696034869531,High
Morris Gap,Family Outstation,-24.11251,131.43922,Never recorded,False,3.9,17.0,18.0,347.0,271.0,101.0,335.0,Watarrka(Kings Canyon),Alice Springs Hospital,True,False,1,0,14.57,,,,,17.06,Optus,4G,Never recorded,Watarrka(Kings Canyon),16.24,Central Australia,1.0,0.30471821756225426,0.5645624103299857,0.0,1.0,0.46732015697305995,0.573856125578448,Moderate
Motnas,Family Outstation,-23.9497399999999,132.769459999999,Never recorded,False,0.0,3.0,3.0,128.0,97.0,0.0,97.0,Hermannsburg (Ntaria),Alice Springs Hospital,True,False,0,0,0.0,Motnas,Near a cell,TELSTRA,5.0,1.13,Telstra,4G,Macro cell nearby,Hermannsburg (Ntaria),1.22,Central Australia,0.0,0.17038007863695936,0.19655667144906744,0.0,1.0,0.0917341875215067,0.2733873500172054,Low
Mpwetyerre,Town Camp,-23.71679,133.87412,Never recorded,False,0.0,1.0,1.0,2.0,2.0,0.0,2.0,Gap Road Clinic,Alice Springs Hospital,True,False,0,0,8.37,,,,,0.91,Telstra,5G,Macro cell nearby,Amoonguna,8.37,Central Australia,0.0,0.11336828309305373,0.010760401721664276,0.0,0.0,0.0310321712036795,0.0248257369629436,Low
Mount Barkly,Family Outstation,-21.61391,132.441139999999,Never recorded,False,0.0,54.0,107.0,340.0,308.0,130.0,,Willowra Health Centre,Alice Springs Hospital,False,False,3,0,89.92,,,,,44.75,Telstra,4G,Never recorded,Willowra,44.8,Central Australia,1.0,0.783748361730013,0.639167862266858,1.0,1.0,0.8557290559992178,0.8845832447993743,Critical
Kurippi,Family Outstation,-22.1421099999999,132.053159999999,Never recorded,False,0.1,34.0,36.0,328.0,233.0,34.0,,Yuendumu,Alice Springs Hospital,False,False,4,0,19.13,,,,,20.29,Telstra,4G,Never recorded,Yuendumu,29.31,Central Australia,1.0,0.43774574049803405,0.49426111908177905,1.0,1.0,0.7330017148949532,0.7864013719159626,High
Mount Liebig,Major,-23.26605,131.27319,Has coverage,True,0.0,0.0,0.0,313.0,268.0,171.0,,Mt Liebig (Amunturrngu),Alice Springs Hospital,False,False,1,0,0.0,Mount Liebig,Macro cell,TELSTRA,234.0,1.35,Telstra,4G,Macro cell nearby,Mt Liebig (Amunturrngu),0.0,Central Australia,0.0,0.045216251638269984,0.5588235294117647,1.0,0.07745804355973848,0.40100994526250866,0.3362995649219546,Low
Mount Nancy,Town Camp,-23.66751,133.87001,Never recorded,False,0.0,2.0,2.0,5.0,4.0,0.0,4.0,Purple House Primary Health Care,Alice Springs Hospital,True,False,0,0,12.88,,,,,0.61,Optus,4G,Macro cell nearby,Amoonguna,12.88,Central Australia,0.0,0.15072083879423329,0.03012912482065997,0.0,0.0,0.04521249090372331,0.03616999272297865,Low
Karrinyarra,Family Outstation,-22.66329,131.87876,Never recorded,False,0.1,125.0,106.0,271.0,200.0,58.0,,Yuendumu,Alice Springs Hospital,False,False,3,0,44.79,,,,,46.51,Telstra,4G,Never recorded,Yuendumu,46.32,Central Australia,1.0,0.7785058977719528,0.4268292682926829,1.0,1.0,0.8013337915161589,0.8410670332129271,High
Putulu,Family Outstation,-21.3438199999999,131.369969999999,Never recorded,False,0.0,171.0,190.0,467.0,386.0,91.0,,Yuendumu Community Health Centre,Alice Springs Hospital,False,False,4,0,110.31,,,,,110.22,Telstra,4G,Never recorded,Yuendumu,110.31,Central Australia,1.0,0.9246395806028833,0.7690100430416069,1.0,1.0,0.9234124059111226,0.938729924728898,Critical
Mulga Bore,Family Outstation,-22.45139,134.20944,Never recorded,False,0.1,84.0,91.0,178.0,148.0,81.0,,Urapuntja (Utopia),Alice Springs Hospital,False,False,1,0,46.5,,,,,46.35,Telstra,4G,Never recorded,Engawala (Alcoota),46.5,Central Australia,1.0,0.7208387942332897,0.30631276901004306,1.0,1.0,0.7567878908108332,0.8054303126486666,High
Wanarkula,Family Outstation,-25.99663,131.58803,Never recorded,False,4.4,172.0,157.0,431.0,314.0,78.0,,Imanpa(Mt Ebenezer),Alice Springs Hospital,False,False,1,0,77.75,,,,,46.4,Telstra,4G,Never recorded,Mutitjulu,88.67,Central Australia,1.0,0.8840104849279161,0.6535150645624104,1.0,1.0,0.8843813873725817,0.9075051098980653,Critical
Mutitjulu,Major,-25.3523,131.066699999999,Has coverage,True,0.1,0.0,1.0,467.0,303.0,1.0,303.0,Mutitjulu,Alice Springs Hospital,True,False,1,0,0.0,Mutitjulu,Macro cell,OPTUS/TELSTRA,426.0,0.42,Telstra,4G,Macro cell nearby,Mutitjulu,0.0,Central Australia,0.0,0.11336828309305373,0.633428981348637,0.0,0.07745804355973848,0.18669931611042268,0.16485106160028584,Low
New Bore,Family Outstation,-23.2217199999999,131.327689999999,Never recorded,False,0.0,10.0,13.0,305.0,260.0,166.0,,Amunturrngu (Mt Liebig) Community Health Centre,Alice Springs Hospital,False,False,1,0,7.44,,,,,6.3,Telstra,4G,Tower within 15km (2025),Mt Liebig (Amunturrngu),7.44,Central Australia,0.0,0.24311926605504589,0.5444763271162123,1.0,1.0,0.44689889829281454,0.5575191186342516,Moderate
Yuwerli,Family Outstation,-22.03566,131.65064,Never recorded,False,1.0,45.0,79.0,338.0,275.0,44.0,,Yuendumu,Alice Springs Hospital,False,False,4,0,28.47,,,,,28.44,Telstra,4G,Never recorded,Yuendumu,28.47,Central Australia,1.0,0.6730013106159896,0.5717360114777619,1.0,1.0,0.8111843305234379,0.8489474644187502,High
Nguman,Family Outstation,-23.5421899999999,129.756939999999,Never recorded,False,4.9,61.0,121.0,561.0,586.0,417.0,,Kintore,Alice Springs Hospital,False,False,2,0,47.96,,,,,48.17,Telstra,4G,Never recorded,Kintore,47.96,Central Australia,1.0,0.8263433813892529,0.9641319942611191,1.0,1.0,0.947618843912593,0.9580950751300744,Critical
Ngkwarlerlanem,Family Outstation,-21.7274099999999,134.79113,Never recorded,False,0.1,42.0,63.0,291.0,275.0,175.0,,Urapuntja (Utopia),Alice Springs Hospital,False,False,4,0,33.23,,,,,39.99,Telstra,5G,Never recorded,Urapuntja (Utopia),40.11,Barkly,1.0,0.6048492791612058,0.5717360114777619,1.0,1.0,0.7941463226597419,0.8353170581277937,High
Nturiya,Major,-22.12379,133.265289999999,Has coverage,True,0.1,0.0,0.0,211.0,150.0,16.0,,Nturiya(Ti-Tree Station),Alice Springs Hospital,False,False,2,0,0.0,Nturiya,Near a cell,TELSTRA,66.0,15.63,Optus,4G,Small cell or near a cell,Nturiya(Ti-Tree Station),0.0,Central Australia,0.0,0.045216251638269984,0.312051649928264,1.0,0.07745804355973848,0.3393169753916335,0.2869451890252545,Low
Nyirripi,Major,-22.6505,130.5532,No coverage,False,0.1,0.0,0.0,417.0,411.0,204.0,,Nyirippi(Waite Creek),Alice Springs Hospital,False,False,3,0,93.62,,,,,0.22,Telstra,4G,Macro cell nearby,Nyirippi(Waite Creek),0.0,Central Australia,0.0,0.045216251638269984,0.8163558106169297,1.0,0.07745804355973848,0.46539301556379997,0.3878060211629877,Moderate
Nyewente,Town Camp,-23.68779,133.86285,Never recorded,False,0.1,2.0,3.0,4.0,4.0,0.0,4.0,Joint Defence Facility - Pine Gap Medical Clinic (Jdfpg),Alice Springs Hospital,True,False,0,0,11.48,,,,,1.07,Telstra,4G,Macro cell nearby,Amoonguna,11.48,Central Australia,0.0,0.17038007863695936,0.03012912482065997,0.0,0.0,0.05012730086440483,0.040101840691523866,Low
Papunya,Major,-23.20306,131.9111,Has coverage,True,0.0,1.0,1.0,243.0,196.0,104.0,,Papunya Community Health Centre,Alice Springs Hospital,False,False,1,0,0.0,Papunya,Macro cell,TELSTRA,389.0,1.84,Telstra,4G,Macro cell nearby,Papunya Community Health Centre,0.27,,0.0,0.11336828309305373,0.41248206599713055,1.0,0.07745804355973848,0.38146258727254606,0.32066167852998456,Low
Phillipson Bore,Family Outstation,-24.0959299999999,134.43038,Never recorded,False,0.1,8.0,15.0,88.0,85.0,57.0,,Ltyentye Apurte(Santa Teresa),Alice Springs Hospital,False,False,0,0,0.04,Phillipson Bore,Near a cell,TELSTRA,5.0,6.7,Telstra,4G,Tower within 15km (2025),Ltyentye Apurte(Santa Teresa),6.96,Central Australia,0.0,0.264089121887287,0.18220946915351507,1.0,1.0,0.36157464776020054,0.48925971820816044,Low
Pine Hill,Family Outstation,-22.37949,133.05366,Never recorded,False,0.1,68.0,55.0,184.0,125.0,33.0,,Pmara Jutunta(6 Mile),Alice Springs Hospital,False,False,0,0,23.8,,,,,34.31,Telstra,4G,Never recorded,Laramba (Napperby),35.02,Central Australia,1.0,0.5596330275229358,0.2661406025824964,1.0,1.0,0.706443407526358,0.7651547260210865,High
Pinpirnga,Family Outstation,-23.1627499999999,129.46322,Never recorded,False,0.1,20.0,22.0,504.0,461.0,365.0,,Kintore,Alice Springs Hospital,False,False,2,0,14.78,,,,,14.54,Telstra,4G,Tower within 15km (2025),Kintore,14.78,Central Australia,0.0,0.3427260812581914,0.8794835007173601,1.0,1.0,0.5555523954938879,0.6444419163951103,Moderate
Pmara Jutunta,Major,-22.2087799999999,133.430729999999,Has coverage,True,0.0,0.0,0.0,186.0,113.0,0.0,113.0,Pmara Jutunta(6 Mile),Alice Springs Hospital,True,False,2,0,0.0,Pmara Jutunta,Macro cell,TELSTRA,144.0,1.25,Telstra,4G,Macro cell nearby,Pmara Jutunta(6 Mile),0.0,Central Australia,0.0,0.045216251638269984,0.25251076040172166,0.0,0.07745804355973848,0.07443175300999791,0.07503701111994603,Low
Pulardi,Family Outstation,-22.5633199999999,132.379779999999,Never recorded,False,0.3,78.0,66.0,235.0,169.0,9.0,,Yuendumu,Alice Springs Hospital,False,False,2,0,35.39,,,,,35.61,Telstra,4G,Never recorded,Laramba (Napperby),38.79,Central Australia,1.0,0.6218872870249017,0.35294117647058826,1.0,1.0,0.7437071158738725,0.794965692699098,High
Punritjanta,Family Outstation,-24.6739199999999,129.293929999999,Never recorded,False,0.0,38.0,61.0,682.0,519.0,135.0,,Kaltukatjara (Docker River) Community Health Centre,Alice Springs Hospital,False,False,1,0,31.24,,,,,30.89,Telstra,4G,Never recorded,Kaltukatjara (Docker River),31.24,Central Australia,1.0,0.591743119266055,0.9296987087517934,1.0,1.0,0.8803604570044621,0.9042883656035696,Critical
Puta Puta,Family Outstation,-25.0734499999999,129.640449999999,Never recorded,False,0.2,68.0,68.0,606.0,421.0,60.0,,Kaltukatjara (Docker River) Community Health Centre,Alice Springs Hospital,False,False,2,0,60.68,,,,,60.75,Telstra,4G,Never recorded,Kaltukatjara (Docker River),60.68,Central Australia,1.0,0.6297509829619922,0.8335724533715926,1.0,1.0,0.8658308590833962,0.892664687266717,Critical
Puyurru,Family Outstation,-21.33117,130.81753,Never recorded,False,0.6,153.0,125.0,449.0,321.0,73.0,,Yuendumu Community Health Centre,Alice Springs Hospital,False,False,6,0,97.03,,,,,100.35,Telstra,4G,Never recorded,Yuendumu,143.94,Central Australia,1.0,0.8348623853211009,0.6657101865136298,1.0,1.0,0.8751431429586827,0.9001145143669461,Critical
Rodna,Family Outstation,-23.7621299999999,132.67042,Never recorded,False,0.1,32.0,47.0,157.0,141.0,18.0,,Hermannsburg (Ntaria),Alice Springs Hospital,False,False,0,0,8.58,,,,,8.56,Optus,3G/2G,Tower within 15km (2025),Hermannsburg (Ntaria),22.9,Central Australia,0.0,0.5150720838794234,0.2890961262553802,1.0,1.0,0.4510420525337009,0.5608336420269607,Moderate
Santa Teresa,Major,-24.1307,134.3733,Has coverage,True,0.0,0.0,0.0,81.0,72.0,49.0,,Ltyentye Apurte(Santa Teresa),Alice Springs Hospital,False,False,0,0,0.0,Santa Teresa,Macro cell,TELSTRA,561.0,0.29,Telstra,4G,Macro cell nearby,Ltyentye Apurte(Santa Teresa),0.0,Central Australia,0.0,0.045216251638269984,0.1642754662840746,1.0,0.07745804355973848,0.30237292948058614,0.2573899522964166,Low
Atnarara,Family Outstation,-22.0262199999999,134.78721,Never recorded,False,1.1,8.0,8.0,257.0,220.0,151.0,,Urapuntja (Utopia),Alice Springs Hospital,False,False,4,0,0.0,Atnarara,Near a cell,TELSTRA,53.0,6.84,Telstra,5G,Tower within 15km (2025),Urapuntja (Utopia),6.97,Barkly,0.0,0.2129750982961992,0.46771879483500717,1.0,1.0,0.4201734732828016,0.5361387786262413,Low
Arawerr,Minor,-22.01371,134.84618,Never recorded,False,0.0,15.0,17.0,264.0,229.0,155.0,,Urapuntja (Utopia),Alice Springs Hospital,False,False,4,0,6.24,,,,,10.89,Telstra,5G,Tower within 15km (2025),Urapuntja (Utopia),11.05,Barkly,0.0,0.290956749672346,0.4885222381635581,1.0,0.7822564579321335,0.444869746958976,0.5123470891536075,Moderate
Titjikala,Major,-24.67389,134.075839999999,Has coverage,True,0.0,0.0,0.0,203.0,164.0,101.0,,Titjikala (Maryvale),Alice Springs Hospital,False,False,0,0,0.0,Titjikala,Macro cell,TELSTRA,186.0,0.38,Telstra,4G,Macro cell nearby,Titjikala (Maryvale),0.0,Central Australia,0.0,0.045216251638269984,0.34074605451936874,1.0,0.07745804355973848,0.3464905765394097,0.29268406994347546,Low
Tjamangkurra,Family Outstation,-23.9689,132.80529,Never recorded,False,2.2,9.0,17.0,134.0,111.0,6.0,,Hermannsburg (Ntaria),Alice Springs Hospital,False,False,0,0,0.03,Tjamangkurra,Near a cell,TELSTRA,5.0,4.15,Telstra,4G,Tower within 15km (2025),Hermannsburg (Ntaria),3.97,Central Australia,0.0,0.290956749672346,0.24461979913916787,1.0,1.0,0.38389413720287846,0.5071153097623028,Low
Tjulpungu,Family Outstation,-21.83419,131.413479999999,Never recorded,False,0.0,97.0,96.0,393.0,292.0,23.0,,Yuendumu Community Health Centre,Alice Springs Hospital,False,False,4,0,61.05,,,,,61.08,Telstra,4G,Never recorded,Yuendumu,61.05,Central Australia,1.0,0.744429882044561,0.6076040172166427,1.0,1.0,0.8380084748153009,0.8704067798522408,High
Tjunti,Family Outstation,-25.01763,129.401129999999,Never recorded,False,0.5,42.0,42.0,632.0,447.0,85.0,,Kaltukatjara (Docker River) Community Health Centre,Alice Springs Hospital,False,False,2,0,36.07,,,,,36.18,Telstra,4G,Never recorded,Kaltukatjara (Docker River),36.07,Central Australia,1.0,0.4796854521625164,0.866571018651363,1.0,1.0,0.8365641177034698,0.8692512941627758,High
Tjuntinanta,Family Outstation,-24.8518699999999,129.23084,Never recorded,False,0.1,18.0,19.0,661.0,478.0,114.0,,Kaltukatjara (Docker River) Community Health Centre,Alice Springs Hospital,False,False,2,0,15.54,,,,,15.39,Telstra,4G,Never recorded,Kaltukatjara (Docker River),15.54,Central Australia,1.0,0.3197903014416776,0.896700143472023,1.0,1.0,0.8041226112284252,0.8432980889827402,High
Tnawurta,Family Outstation,-23.9989,132.838349999999,Never recorded,False,0.2,10.0,19.0,124.0,108.0,12.0,,Hermannsburg (Ntaria),Alice Springs Hospital,False,False,0,0,4.75,,,,,8.89,Telstra,4G,Tower within 15km (2025),Hermannsburg (Ntaria),8.71,Central Australia,0.0,0.3197903014416776,0.22955523672883787,1.0,1.0,0.38733638454262886,0.5098691076341031,Low
Tnyimipurta,Family Outstation,-23.8877899999999,132.67113,Never recorded,False,0.0,17.0,15.0,141.0,109.0,2.0,,Hermannsburg (Ntaria),Alice Springs Hospital,False,False,0,0,0.03,Tnyimipurta,Near a cell,TELSTRA,8.0,12.32,Telstra,4G,Tower within 15km (2025),Hermannsburg (Ntaria),12.52,Central Australia,0.0,0.264089121887287,0.23529411764705882,1.0,1.0,0.37484580988358646,0.4998766479068692,Low
Urlampe,Family Outstation,-22.4931699999999,137.74252,Never recorded,False,0.2,196.0,203.0,549.0,457.0,374.0,,Bonya,Alice Springs Hospital,False,False,3,0,168.14,,,,,34.05,Optus,4G,Never recorded,Bonya,164.78,Central Australia,1.0,0.937745740498034,0.8766140602582496,1.0,1.0,0.9535899501890709,0.9628719601512568,Critical
Ukaka,Family Outstation,-24.59261,132.37395,Never recorded,False,0.1,110.0,86.0,222.0,172.0,92.0,,Watarrka(Kings Canyon),Alice Springs Hospital,False,False,0,0,60.09,,,,,59.99,Optus,4G,Never recorded,Utju(Areonga),58.65,Central Australia,1.0,0.6946264744429882,0.3629842180774749,1.0,1.0,0.7644026731301158,0.8115221385040925,High
Ukatjupu,Family Outstation,-25.9094899999999,129.10549,Never recorded,False,0.1,145.0,290.0,763.0,708.0,216.0,,Kaltukatjara (Docker River) Community Health Centre,Alice Springs Hospital,False,False,2,0,114.94,,,,,24.62,Telstra,4G,Never recorded,Kaltukatjara (Docker River),114.94,Central Australia,1.0,0.9724770642201835,0.9971305595408895,1.0,1.0,0.9924019059402682,0.9939215247522146,Critical
Ulpanyali,Family Outstation,-24.2309099999999,131.50075,Never recorded,False,0.1,3.0,5.0,332.0,258.0,103.0,,Watarrka(Kings Canyon),Alice Springs Hospital,False,False,1,0,0.0,Ulpanyali,Near a cell,TELSTRA,19.0,2.49,Optus,4G,Macro cell nearby,Watarrka(Kings Canyon),1.7,Central Australia,0.0,0.1913499344692005,0.539454806312769,1.0,1.0,0.4327011851954924,0.5461609481563939,Moderate
Undurana 1C,Family Outstation,-23.75723,132.127219999999,Never recorded,False,0.1,83.0,93.0,208.0,186.0,24.0,,Hermannsburg (Ntaria),Alice Springs Hospital,False,False,1,0,56.04,,,,,43.7,Optus,4G,Never recorded,Utju(Areonga),38.09,Central Australia,1.0,0.7313237221494102,0.3866571018651363,1.0,1.0,0.7794952060036366,0.8235961648029093,High
Arlparra,Family Outstation,-22.0877899999999,134.77476,Has coverage,True,0.2,0.0,1.0,250.0,213.0,151.0,,Urapuntja (Utopia),Alice Springs Hospital,False,False,4,0,0.0,Arlparra,Macro cell,TELSTRA,59.0,0.16,Telstra,5G,Macro cell nearby,Urapuntja (Utopia),0.0,Barkly,0.0,0.11336828309305373,0.45265423242467717,1.0,1.0,0.39150562887943274,0.5132045031035462,Low
Ankerrapw,Family Outstation,-22.2300399999999,134.56306,Never recorded,False,0.2,30.0,39.0,222.0,188.0,125.0,,Urapuntja (Utopia),Alice Springs Hospital,False,False,3,0,26.93,,,,,27.09,Telstra,5G,Never recorded,Urapuntja (Utopia),26.93,Barkly,1.0,0.4639580602883355,0.39096126255380204,1.0,1.0,0.7137298307105344,0.7709838645684275,High
Wallace Rockhole,Major,-24.1245,133.086299999999,Has coverage,True,0.1,0.0,0.0,109.0,103.0,16.0,,Wallace Rockhole,Alice Springs Hospital,False,False,0,0,0.0,Wallace Rockhole,Macro cell,TELSTRA,82.0,0.13,Telstra,5G,Macro cell nearby,Wallace Rockhole,0.0,Central Australia,0.0,0.045216251638269984,0.2187948350071736,1.0,0.07745804355973848,0.3160027716613609,0.26829382604103647,Low
Walytjatjata,Family Outstation,-25.9766699999999,129.46583,Never recorded,False,0.4,176.0,351.0,656.0,649.0,165.0,,Kaltukatjara (Docker River) Community Health Centre,Alice Springs Hospital,False,False,2,0,128.39,,,,,35.49,Telstra,4G,Never recorded,Kaltukatjara (Docker River),128.39,Central Australia,1.0,0.9868938401048493,0.9913916786226685,1.0,1.0,0.9945713796818795,0.9956571037455035,Critical
Wangkari,Family Outstation,-25.1316899999999,129.019329999999,Never recorded,False,0.0,35.0,70.0,686.0,555.0,140.0,,Kaltukatjara (Docker River) Community Health Centre,Alice Springs Hospital,False,False,2,0,29.05,,,,,29.46,Telstra,4G,Never recorded,Kaltukatjara (Docker River),29.05,Central Australia,1.0,0.6376146788990825,0.9512195121951219,1.0,1.0,0.8972085477735511,0.9177668382188408,Critical
Wanmarra,Family Outstation,-24.38841,131.80347,Never recorded,False,0.1,41.0,33.0,293.0,228.0,103.0,,Watarrka(Kings Canyon),Alice Springs Hospital,False,False,0,0,0.07,Wanmarra,Near a cell,TELSTRA,14.0,0.08,Telstra,4G,Macro cell nearby,Watarrka(Kings Canyon),33.8,Central Australia,0.0,0.41874180865006555,0.48637015781922527,1.0,1.0,0.4762779916173227,0.5810223932938582,Moderate
Warren Creek,Family Outstation,-23.2657199999999,131.178679999999,Never recorded,False,0.1,13.0,18.0,322.0,277.0,183.0,,Mt Liebig (Amunturrngu),Alice Springs Hospital,False,False,1,0,5.92,,,,,10.16,Telstra,4G,Tower within 15km (2025),Mt Liebig (Amunturrngu),9.65,Central Australia,0.0,0.30471821756225426,0.5781922525107605,1.0,1.0,0.47072761751825365,0.5765820940146029,Moderate
Warumpi,Family Outstation,-23.1851,131.97514,Never recorded,False,0.1,8.0,14.0,241.0,199.0,102.0,,Papunya Community Health Centre,Alice Springs Hospital,False,False,1,0,0.02,Warumpi,Near a cell,TELSTRA,5.0,5.34,Telstra,4G,Tower within 15km (2025),Papunya Community Health Centre,7.11,,0.0,0.2509829619921363,0.4232424677187948,1.0,1.0,0.4185563574277328,0.5348450859421863,Low
Wayililinypa,Family Outstation,-22.50196,131.446689999999,Never recorded,False,0.1,54.0,103.0,342.0,294.0,50.0,,Yuendumu Community Health Centre,Alice Springs Hospital,False,False,3,0,45.23,,,,,45.67,Telstra,4G,Never recorded,Yuendumu,45.23,Central Australia,1.0,0.765399737876802,0.6133428981348638,1.0,1.0,0.8446856590029165,0.8757485272023331,Critical
Welere,Family Outstation,-22.02194,135.191689999999,Never recorded,False,0.1,67.0,95.0,317.0,307.0,200.0,,Urapuntja (Utopia),Alice Springs Hospital,False,False,4,0,37.67,,,,,41.01,Telstra,4G,Never recorded,Aherrenge (Ampilawatja),40.77,Barkly,1.0,0.7398427260812582,0.6370157819225251,1.0,1.0,0.8442146270009458,0.8753717016007567,Critical
Welmala,Family Outstation,-25.6827799999999,133.261159999999,Never recorded,False,0.0,131.0,90.0,257.0,159.0,3.0,,Imanpa(Mt Ebenezer),Alice Springs Hospital,False,False,0,0,18.01,,,,,17.72,Telstra,4G,Never recorded,Imanpa(Mt Ebenezer),92.68,Central Australia,1.0,0.716251638269987,0.32926829268292684,1.0,1.0,0.7613799827382284,0.8091039861905827,High
West Waterhouse,Family Outstation,-23.9957299999999,133.113389999999,Never recorded,False,0.1,42.0,36.0,93.0,75.0,4.0,,Hermannsburg (Ntaria),Alice Springs Hospital,False,False,0,0,14.58,,,,,14.55,Telstra,5G,Tower within 15km (2025),Wallace Rockhole,14.58,Central Australia,0.0,0.43774574049803405,0.17001434720229555,1.0,1.0,0.4019400219250824,0.5215520175400659,Low
Willowra,Major,-21.24446,132.6139,No coverage,False,0.2,0.0,1.0,338.0,255.0,128.0,,Willowra,Alice Springs Hospital,False,False,3,0,118.7,,,,,0.42,Telstra,4G,Macro cell nearby,Willowra,0.0,Central Australia,0.0,0.11336828309305373,0.5351506456241033,1.0,0.07745804355973848,0.4121297321792893,0.3451953944553791,Low
Wilora,Minor,-21.7410999999999,133.731099999999,No coverage,False,0.1,0.0,1.0,252.0,153.0,0.0,153.0,Wilora Community Health Centre,Alice Springs Hospital,True,False,3,0,27.41,,,,,0.17,Telstra,4G,Macro cell nearby,Wilora Community Health Centre,0.17,,0.0,0.11336828309305373,0.3170731707317073,0.0,0.7822564579321335,0.10761036345619027,0.2425395823513789,Low
Yatjalu,Family Outstation,-22.40643,131.16216,Never recorded,False,0.2,82.0,126.0,378.0,322.0,59.0,,Yuendumu Community Health Centre,Alice Springs Hospital,False,False,3,0,67.29,,,,,67.7,Telstra,4G,Never recorded,Yuendumu,67.29,Central Australia,1.0,0.8394495412844036,0.669296987087518,1.0,1.0,0.8771866320929804,0.9017493056743844,Critical
Yatemans Bore,Family Outstation,-23.6862199999999,131.614409999999,Never recorded,False,0.1,86.0,102.0,266.0,302.0,82.0,,Watarrka(Kings Canyon),Alice Springs Hospital,False,False,1,0,55.29,,,,,59.04,Telstra,4G,Never recorded,Haasts Bluff (Ikuntji),38.02,Central Australia,1.0,0.7608125819134993,0.6284074605451937,1.0,1.0,0.8473050106146732,0.8778440084917385,Critical
Yinyiripalangu,Family Outstation,-22.2104599999999,130.205579999999,Never recorded,False,0.2,82.0,164.0,547.0,547.0,172.0,,Nyirripi Health Centre,Alice Springs Hospital,False,False,5,0,145.18,,,,,60.56,Telstra,4G,Never recorded,Nyirippi(Waite Creek),60.59,Central Australia,1.0,0.8977719528178244,0.9469153515064562,1.0,1.0,0.9611718260810701,0.968937460864856,Critical
Yuwalki,Family Outstation,-23.5634699999999,129.53922,Never recorded,False,0.0,39.0,77.0,539.0,542.0,400.0,,Kintore,Alice Springs Hospital,False,False,2,0,35.54,,,,,35.83,Telstra,4G,Never recorded,Kintore,35.54,Central Australia,1.0,0.6651376146788991,0.9390243902439024,1.0,1.0,0.9010405012307003,0.9208324009845603,Critical
Yuelamu,Major,-22.25835,132.205569999999,No coverage,False,0.1,70.0,86.0,281.0,224.0,28.0,,Yuendumu,Alice Springs Hospital,False,False,4,0,29.36,,,,,0.05,Telstra,4G,Macro cell nearby,Yuendumu,42.23,Central Australia,0.0,0.6946264744429882,0.4784791965566714,1.0,0.07745804355973848,0.543276417749915,0.4501127429118797,Moderate
Yuendumu,Major,-22.2538899999999,131.795289999999,Has coverage,True,0.0,0.0,0.0,294.0,197.0,1.0,,Yuendumu,Alice Springs Hospital,False,False,4,0,0.0,Yuendumu,Macro cell,TELSTRA,617.0,0.44,Telstra,4G,Macro cell nearby,Yuendumu,0.0,Central Australia,0.0,0.045216251638269984,0.41606886657101866,1.0,0.07745804355973848,0.3653212795523222,0.30774863235380545,Low
Yumurrpa,Family Outstation,-21.6273099999999,130.78047,Never recorded,False,1.4,149.0,145.0,445.0,341.0,68.0,,Yuendumu Community Health Centre,Alice Springs Hospital,False,False,5,0,125.27,,,,,116.3,Telstra,4G,Never recorded,Nyirippi(Waite Creek),116.16,Central Australia,1.0,0.8676277850589778,0.7015781922525107,1.0,1.0,0.8923014943278721,0.9138411954622978,Critical
Ali Curung,Major,-21.0033299999999,134.406939999999,Has coverage,True,0.0,0.0,0.0,173.0,108.0,0.0,108.0,Ali Curung,Tennant Creek Hospital,True,False,4,0,0.0,Ali Curung,Macro cell,TELSTRA,394.0,0.09,Telstra,4G,Macro cell nearby,Ali Curung,0.0,Barkly,0.0,0.045216251638269984,0.22955523672883787,0.0,0.07745804355973848,0.06869287209177696,0.07044590638536927,Low
Alpurrurulam,Major,-20.9841699999999,137.847489999999,Has coverage,True,0.1,0.0,0.0,570.0,400.0,141.0,,Alpurrurulam (Lake Nash),Tennant Creek Hospital,False,False,5,0,0.0,Alpurrurulam,Macro cell,TELSTRA,350.0,0.33,Telstra,4G,Macro cell nearby,Alpurrurulam (Lake Nash),0.0,Barkly,0.0,0.045216251638269984,0.787661406025825,1.0,0.07745804355973848,0.45821941441602376,0.38206714024476673,Moderate
Gulunguru,Family Outstation,-19.3543899999999,136.038549999999,Never recorded,False,0.1,259.0,160.0,260.0,161.0,1.0,,Tennant Creek Outstations,Tennant Creek Hospital,False,False,11,0,93.06,,,,,45.38,Telstra,4G,Never recorded,Epenarra (Wutunugurra),148.03,Barkly,1.0,0.8905635648754915,0.3321377331420373,1.0,1.0,0.8056753245043822,0.8445402596035058,High
Bajaminyi,Family Outstation,-17.7748899999999,137.712429999999,Never recorded,False,0.5,288.0,444.0,679.0,656.0,261.0,,Robinson River,Tennant Creek Hospital,False,False,25,0,68.52,,,,,67.41,Telstra,4G,Never recorded,Robinson River,137.04,Big Rivers,1.0,0.9927916120576671,0.9928263988522238,1.0,1.0,0.9964045027274727,0.997123602181978,Critical
Bauhinia Downs,Family Outstation,-16.2151199999999,135.469679999999,Never recorded,False,0.0,113.0,129.0,624.0,448.0,79.0,,Borroloola,Katherine Hospital,False,False,28,0,88.36,,,,,37.52,Telstra,4G,Never recorded,Borroloola,90.92,Big Rivers,1.0,0.8446920052424639,0.8680057388809183,1.0,1.0,0.9281744360308456,0.9425395488246764,Critical
Wada Warra,Family Outstation,-15.74902,136.25224,Never recorded,False,0.1,45.0,47.0,700.0,466.0,10.0,,Borroloola Community Health Centre,Katherine Hospital,False,False,34,2,35.9,,,,,34.36,Telstra,4G,Never recorded,Borroloola,35.9,Big Rivers,1.0,0.5150720838794234,0.8866571018651362,1.0,1.0,0.8504322964361399,0.8803458371489119,Critical
Munji-Marla,Town Camp,-19.6476499999999,134.18279,Never recorded,False,0.1,1.0,1.0,1.0,1.0,0.0,1.0,Tennant Creek Hospital General Practice,Tennant Creek Hospital,True,False,11,0,3.65,,,,,0.31,Optus,4G,Macro cell nearby,Tennant Creek Outstations,0.78,Barkly,0.0,0.11336828309305373,0.003586800573888092,0.0,0.0,0.029238770916735456,0.023391016733388365,Low
Yangulinyina,Family Outstation,-16.8888599999999,137.208959999999,Never recorded,False,0.1,112.0,162.0,719.0,570.0,302.0,,Robinson River,Tennant Creek Hospital,False,False,30,2,28.23,,,,,27.98,Telstra,4G,Never recorded,Robinson River,28.23,Big Rivers,1.0,0.8944954128440367,0.9526542324246772,1.0,1.0,0.9617874113171785,0.9694299290537428,Critical
Canteen Creek,Major,-20.64508,135.58678,No coverage,False,0.1,0.0,0.0,267.0,277.0,178.0,,Canteen Creek,Tennant Creek Hospital,False,False,6,0,118.57,,,,,0.2,Telstra,4G,Macro cell nearby,Canteen Creek,0.0,Barkly,0.0,0.045216251638269984,0.5781922525107605,1.0,0.07745804355973848,0.4058521260372576,0.3401733095417538,Low
Corella Creek,Family Outstation,-18.3668499999999,135.856709999999,Never recorded,False,0.0,328.0,226.0,381.0,246.0,4.0,,Borroloola,Tennant Creek Hospital,False,False,17,0,197.3,,,,,0.09,Telstra,4G,Macro cell nearby,Robinson River,214.77,Big Rivers,0.0,0.9554390563564875,0.5200860832137734,1.0,1.0,0.6188812848925652,0.6951050279140522,Moderate
Mara,Town Camp,-16.05085,136.304739999999,Never recorded,False,0.1,1.0,1.0,661.0,425.0,0.0,425.0,Borroloola Community Health Centre,Katherine Hospital,True,False,32,2,1.88,Borroloola,Macro cell,TELSTRA,755.0,0.34,Telstra,4G,Macro cell nearby,Borroloola,1.88,Big Rivers,0.0,0.11336828309305373,0.8479196556671449,0.0,0.0,0.24032198469004964,0.19225758775203972,Low
Marla Marla,Town Camp,-19.655,134.179,Never recorded,False,0.1,2.0,2.0,2.0,2.0,0.0,2.0,Tennant Creek Outstations,Tennant Creek Hospital,True,False,11,0,4.55,,,,,0.67,Telstra,5G,Macro cell nearby,Tennant Creek Outstations,1.42,Barkly,0.0,0.15072083879423329,0.010760401721664276,0.0,0.0,0.04037031012897439,0.03229624810317951,Low
Elliott South Camp,Town Camp,-17.5621799999999,133.557459999999,Never recorded,False,0.0,2.0,2.0,252.0,152.0,0.0,152.0,Elliot,Tennant Creek Hospital,True,False,21,0,2.06,Elliott,Macro cell,OPTUS/TELSTRA,244.0,1.24,Optus,3G/2G,Macro cell nearby,Elliot,2.06,Barkly,0.0,0.15072083879423329,0.31420373027259685,0.0,0.0,0.11623114226670753,0.09298491381336602,Low
Elliott North Camp,Town Camp,-17.5498899999999,133.535969999999,Never recorded,False,0.1,1.0,1.0,255.0,154.0,0.0,154.0,Elliot,Tennant Creek Hospital,True,False,21,0,0.6,Elliott,Macro cell,OPTUS/TELSTRA,244.0,1.06,Telstra,4G,Macro cell nearby,Elliot,0.6,Barkly,0.0,0.11336828309305373,0.3206599713055954,0.0,0.0,0.10850706359966229,0.08680565087972983,Low
Wutunugurra,Major,-20.4615599999999,135.252409999999,No coverage,False,0.1,0.0,0.0,209.0,175.0,120.0,,Epenarra (Wutunugurra),Tennant Creek Hospital,False,False,6,0,106.58,,,,,1.95,Telstra,4G,Macro cell nearby,Epenarra (Wutunugurra),0.0,Barkly,0.0,0.045216251638269984,0.36872309899569583,1.0,0.07745804355973848,0.3534848376584915,0.2982794788387409,Low
Garawa 1,Town Camp,-16.06879,136.32129,Never recorded,False,0.1,4.0,5.0,660.0,423.0,0.0,423.0,Borroloola,Katherine Hospital,True,False,32,2,1.54,Borroloola,Macro cell,TELSTRA,755.0,2.34,Telstra,4G,Macro cell nearby,Borroloola,1.54,Big Rivers,0.0,0.1913499344692005,0.8414634146341463,0.0,0.0,0.2582033372758367,0.20656266982066937,Low
Jarra Jarra,Family Outstation,-20.8476499999999,133.22064,Never recorded,False,0.0,79.0,157.0,266.0,321.0,115.0,,Willowra,Tennant Creek Hospital,False,False,5,0,102.08,,,,,76.72,Telstra,4G,Never recorded,Willowra,76.89,Central Australia,1.0,0.8840104849279161,0.6657101865136298,1.0,1.0,0.8874301678603864,0.9099441342883091,Critical
Jingaloo,Family Outstation,-17.1131099999999,133.614329999999,Never recorded,False,0.1,69.0,67.0,323.0,219.0,18.0,,Elliot,Tennant Creek Hospital,False,False,18,0,35.94,,,,,22.14,Telstra,4G,Never recorded,Elliot,49.5,Barkly,1.0,0.6258191349934469,0.46413199426111906,1.0,1.0,0.7724877823136416,0.8179902258509133,High
Kalumpurlpa,Family Outstation,-19.0038699999999,133.91809,Never recorded,False,2.3,113.0,101.0,114.0,102.0,21.0,,Tennant Creek Outstations,Tennant Creek Hospital,False,False,15,0,56.88,,,,,56.97,Optus,3G/2G,Never recorded,Tennant Creek Outstations,77.08,Barkly,1.0,0.7575360419397117,0.21449067431850788,1.0,1.0,0.7430066790645549,0.7944053432516439,High
Kangaroo Island,Family Outstation,-15.8884799999999,136.53951,Never recorded,False,1.2,49.0,46.0,704.0,465.0,29.0,,Borroloola Community Health Centre,Katherine Hospital,False,False,33,3,31.86,,,,,30.98,Telstra,4G,Never recorded,Borroloola,31.86,Big Rivers,1.0,0.5058977719528178,0.8845050215208035,1.0,1.0,0.8476006983684052,0.8780805586947242,Critical
Kargaru,Town Camp,-19.6586099999999,134.198059999999,Never recorded,False,0.2,2.0,3.0,3.0,4.0,0.0,4.0,Tennant Creek Outstations,Tennant Creek Hospital,True,False,11,0,4.55,,,,,1.23,Telstra,4G,Macro cell nearby,Tennant Creek Outstations,1.46,Barkly,0.0,0.17038007863695936,0.03012912482065997,0.0,0.0,0.05012730086440483,0.040101840691523866,Low
Kunayungku,Family Outstation,-19.7420899999999,133.724639999999,Never recorded,False,0.0,56.0,103.0,56.0,104.0,49.0,,Tennant Creek Outstations,Tennant Creek Hospital,False,False,10,0,51.36,,,,,49.12,Telstra,5G,Never recorded,Tennant Creek Outstations,49.85,Barkly,1.0,0.765399737876802,0.22166427546628406,1.0,1.0,0.7467660033357715,0.7974128026686171,High
Mungkarta,Minor,-20.3370199999999,134.19843,Never recorded,False,0.0,81.0,54.0,81.0,55.0,4.0,,Tennant Creek Outstations,Tennant Creek Hospital,False,False,6,0,32.86,,,,,25.43,Optus,4G,Never recorded,Tennant Creek Outstations,76.64,Barkly,1.0,0.5543905635648755,0.13629842180774748,1.0,0.7822564579321335,0.6726722463431557,0.6945890886609513,Moderate
Ngalpa Ngalpa,Town Camp,-19.6352899999999,134.193629999999,Never recorded,False,0.0,2.0,1.0,2.0,2.0,0.0,2.0,Tennant Creek Outstations,Tennant Creek Hospital,True,False,11,0,1.98,Hingstons Place,Near a cell,OPTUS/TELSTRA,7.0,1.43,Telstra,4G,Macro cell nearby,Tennant Creek Outstations,1.44,Barkly,0.0,0.11336828309305373,0.010760401721664276,0.0,0.0,0.0310321712036795,0.0248257369629436,Low
Mungalawurru,Family Outstation,-19.3825299999999,133.595519999999,Never recorded,False,0.1,79.0,93.0,79.0,94.0,27.0,,Tennant Creek Outstations,Tennant Creek Hospital,False,False,11,0,64.51,,,,,64.54,Optus,3G/2G,Never recorded,Tennant Creek Outstations,68.95,Barkly,1.0,0.7313237221494102,0.18938307030129126,1.0,1.0,0.7301766981126754,0.7841413584901403,High
Munyalini,Family Outstation,-16.0925899999999,136.18938,Never recorded,False,0.1,18.0,15.0,644.0,413.0,1.0,,Borroloola,Katherine Hospital,False,False,32,2,10.3,,,,,13.2,Telstra,4G,Tower within 15km (2025),Borroloola,12.86,Big Rivers,0.0,0.264089121887287,0.8185078909612625,1.0,1.0,0.5206492532121374,0.6165194025697099,Moderate
Imangara,Minor,-21.0496099999999,134.68117,No coverage,False,0.0,33.0,34.0,205.0,142.0,32.0,,Ali Curung,Tennant Creek Hospital,False,False,5,0,28.92,,,,,28.94,Telstra,4G,Listed: no coverage,Ali Curung,28.92,Barkly,1.0,0.4226736566186107,0.2934002869440459,1.0,0.7822564579321335,0.6790184858906642,0.699666080298958,Moderate
Nudjabarra,Family Outstation,-17.9799799999999,137.969439999999,Never recorded,False,0.1,310.0,487.0,721.0,742.0,305.0,,Robinson River,Tennant Creek Hospital,False,False,21,0,84.75,,,,,71.41,Telstra,4G,Never recorded,Robinson River,171.53,Big Rivers,1.0,0.9960681520314548,0.9985652797704447,1.0,1.0,0.9986583579504749,0.9989266863603798,Critical
Marlinja,Minor,-17.3711099999999,133.40305,Never recorded,True,0.0,28.0,18.0,282.0,171.0,0.0,,Elliot,Tennant Creek Hospital,False,False,20,0,0.0,Marlinja,Near a cell,TELSTRA,36.0,0.65,Telstra,5G,Macro cell nearby,Elliot,24.92,Barkly,0.0,0.30471821756225426,0.3593974175035868,1.0,0.7822564579321335,0.41602890876646026,0.48927441859959486,Low
Nuradidgee,Family Outstation,-20.1143699999999,134.508489999999,Never recorded,False,0.2,73.0,100.0,73.0,101.0,40.0,,Tennant Creek Outstations,Tennant Creek Hospital,False,False,7,0,64.11,,,,,55.05,Optus,4G,Never recorded,Tennant Creek Outstations,61.64,Barkly,1.0,0.7536041939711664,0.20946915351506457,1.0,1.0,0.7407683368715577,0.7926146694972462,High
Pingala,Family Outstation,-19.0932,133.882689999999,Never recorded,False,0.1,100.0,142.0,101.0,143.0,54.0,,Tennant Creek Outstations,Tennant Creek Hospital,False,False,15,0,51.18,,,,,51.26,Optus,3G/2G,Never recorded,Tennant Creek Outstations,69.6,Barkly,1.0,0.8610747051114024,0.29770444763271164,1.0,1.0,0.7896947881860286,0.8317558305488228,High
Wandangula,Minor,-16.0547699999999,136.345579999999,Never recorded,False,0.0,12.0,15.0,667.0,433.0,8.0,,Borroloola,Katherine Hospital,False,False,32,2,4.37,,,,,4.22,Telstra,4G,Tower within 15km (2025),Borroloola,4.37,Big Rivers,0.0,0.264089121887287,0.8550932568149211,1.0,0.7822564579321335,0.529795594675552,0.5802877673268683,Moderate
Bujan,Family Outstation,-16.2690099999999,136.879149999999,Never recorded,False,0.0,78.0,81.0,734.0,499.0,75.0,,Borroloola,Katherine Hospital,False,False,31,3,55.63,,,,,55.52,Telstra,4G,Never recorded,Robinson River,55.63,Big Rivers,1.0,0.682175622542595,0.9088952654232425,1.0,1.0,0.8977677219914594,0.9182141775931676,Critical
Robinson River,Major,-16.75974,136.98057,Has coverage,True,0.1,0.0,0.0,800.0,610.0,141.0,,Robinson River,Katherine Hospital,False,False,28,3,0.0,Robinson River,Small cell,TELSTRA,161.0,0.45,Telstra,4G,Macro cell nearby,Robinson River,0.0,Big Rivers,0.0,0.045216251638269984,0.9813486370157819,1.0,0.07745804355973848,0.506641222163513,0.42080458644275814,Moderate
Wogyala,Family Outstation,-19.00617,135.17821,Never recorded,False,0.0,157.0,143.0,158.0,144.0,35.0,,Tennant Creek Outstations,Tennant Creek Hospital,False,False,13,0,112.52,,,,,100.89,Telstra,4G,Never recorded,Tennant Creek Outstations,125.85,Barkly,1.0,0.8630406290956749,0.3012912482065997,1.0,1.0,0.7910829693255687,0.8328663754604548,High
Jilundarina,Family Outstation,-17.60557,137.57665,Never recorded,False,1.9,232.0,332.0,696.0,597.0,278.0,,Robinson River,Tennant Creek Hospital,False,False,26,0,61.41,,,,,58.84,Telstra,4G,Never recorded,Robinson River,113.38,Big Rivers,1.0,0.9829619921363041,0.9741750358680057,1.0,1.0,0.9892842570010775,0.9914274056008618,Critical
South West Island,Family Outstation,-15.6890199999999,136.688209999999,Never recorded,False,22.0,,,,,,,,,False,True,35,3,58.61,,,,,57.56,Telstra,4G,Never recorded,Borroloola,58.61,Big Rivers,1.0,1.0,1.0,1.0,1.0,1.0,1.0,Critical
Tara,Minor,-21.50658,133.99669,No coverage,False,0.1,0.0,0.0,227.0,153.0,11.0,,Tara(Neutral Junction),Tennant Creek Hospital,False,False,4,0,11.47,,,,,0.14,Telstra,4G,Macro cell nearby,Tara(Neutral Junction),0.0,Barkly,0.0,0.045216251638269984,0.3170731707317073,1.0,0.7822564579321335,0.3405723555924943,0.4289091760604221,Low
Tjoungouri,Family Outstation,-16.17126,136.04365,Never recorded,False,0.1,36.0,28.0,630.0,406.0,3.0,,Borroloola,Katherine Hospital,False,False,31,2,27.82,,,,,29.78,Telstra,4G,Never recorded,Borroloola,30.39,Big Rivers,1.0,0.3951507208387942,0.802725968436155,1.0,1.0,0.7994691723187373,0.8395753378549898,High
Village Camp,Town Camp,-19.656,134.1842,Never recorded,False,0.0,2.0,1.0,1.0,1.0,0.0,1.0,Tennant Creek Outstations,Tennant Creek Hospital,True,False,11,0,4.46,,,,,0.55,Telstra,5G,Macro cell nearby,Tennant Creek Outstations,1.11,Barkly,0.0,0.11336828309305373,0.003586800573888092,0.0,0.0,0.029238770916735456,0.023391016733388365,Low
West Island,Family Outstation,-15.64251,136.50235,Never recorded,False,7.5,59.0,89.0,714.0,507.0,28.0,,Borroloola Community Health Centre,Katherine Hospital,False,False,35,3,51.68,,,,,50.3,Telstra,4G,Never recorded,Borroloola,51.68,Big Rivers,1.0,0.7116644823066841,0.9189383070301291,1.0,1.0,0.9076506973342033,0.9261205578673627,Critical
Wollogorang,Family Outstation,-17.21828,137.988839999999,Never recorded,False,0.0,212.0,260.0,734.0,583.0,318.0,,Robinson River,Tennant Creek Hospital,False,False,29,2,0.04,Wollogorang,Small cell,TELSTRA,7.0,4.57,Telstra,4G,Tower within 15km (2025),Robinson River,118.73,Big Rivers,0.0,0.9672346002621232,0.9612625538020086,1.0,1.0,0.732124288516033,0.7856994308128263,High
Yanyula,Town Camp,-16.0612999999999,136.3083,Never recorded,False,0.0,1.0,1.0,660.0,424.0,0.0,424.0,Borroloola Community Health Centre,Katherine Hospital,True,False,32,2,0.72,Borroloola,Macro cell,TELSTRA,755.0,0.89,Telstra,4G,Macro cell nearby,Borroloola,0.72,Big Rivers,0.0,0.11336828309305373,0.8450502152080345,0.0,0.0,0.23960462457527204,0.19168369966021764,Low
Acacia Larrakia,Family Outstation,-12.8142,131.1715,Has coverage,True,0.1,32.0,25.0,51.0,37.0,4.0,,Remote Territory Healthcare,Palmerston Regional Hospital,False,False,30,1,30.08,,,,,15.67,Telstra,5G,Listed: has coverage (2021),Batchelor,30.08,Top End,0.0,0.37418086500655307,0.11692969870875179,1.0,1.0,0.3727776409288262,0.49822211274306094,Low
Alamirra,Family Outstation,-11.0674499999999,132.528349999999,Never recorded,False,0.1,12.0,23.0,,,,,Red Lily Health Service,,False,False,27,1,0.06,Alamirra,Near a cell,TELSTRA,5.0,10.24,Telstra,4G,Tower within 15km (2025),Minjilang,10.76,Top End,0.0,0.3532110091743119,1.0,1.0,1.0,0.588302752293578,0.6706422018348623,Moderate
Paradise Farm,Family Outstation,-12.9391,132.53271,Never recorded,False,0.1,58.0,41.0,249.0,162.0,1.0,,Jabiru Health Centre,Katherine Hospital,False,False,28,0,0.03,Paradise Farm,Near a cell,TELSTRA,10.0,3.84,Telstra,5G,Tower within 15km (2025),Jabiru,43.89,Top End,0.0,0.47313237221494103,0.336441893830703,1.0,1.0,0.452393566511411,0.5619148532091287,Moderate
Amatjatpalk,Family Outstation,-11.59488,133.45508,Never recorded,False,0.1,14.0,28.0,,,,,Warruwi,,False,False,28,3,9.35,,,,,9.68,Telstra,4G,Tower within 15km (2025),Warruwi,9.35,Top End,0.0,0.3951507208387942,1.0,1.0,1.0,0.5987876802096985,0.6790301441677589,Moderate
Ankabadbirri,Family Outstation,-12.25695,134.41973,Never recorded,False,0.1,39.0,43.0,468.0,380.0,201.0,,Mala'la Primary Health Care Centre,Palmerston Regional Hospital,False,False,20,3,31.3,,,,,30.4,Telstra,5G,Never recorded,Maningrida,31.3,Top End,1.0,0.4855832241153342,0.7539454806312769,1.0,1.0,0.8098821761866528,0.8479057409493223,High
Araru Point,Family Outstation,-11.19364,131.877829999999,Never recorded,False,0.1,292.0,444.0,570.0,631.0,303.0,,Gunbalanya (Oenpelli),Palmerston Regional Hospital,False,False,27,2,72.32,,,,,76.11,Telstra,4G,Never recorded,Minjilang,76.59,Top End,1.0,0.9927916120576671,0.9870875179340028,1.0,1.0,0.9949697824979176,0.995975825998334,Critical
Bagot,Town Camp,-12.4161299999999,130.85515,Never recorded,False,0.1,0.0,0.0,9.0,8.0,0.0,8.0,Danila Dilba - Bagot Clinic,Royal Darwin Hospital,True,False,31,1,21.67,,,,,0.94,Optus,4G,Macro cell nearby,Belyuen,21.67,Top End,0.0,0.045216251638269984,0.05380200860832138,0.0,0.0,0.02475456506164784,0.01980365204931827,Low
Walka,Family Outstation,-11.17957,132.588429999999,Never recorded,False,0.1,9.0,18.0,,,,,Minjilang,,False,False,27,1,3.19,,,,,3.86,Telstra,4G,Tower within 15km (2025),Minjilang,3.38,Top End,0.0,0.30471821756225426,1.0,1.0,1.0,0.5761795543905636,0.6609436435124508,Moderate
Belyuen,Major,-12.5386,130.6999,Has coverage,True,0.1,0.0,0.0,96.0,64.0,0.0,64.0,Belyuen,Palmerston Regional Hospital,True,False,29,1,0.0,Belyuen,Macro cell,TELSTRA,150.0,0.24,Telstra,4G,Macro cell nearby,Belyuen,0.0,Top End,0.0,0.045216251638269984,0.1492109038737446,0.0,0.07745804355973848,0.04860678887800365,0.05437703981435062,Low
Berraja,Family Outstation,-12.0719499999999,134.50486,Never recorded,False,0.0,49.0,79.0,508.0,445.0,241.0,,Mala'la Primary Health Care Centre,Palmerston Regional Hospital,False,False,21,3,24.41,,,,,29.85,Telstra,5G,Never recorded,Maningrida,30.67,Top End,1.0,0.6730013106159896,0.8622668579626973,1.0,1.0,0.8838170421446717,0.9070536337157374,Critical
Bolkdjam,Family Outstation,-12.41151,134.41998,Never recorded,False,0.0,53.0,70.0,468.0,392.0,201.0,,Mala'la Primary Health Care Centre,Palmerston Regional Hospital,False,False,21,2,45.35,,,,,44.62,Telstra,5G,Never recorded,Maningrida,45.43,Top End,1.0,0.6376146788990825,0.7783357245337159,1.0,1.0,0.8539876008581996,0.8831900806865598,Critical
Bulgul,Family Outstation,-13.0838699999999,130.122029999999,Never recorded,False,0.0,141.0,188.0,176.0,211.0,66.0,,Remote Territory Healthcare,Palmerston Regional Hospital,False,False,35,1,61.41,,,,,9.25,Telstra,4G,Tower within 15km (2025),Belyuen,87.19,Top End,0.0,0.9213630406290957,0.4483500717360115,1.0,1.0,0.5924282780912768,0.6739426224730215,Moderate
Buluhkaduru,Family Outstation,-12.4324699999999,134.423069999999,Never recorded,False,0.0,52.0,69.0,467.0,391.0,200.0,,Mala'la Primary Health Care Centre,Palmerston Regional Hospital,False,False,21,2,45.8,,,,,46.85,Telstra,5G,Never recorded,Maningrida,47.65,Top End,1.0,0.6330275229357798,0.7754662840746055,1.0,1.0,0.8521234517525963,0.8816987614020771,Critical
Yilan,Family Outstation,-12.04251,134.62196,Never recorded,False,0.1,,,,,,,,,False,False,20,3,30.07,,,,,32.52,Telstra,4G,Never recorded,Yurrwi (Milingimbi),33.12,East Arnhem,1.0,1.0,1.0,1.0,1.0,1.0,1.0,Critical
Cannon Hill,Family Outstation,-12.3575799999999,132.94593,Never recorded,False,0.1,34.0,41.0,272.0,197.0,11.0,,Gunbalanya Community Health Centre,Palmerston Regional Hospital,False,False,25,1,12.08,,,,,7.79,Optus,4G,Tower within 15km (2025),Gunbalanya (Oenpelli),12.53,Top End,0.0,0.47313237221494103,0.41606886657101866,1.0,1.0,0.47230030969648995,0.577840247757192,Moderate
Tigers Camp,Family Outstation,-11.4740699999999,132.77662,Never recorded,False,0.0,157.0,175.0,436.0,361.0,169.0,,Gunbalanya (Oenpelli),Palmerston Regional Hospital,False,False,27,1,3.87,,,,,42.47,Telstra,4G,Never recorded,Minjilang,41.94,Top End,1.0,0.9076015727391874,0.7288378766140603,1.0,1.0,0.9091098623383119,0.9272878898706495,Critical
Damdam,Family Outstation,-12.1655599999999,134.645289999999,Never recorded,False,0.1,60.0,62.0,467.0,420.0,438.0,,Ramingining Community Health Centre - Milbrim Road,Gove District Hospital,False,False,20,3,23.08,,,,,29.14,Telstra,4G,Never recorded,Yurrwi (Milingimbi),30.66,East Arnhem,1.0,0.5996068152031455,0.8299856527977044,1.0,1.0,0.8573981170002125,0.88591849360017,Critical
Gumeragi,Family Outstation,-11.1688,132.1647,Never recorded,False,0.1,252.0,365.0,531.0,551.0,264.0,,Gunbalanya (Oenpelli),Palmerston Regional Hospital,False,False,27,2,41.22,,,,,44.71,Telstra,4G,Never recorded,Minjilang,45.2,Top End,1.0,0.9895150720838795,0.9497847919655668,1.0,1.0,0.9848249660123616,0.9878599728098892,Critical
Ditchi,Family Outstation,-14.30373,129.408549999999,Never recorded,False,0.0,27.0,53.0,404.0,357.0,165.0,,Wadeye (Port Keats),Palmerston Regional Hospital,False,False,43,0,13.97,,,,,13.93,Telstra,5G,Tower within 15km (2025),Wadeye (Port Keats),13.97,Top End,0.0,0.5484927916120577,0.7216642754662841,1.0,1.0,0.5675392667695854,0.6540314134156684,Moderate
Ji-Bena,Family Outstation,-12.1441799999999,134.526399999999,Never recorded,False,0.1,40.0,60.0,499.0,427.0,232.0,,Mala'la Primary Health Care Centre,Palmerston Regional Hospital,False,False,21,3,30.2,,,,,33.61,Telstra,5G,Never recorded,Maningrida,34.52,Top End,1.0,0.5845347313237221,0.8507890961262554,1.0,1.0,0.8588309568624943,0.8870647654899955,Critical
Gamardi,Family Outstation,-12.27398,134.68321,Never recorded,False,0.1,45.0,45.0,453.0,403.0,423.0,,Ramingining Community Health Centre - Milbrim Road,Gove District Hospital,False,False,21,3,14.66,,,,,27.1,Telstra,5G,Never recorded,Ramingining,27.47,East Arnhem,1.0,0.4986893840104849,0.7948350071736011,1.0,1.0,0.8233810977960215,0.8587048782368172,High
Gamargawan,Family Outstation,-12.6491399999999,134.076459999999,Never recorded,False,10.7,97.0,135.0,468.0,414.0,190.0,,Mala'la Primary Health Care Centre,Palmerston Regional Hospital,False,True,19,2,43.05,,,,,68.13,Telstra,5G,Never recorded,Maningrida,68.42,Top End,1.0,0.8525557011795544,0.8213773314203731,1.0,1.0,0.9184832581499819,0.9347866065199856,Critical
Gochan Jiny Jirra,Minor,-12.1992499999999,134.45751,Never recorded,False,0.0,40.0,50.0,478.0,396.0,211.0,,Mala'la Primary Health Care Centre,Palmerston Regional Hospital,False,False,21,3,28.86,,,,,29.38,Telstra,5G,Never recorded,Maningrida,30.31,Top End,1.0,0.5327653997378768,0.7862266857962698,1.0,0.7822564579321335,0.8297480213835366,0.820249708693256,High
Gorrong-Gorrong,Family Outstation,-12.12294,134.495319999999,Never recorded,False,2.3,36.0,52.0,494.0,418.0,225.0,,Mala'la Primary Health Care Centre,Palmerston Regional Hospital,False,False,21,3,26.08,,,,,29.72,Telstra,5G,Never recorded,Maningrida,30.61,Top End,1.0,0.5425950196592398,0.8263988522238164,1.0,1.0,0.842248467970764,0.8737987743766112,High
Marlwon,Family Outstation,-12.13453,133.863069999999,Never recorded,False,1.7,105.0,109.0,384.0,295.0,115.0,,Gunbalanya (Oenpelli),Palmerston Regional Hospital,False,False,20,3,23.25,,,,,40.95,Telstra,5G,Never recorded,Maningrida,40.29,Top End,1.0,0.7916120576671035,0.6154949784791965,1.0,1.0,0.851776759036575,0.88142140722926,Critical
Kakodbabuldi,Family Outstation,-12.40779,134.15779,Never recorded,False,0.0,66.0,74.0,437.0,353.0,170.0,,Mala'la Primary Health Care Centre,Palmerston Regional Hospital,False,False,20,2,21.09,,,,,39.99,Telstra,5G,Never recorded,Maningrida,40.33,Top End,1.0,0.6566186107470511,0.7202295552367288,1.0,1.0,0.844212041495945,0.8753696331967561,High
Gumarrirnbang,Family Outstation,-12.32945,133.996949999999,Never recorded,False,0.1,96.0,112.0,422.0,345.0,155.0,,Mala'la Primary Health Care Centre,Palmerston Regional Hospital,False,False,20,1,8.09,,,,,39.7,Telstra,5G,Never recorded,Maningrida,39.58,Top End,1.0,0.7968545216251638,0.7073170731707317,1.0,1.0,0.8760428986989739,0.9008343189591791,Critical
Gunbalanya,Major,-12.324,133.056,Has coverage,True,0.1,0.0,0.0,284.0,193.0,12.0,,Gunbalanya (Oenpelli),Palmerston Regional Hospital,False,False,26,1,0.0,Gunbalanya,Macro cell,TELSTRA,1008.0,0.07,Telstra,5G,Macro cell nearby,Gunbalanya (Oenpelli),0.0,Top End,0.0,0.045216251638269984,0.4067431850789096,1.0,0.07745804355973848,0.3629898591792949,0.3058834960553836,Low
Gupanga,Family Outstation,-12.0752,134.5843,Never recorded,False,0.1,50.0,79.0,508.0,446.0,241.0,,Mala'la Primary Health Care Centre,Palmerston Regional Hospital,False,False,20,3,32.73,,,,,35.77,Telstra,4G,Never recorded,Yurrwi (Milingimbi),36.65,East Arnhem,1.0,0.6730013106159896,0.8644189383070301,1.0,1.0,0.8843550622307549,0.907484049784604,Critical
Gurrgurr,Family Outstation,-12.2064399999999,134.009039999999,Never recorded,False,0.0,90.0,93.0,402.0,312.0,135.0,,Mala'la Primary Health Care Centre,Palmerston Regional Hospital,False,False,19,3,6.87,,,,,29.4,Telstra,5G,Never recorded,Maningrida,29.04,Top End,1.0,0.7313237221494102,0.6470588235294118,1.0,1.0,0.8445956364197055,0.8756765091357643,Critical
Humpty Doo,Family Outstation,-12.63105,131.26078,Never recorded,False,0.0,20.0,15.0,39.0,27.0,0.0,27.0,Danila Dilba Health Service Humpty Doo Clinic,Palmerston Regional Hospital,True,False,29,1,52.58,,,,,5.36,Telstra,4G,Tower within 15km (2025),Batchelor,52.58,Top End,0.0,0.264089121887287,0.10258249641319943,0.0,1.0,0.09166790457512161,0.2733343236600973,Low
Ararlagu,Family Outstation,-11.52722,133.39848,Never recorded,False,9.7,19.0,37.0,,,,,Warruwi,,False,False,28,3,13.57,,,,,13.52,Telstra,4G,Tower within 15km (2025),Warruwi,13.57,Top End,0.0,0.4456094364351245,1.0,1.0,1.0,0.6114023591087812,0.689121887287025,Moderate
Injilatparri,Family Outstation,-11.6111299999999,133.41363,Never recorded,False,0.7,10.0,19.0,,,,,Warruwi,,False,False,28,3,4.97,,,,,5.17,Telstra,4G,Tower within 15km (2025),Warruwi,4.97,Top End,0.0,0.3197903014416776,1.0,1.0,1.0,0.5799475753604194,0.6639580602883355,Moderate
Ji-Balbal,Family Outstation,-12.2975499999999,134.619889999999,Never recorded,False,0.1,51.0,53.0,493.0,406.0,226.0,,Ramingining Community Health Centre - Milbrim Road,Palmerston Regional Hospital,False,False,20,3,21.5,,,,,33.47,Telstra,5G,Never recorded,Ramingining,33.86,East Arnhem,1.0,0.5484927916120577,0.802725968436155,1.0,1.0,0.8378046900120532,0.8702437520096424,High
Ji-Marda,Family Outstation,-12.05613,134.615009999999,Never recorded,False,0.1,,,,,,,,,False,False,20,3,30.67,,,,,32.88,Telstra,4G,Never recorded,Yurrwi (Milingimbi),33.59,East Arnhem,1.0,1.0,1.0,1.0,1.0,1.0,1.0,Critical
Ndjudda,Family Outstation,-11.98809,134.247729999999,Never recorded,False,0.1,27.0,43.0,503.0,426.0,236.0,,Mala'la Primary Health Care Centre,Palmerston Regional Hospital,False,False,22,4,5.18,,,,,7.7,Telstra,5G,Tower within 15km (2025),Maningrida,7.45,Top End,0.0,0.4855832241153342,0.8493543758967002,1.0,1.0,0.5837344000030086,0.6669875200024069,Moderate
Knuckey Lagoon Indigenous Village,Town Camp,-12.4365399999999,130.937489999999,Never recorded,False,0.0,2.0,2.0,11.0,10.0,0.0,10.0,Berrimah Family Practice,Palmerston Regional Hospital,True,False,31,1,28.18,,,,,0.98,Telstra,5G,Macro cell nearby,Belyuen,28.18,Top End,0.0,0.15072083879423329,0.058823529411764705,0.0,0.0,0.052386092051499494,0.04190887364119959,Low
Kolorbidahdah,Family Outstation,-12.61309,134.325389999999,Never recorded,False,0.2,77.0,118.0,471.0,421.0,204.0,,Mala'la Primary Health Care Centre,Palmerston Regional Hospital,False,False,20,2,50.27,,,,,62.86,Telstra,5G,Never recorded,Maningrida,63.49,Top End,1.0,0.8171690694626474,0.8335724533715926,1.0,1.0,0.91268538070856,0.9301483045668479,Critical
Kulaluk,Town Camp,-12.39279,130.8489,Never recorded,False,0.0,1.0,2.0,8.0,7.0,0.0,7.0,Territory Medical Pty Ltd T/a Territory Medical Group,Royal Darwin Hospital,True,False,31,1,22.9,,,,,0.38,Optus,4G,Macro cell nearby,Belyuen,22.9,Top End,0.0,0.15072083879423329,0.050932568149210905,0.0,0.0,0.05041335173586105,0.04033068138868884,Low
Kultchill,Family Outstation,-14.42586,129.57391,Never recorded,False,0.0,24.0,47.0,401.0,350.0,162.0,,Wadeye (Port Keats),Palmerston Regional Hospital,False,False,42,0,21.41,,,,,21.43,Telstra,5G,Never recorded,Wadeye (Port Keats),21.41,Top End,1.0,0.5150720838794234,0.7152080344332855,1.0,1.0,0.8075700295781773,0.8460560236625418,High
Mamadawerre,Family Outstation,-12.25629,133.65782,Never recorded,False,0.1,97.0,113.0,375.0,300.0,108.0,,Gunbalanya (Oenpelli),Palmerston Regional Hospital,False,False,24,3,40.51,,,,,65.74,Telstra,5G,Never recorded,Maningrida,65.61,Top End,1.0,0.8007863695937091,0.6233859397417504,1.0,1.0,0.8560430773338649,0.8848344618670918,Critical
Mandilbarreng,Family Outstation,-12.27402,133.58456,Never recorded,False,0.9,73.0,104.0,351.0,291.0,83.0,,Gunbalanya (Oenpelli),Palmerston Regional Hospital,False,False,25,2,48.47,,,,,57.62,Telstra,5G,Never recorded,Gunbalanya (Oenpelli),57.69,Top End,1.0,0.7706422018348624,0.6040172166427547,1.0,1.0,0.8436648546194043,0.8749318836955234,High
Mankorlod,Family Outstation,-12.5650099999999,134.270669999999,Never recorded,False,0.0,78.0,120.0,463.0,404.0,196.0,,Mala'la Primary Health Care Centre,Palmerston Regional Hospital,False,False,20,2,42.38,,,,,56.84,Telstra,5G,Never recorded,Maningrida,57.4,Top End,1.0,0.8230668414154653,0.7962697274031564,1.0,1.0,0.9048341422046554,0.9238673137637242,Critical
Mangardubu,Family Outstation,-12.0937,133.1864,Never recorded,False,16.9,39.0,58.0,318.0,244.0,34.0,,Gunbalanya (Oenpelli),Palmerston Regional Hospital,False,True,24,2,29.27,,,,,29.22,Telstra,5G,Never recorded,Gunbalanya (Oenpelli),29.27,Top End,1.0,0.573394495412844,0.5179340028694405,1.0,1.0,0.7728321245705712,0.8182656996564569,High
Maningrida,Major,-12.0508499999999,134.22363,Has coverage,True,0.1,1.0,1.0,491.0,402.0,222.0,,Maningrida,Palmerston Regional Hospital,False,False,21,4,0.0,Maningrida,Macro cell,TELSTRA,2297.0,0.93,Telstra,5G,Macro cell nearby,Maningrida,0.0,Top End,0.0,0.11336828309305373,0.793400286944046,1.0,0.07745804355973848,0.47669214250927494,0.3968453227193677,Moderate
Manmoyi,Minor,-12.54064,134.110009999999,Never recorded,False,0.2,85.0,112.0,456.0,391.0,189.0,,Mala'la Primary Health Care Centre,Palmerston Regional Hospital,False,False,20,2,31.89,,,,,55.54,Telstra,5G,Never recorded,Maningrida,55.84,Top End,1.0,0.7968545216251638,0.7754662840746055,1.0,0.7822564579321335,0.8930802014249423,0.8709154527263806,Critical
Marrkolidjban,Family Outstation,-12.23751,134.064459999999,Never recorded,False,0.1,82.0,86.0,409.0,320.0,142.0,,Mala'la Primary Health Care Centre,Palmerston Regional Hospital,False,False,20,4,4.75,,,,,27.16,Telstra,5G,Never recorded,Maningrida,27.02,Top End,1.0,0.6946264744429882,0.6628407460545194,1.0,1.0,0.8393668051243769,0.8714934440995016,High
Pandayal,Family Outstation,-13.0747799999999,130.55589,Never recorded,False,0.0,,,,,,,,,False,False,29,1,15.95,,,,,16.06,Optus,4G,Never recorded,Batchelor,51.33,Top End,1.0,1.0,1.0,1.0,1.0,1.0,1.0,Critical
Mewirnbi,Family Outstation,-12.12529,134.768059999999,Never recorded,False,0.0,69.0,81.0,477.0,439.0,447.0,,Ramingining Community Health Centre - Milbrim Road,Gove District Hospital,False,False,21,3,14.94,,,,,15.4,Telstra,4G,Never recorded,Yurrwi (Milingimbi),16.7,East Arnhem,1.0,0.682175622542595,0.8579626972740315,1.0,1.0,0.8850345799541566,0.9080276639633252,Critical
Mikginj Valley,Family Outstation,-12.4796599999999,133.074649999999,Never recorded,False,0.1,29.0,42.0,285.0,211.0,18.0,,Gunbalanya Community Health Centre,Palmerston Regional Hospital,False,False,25,1,15.28,,,,,13.93,Optus,4G,Tower within 15km (2025),Gunbalanya (Oenpelli),17.43,Top End,0.0,0.4796854521625164,0.4483500717360115,1.0,1.0,0.48200888097463196,0.5856071047797056,Moderate
Milikapiti,Major,-11.4216699999999,130.67418,Has coverage,True,0.0,0.0,0.0,,,,,Milikapiti,,False,False,29,2,0.0,Milikapiti,Macro cell,TELSTRA,390.0,0.92,Telstra,4G,Macro cell nearby,Milikapiti,0.0,Top End,0.0,0.045216251638269984,1.0,1.0,0.07745804355973848,0.5113040629095675,0.42453485903960175,Moderate
Malgawa,Family Outstation,-12.83887,133.91826,Never recorded,False,0.0,127.0,196.0,498.0,475.0,231.0,,Mala'la Primary Health Care Centre,Palmerston Regional Hospital,False,False,22,1,65.02,,,,,93.51,Telstra,5G,Never recorded,Maningrida,93.69,Top End,1.0,0.9318479685452162,0.8931133428981348,1.0,1.0,0.9562403278608378,0.9649922622886702,Critical
Mudginberri,Family Outstation,-12.5977199999999,132.873339999999,Never recorded,False,0.1,15.0,12.0,240.0,162.0,1.0,,Jabiru Health Centre,Palmerston Regional Hospital,False,False,25,0,0.05,Mudginberri,Near a cell,OPTUS/TELSTRA,50.0,9.02,Telstra,5G,Tower within 15km (2025),Jabiru,9.63,Top End,0.0,0.23722149410222804,0.336441893830703,1.0,1.0,0.39341584698323273,0.5147326775865861,Low
Waidaboonar,Family Outstation,-11.9382199999999,132.78225,Never recorded,False,0.1,68.0,131.0,347.0,318.0,80.0,,Gunbalanya (Oenpelli),Palmerston Regional Hospital,False,False,25,1,49.31,,,,,52.24,Telstra,5G,Never recorded,Gunbalanya (Oenpelli),52.21,Top End,1.0,0.8479685452162516,0.6585365853658537,1.0,1.0,0.8766262826455263,0.9013010261164212,Critical
Mumeka,Family Outstation,-12.3630599999999,134.135789999999,Never recorded,False,0.2,65.0,68.0,427.0,337.0,160.0,,Mala'la Primary Health Care Centre,Palmerston Regional Hospital,False,False,20,2,15.83,,,,,35.75,Telstra,5G,Never recorded,Maningrida,36.0,Top End,1.0,0.6297509829619922,0.6958393113342898,1.0,1.0,0.8313975735740705,0.8651180588592563,High
Wauk,Family Outstation,-11.5486299999999,132.925009999999,Never recorded,False,0.0,123.0,125.0,402.0,312.0,135.0,,Gunbalanya (Oenpelli),Palmerston Regional Hospital,False,False,26,3,20.05,,,,,51.28,Telstra,4G,Never recorded,Warruwi,51.79,Top End,1.0,0.8348623853211009,0.6470588235294118,1.0,1.0,0.8704803022126282,0.8963842417701026,Critical
Namugardabu,Family Outstation,-12.15779,134.02473,Never recorded,False,0.2,95.0,103.0,403.0,321.0,136.0,,Mala'la Primary Health Care Centre,Palmerston Regional Hospital,False,False,20,3,11.89,,,,,25.15,Telstra,5G,Never recorded,Maningrida,24.68,Top End,1.0,0.765399737876802,0.6657101865136298,1.0,1.0,0.857777481097608,0.8862219848780863,Critical
Kungarrewarl,Family Outstation,-12.34346,133.05617,Never recorded,False,0.0,4.0,6.0,282.0,192.0,15.0,,Gunbalanya (Oenpelli),Palmerston Regional Hospital,False,False,26,1,0.0,Kungarrewarl,Near a cell,TELSTRA,5.0,2.18,Telstra,5G,Macro cell nearby,Gunbalanya (Oenpelli),2.16,Top End,0.0,0.20249017038007863,0.40387374461979914,1.0,1.0,0.4015909787499694,0.5212727829999755,Low
Nangak,Family Outstation,-12.21148,134.28387,Never recorded,False,0.1,22.0,25.0,473.0,384.0,206.0,,Mala'la Primary Health Care Centre,Palmerston Regional Hospital,False,False,20,3,19.02,,,,,18.29,Telstra,5G,Never recorded,Maningrida,19.02,Top End,1.0,0.37418086500655307,0.766857962697274,1.0,1.0,0.7852597069259568,0.8282077655407655,High
Nangu,Family Outstation,-14.3731399999999,129.373349999999,Never recorded,False,0.1,32.0,62.0,409.0,365.0,170.0,,Wadeye (Port Keats),Palmerston Regional Hospital,False,False,44,0,21.66,,,,,21.63,Telstra,5G,Never recorded,Wadeye (Port Keats),21.66,Top End,1.0,0.5996068152031455,0.736728837876614,1.0,1.0,0.8340839132699399,0.8672671306159518,High
Nabarlek,Family Outstation,-12.30829,133.292159999999,Never recorded,False,0.1,38.0,55.0,317.0,242.0,50.0,,Gunbalanya (Oenpelli),Palmerston Regional Hospital,False,False,25,1,25.71,,,,,25.64,Telstra,5G,Never recorded,Gunbalanya (Oenpelli),25.71,Top End,1.0,0.5596330275229358,0.5157819225251076,1.0,1.0,0.7688537375120108,0.8150829900096086,High
Nadirri,Family Outstation,-13.9537599999999,129.76657,Never recorded,False,0.1,52.0,104.0,356.0,340.0,137.0,,Peppimenarti Health Centre,Palmerston Regional Hospital,False,False,41,1,20.35,,,,,40.8,Telstra,4G,Never recorded,Woodyculpaldiya,27.41,Top End,1.0,0.7706422018348624,0.6994261119081779,1.0,1.0,0.8675170784357601,0.8940136627486079,Critical
Nauiyu,Major,-13.7505399999999,130.688929999999,Has coverage,True,0.0,0.0,0.0,205.0,142.0,0.0,142.0,Nauiyu Nambiyu (Daly River),Palmerston Regional Hospital,True,False,33,0,0.0,Nauiyu,Macro cell,TELSTRA,319.0,0.04,Telstra,5G,Macro cell nearby,Nauiyu Nambiyu (Daly River),0.0,Top End,0.0,0.045216251638269984,0.2934002869440459,0.0,0.07745804355973848,0.08465413464557897,0.08321491642841088,Low
Wurrumiyanga,Major,-11.75831,130.63747,Has coverage,True,0.1,1.0,1.0,,,,,Wurrumiyanga (Nguiu),,False,False,31,2,0.0,Wurrumiyanga,Macro cell,TELSTRA,1209.0,0.22,Telstra,4G,Macro cell nearby,Wurrumiyanga (Nguiu),0.0,Top End,0.0,0.11336828309305373,1.0,1.0,0.07745804355973848,0.5283420707732635,0.43816526533055844,Moderate
Palmerston Indigenous Village,Town Camp,-12.4881,131.01168,Never recorded,False,0.0,3.0,3.0,7.0,6.0,0.0,6.0,Arafura Medical - Zuccoli,Palmerston Regional Hospital,True,False,30,1,34.31,,,,,1.0,TPG,4G,Macro cell nearby,Belyuen,34.31,Top End,0.0,0.17038007863695936,0.047345767575322814,0.0,0.0,0.05443146155307055,0.04354516924245644,Low
Nganmarriyanga,Major,-14.3511099999999,129.87889,Has coverage,True,0.1,0.0,0.0,339.0,267.0,99.0,,Palumpa,Palmerston Regional Hospital,False,False,40,0,0.0,Nganmarriyanga,Macro cell,TELSTRA,328.0,0.34,Telstra,4G,Macro cell nearby,Palumpa,0.0,Top End,0.0,0.045216251638269984,0.5559540889526542,1.0,0.07745804355973848,0.40029258514773103,0.33572567683013255,Low
Perrederr,Family Outstation,-14.0196299999999,129.826609999999,Never recorded,False,0.2,44.0,87.0,347.0,323.0,128.0,,Peppimenarti Health Centre,Palmerston Regional Hospital,False,False,41,0,24.74,,,,,31.46,Telstra,4G,Never recorded,Woodyculpaldiya,25.94,Top End,1.0,0.7018348623853211,0.6721664275466284,1.0,1.0,0.8435003224829873,0.8748002579863898,High
Paru,Family Outstation,-11.74982,130.64642,Never recorded,False,0.1,42.0,50.0,,,,,Milikapiti Community Health Centre,,False,False,31,2,0.05,Paru,Near a cell,TELSTRA,5.0,1.26,Telstra,4G,Macro cell nearby,Wurrumiyanga (Nguiu),1.36,Top End,0.0,0.5327653997378768,1.0,1.0,1.0,0.6331913499344692,0.7065530799475754,Moderate
Patonga (Airstrip),Family Outstation,-12.9482599999999,132.569009999999,Never recorded,False,1.2,58.0,45.0,251.0,169.0,4.0,,Jabiru Health Centre,Katherine Hospital,False,False,28,0,4.04,,,,,1.59,Telstra,4G,Macro cell nearby,Jabiru,41.78,Top End,0.0,0.4986893840104849,0.35294117647058826,1.0,1.0,0.4629076401202683,0.5703261120962146,Moderate
Peppimenarti,Major,-14.1503,130.0763,Has coverage,True,0.0,0.0,0.0,304.0,237.0,85.0,,Peppimenarti,Palmerston Regional Hospital,False,False,39,0,0.0,Peppimenarti,Macro cell,TELSTRA,171.0,0.91,Telstra,4G,Macro cell nearby,Peppimenarti,0.0,Top End,0.0,0.045216251638269984,0.5064562410329986,1.0,0.07745804355973848,0.38791812316781715,0.3258261072462014,Low
Pirlangimpi,Major,-11.4059,130.4172,Has coverage,True,0.0,0.0,0.0,,,,,Pirlangimpi,,False,False,30,2,0.0,Pirlangimpi,Macro cell,TELSTRA,289.0,0.41,Telstra,4G,Macro cell nearby,Pirlangimpi,0.0,Top End,0.0,0.045216251638269984,1.0,1.0,0.07745804355973848,0.5113040629095675,0.42453485903960175,Moderate
Railway Dam,Town Camp,-12.4540399999999,130.8439,Never recorded,False,0.1,1.0,1.0,15.0,12.0,0.0,12.0,Vmg Clinics,Royal Darwin Hospital,True,False,30,1,18.24,,,,,0.47,Telstra,5G,Macro cell nearby,Belyuen,18.24,Top End,0.0,0.11336828309305373,0.06456241032998565,0.0,0.0,0.044482673355759846,0.035586138684607874,Low
Redcliff,Family Outstation,-14.01484,129.708129999999,Never recorded,False,1.7,46.0,80.0,401.0,361.0,160.0,,Wadeye Community Health Centre,Palmerston Regional Hospital,False,False,41,0,12.12,,,,,32.25,Telstra,5G,Never recorded,Wadeye (Port Keats),32.22,Top End,1.0,0.6775884665792923,0.7288378766140603,1.0,1.0,0.8516065857983381,0.8812852686386705,Critical
Spring Peak,Family Outstation,-12.96266,132.454239999999,Never recorded,False,0.1,69.0,51.0,202.0,162.0,77.0,,Jabiru Health Centre,Palmerston Regional Hospital,False,False,28,0,8.93,,,,,9.72,Telstra,5G,Tower within 15km (2025),Jabiru,52.1,Top End,0.0,0.5393184796854522,0.336441893830703,1.0,1.0,0.4689400933790388,0.575152074703231,Moderate
Tree Point,Family Outstation,-12.3083899999999,131.01819,Never recorded,False,0.2,45.0,42.0,52.0,46.0,9.0,,Howard Springs Medical Centre,Palmerston Regional Hospital,False,False,31,1,43.01,,,,,6.87,Optus,4G,Tower within 15km (2025),Belyuen,43.01,Top End,0.0,0.4796854521625164,0.1291248206599713,1.0,1.0,0.40220256820562195,0.5217620545644975,Low
Taracumbi,Family Outstation,-11.60806,130.711309999999,Never recorded,False,4.8,33.0,45.0,,,,,Milikapiti Community Health Centre,,False,False,29,2,17.31,,,,,18.37,Telstra,4G,Never recorded,Wurrumiyanga (Nguiu),18.54,Top End,1.0,0.4986893840104849,1.0,1.0,1.0,0.8746723460026212,0.8997378768020969,Critical
Wadeye,Major,-14.2404,129.520499999999,Has coverage,True,0.1,0.0,0.0,383.0,311.0,142.0,,Wadeye (Port Keats),Palmerston Regional Hospital,False,False,42,0,0.0,Wadeye,Macro cell,TELSTRA,1650.0,0.05,Telstra,5G,Macro cell nearby,Wadeye (Port Keats),0.0,Top End,0.0,0.045216251638269984,0.6441893830703013,1.0,0.07745804355973848,0.4223514086771428,0.35337273565366195,Low
Amangal Indigenous Village,Town Camp,-13.2445,131.1041,Never recorded,False,0.0,2.0,2.0,96.0,59.0,0.0,59.0,Adelaide River,Palmerston Regional Hospital,True,False,31,0,0.75,Adelaide River,Macro cell,OPTUS/TELSTRA,317.0,0.52,Telstra,4G,Macro cell nearby,Adelaide River,0.75,Top End,0.0,0.15072083879423329,0.1441893830703013,0.0,0.0,0.07372755546613365,0.05898204437290692,Low
Waminari,Family Outstation,-11.7686099999999,133.397539999999,Never recorded,False,10.3,16.0,31.0,,,,,Warruwi,,False,True,27,3,2.26,Armorran,Near a cell,TELSTRA,8.0,13.48,Telstra,4G,Tower within 15km (2025),Warruwi,13.33,Top End,0.0,0.40629095674967236,1.0,1.0,1.0,0.6015727391874182,0.6812581913499345,Moderate
Warruwi,Major,-11.6489599999999,133.38935,Has coverage,True,0.1,0.0,0.0,,,,,Warruwi,,False,False,27,3,0.0,Warruwi,Macro cell,TELSTRA,391.0,0.51,Telstra,4G,Macro cell nearby,Warruwi,0.0,Top End,0.0,0.045216251638269984,1.0,1.0,0.07745804355973848,0.5113040629095675,0.42453485903960175,Moderate
Ngardinitchi,Family Outstation,-14.1928799999999,129.484309999999,Never recorded,False,1.2,13.0,25.0,395.0,335.0,151.0,,Wadeye (Port Keats),Palmerston Regional Hospital,False,False,42,1,6.57,,,,,6.53,Telstra,5G,Tower within 15km (2025),Wadeye (Port Keats),6.57,Top End,0.0,0.37418086500655307,0.6929698708751794,1.0,1.0,0.5167876839704331,0.6134301471763465,Moderate
Wigu,Family Outstation,-11.6135299999999,133.43225,Never recorded,False,0.1,11.0,21.0,,,,,Warruwi,,False,False,28,3,6.11,,,,,6.45,Telstra,4G,Tower within 15km (2025),Warruwi,6.11,Top End,0.0,0.33551769331585846,1.0,1.0,1.0,0.5838794233289646,0.6671035386631716,Moderate
Wilgi,Family Outstation,-11.49601,132.74947,Never recorded,False,0.3,152.0,164.0,430.0,350.0,163.0,,Gunbalanya (Oenpelli),Palmerston Regional Hospital,False,False,27,1,0.05,Wilgi,Near a cell,TELSTRA,6.0,43.18,Telstra,4G,Small cell or near a cell,Minjilang,42.68,Top End,0.0,0.8977719528178244,0.7152080344332855,1.0,1.0,0.6532449968127775,0.722595997450222,Moderate
Woodycupaldiya,Minor,-13.8592599999999,130.001149999999,Never recorded,False,0.0,0.0,0.0,313.0,299.0,94.0,,Woodyculpaldiya,Palmerston Regional Hospital,False,False,40,0,33.36,,,,,34.16,Telstra,4G,Never recorded,Woodyculpaldiya,0.0,Top End,1.0,0.045216251638269984,0.6212338593974175,1.0,0.7822564579321335,0.6666125277589219,0.6897413137935642,Moderate
Wudapuli,Family Outstation,-14.2135099999999,129.853149999999,Never recorded,False,0.1,24.0,39.0,361.0,303.0,122.0,,Palumpa,Palmerston Regional Hospital,False,False,41,0,15.55,,,,,15.61,Telstra,4G,Never recorded,Palumpa,15.55,Top End,1.0,0.4639580602883355,0.633428981348637,1.0,1.0,0.7743467604092431,0.8194774083273945,High
Wurdeja,Family Outstation,-12.17057,134.660849999999,Never recorded,False,0.1,58.0,58.0,466.0,416.0,436.0,,Ramingining Community Health Centre - Milbrim Road,Gove District Hospital,False,False,20,3,21.38,,,,,27.58,Telstra,4G,Never recorded,Yurrwi (Milingimbi),29.15,East Arnhem,1.0,0.573394495412844,0.8249641319942611,1.0,1.0,0.8495896568517762,0.879671725481421,Critical
Alharrgan,Family Outstation,-13.67507,136.05261,Never recorded,False,0.2,96.0,135.0,398.0,408.0,382.0,,Numbulwar,Gove District Hospital,False,False,26,0,45.91,,,,,19.91,Telstra,4G,Never recorded,Milyakburra (Bickerton Island),19.64,East Arnhem,1.0,0.8525557011795544,0.8098995695839312,1.0,1.0,0.9156138176908714,0.9324910541526972,Critical
Alyingberrma,Family Outstation,-13.8093399999999,136.81691,Never recorded,False,3.1,,,,,,,,,False,False,30,0,5.64,,,,,5.32,Telstra,4G,Tower within 15km (2025),Umbakumba,5.64,East Arnhem,0.0,1.0,1.0,1.0,1.0,0.75,0.8,High
Amanburnunga,Family Outstation,-13.9264099999999,136.69486,Never recorded,False,0.1,19.0,22.0,,,,,Umbakumba,,False,False,31,0,14.58,,,,,14.86,Telstra,4G,Tower within 15km (2025),Umbakumba,14.58,East Arnhem,0.0,0.3427260812581914,1.0,1.0,1.0,0.5856815203145478,0.6685452162516382,Moderate
Amirraba,Family Outstation,-13.9086799999999,136.857869999999,Never recorded,False,0.1,8.0,15.0,,,,,Umbakumba,,False,False,31,0,7.42,,,,,7.54,Telstra,4G,Tower within 15km (2025),Umbakumba,7.42,East Arnhem,0.0,0.264089121887287,1.0,1.0,1.0,0.5660222804718218,0.6528178243774574,Moderate
Andanangki,Family Outstation,-13.60962,135.765029999999,Never recorded,False,0.2,89.0,88.0,327.0,298.0,312.0,,Numbulwar,Gove District Hospital,False,False,25,0,74.49,,,,,50.74,Telstra,4G,Never recorded,Milyakburra (Bickerton Island),50.41,East Arnhem,1.0,0.7064220183486238,0.6197991391678622,1.0,1.0,0.8315552893791215,0.8652442315032971,High
Angurugu,Major,-13.9822399999999,136.460569999999,Has coverage,True,0.1,0.0,0.0,,,,,Angurugu Primary Health Centre,,False,False,31,0,0.0,Angurugu,Macro cell,TELSTRA,883.0,2.09,Telstra,4G,Macro cell nearby,Angurugu,0.0,East Arnhem,0.0,0.045216251638269984,1.0,1.0,0.07745804355973848,0.5113040629095675,0.42453485903960175,Moderate
Balma,Family Outstation,-13.24939,135.848569999999,Never recorded,False,0.1,100.0,113.0,269.0,253.0,254.0,,Gapuwiyak,Gove District Hospital,False,False,24,0,83.1,,,,,70.47,Telstra,4G,Never recorded,Milyakburra (Bickerton Island),70.3,East Arnhem,1.0,0.8007863695937091,0.5308464849354376,1.0,1.0,0.8329082136322866,0.8663265709058294,High
Banthula,Family Outstation,-11.8358499999999,135.873649999999,Never recorded,False,0.1,45.0,89.0,,,,,Galiwin'ku Health Centre,,False,False,25,3,36.95,,,,,39.61,Telstra,5G,Never recorded,Galiwin'ku (Elcho Island),39.4,East Arnhem,1.0,0.7116644823066841,1.0,1.0,1.0,0.927916120576671,0.9423328964613369,Critical
Baniyala,Minor,-13.2004,136.2261,Never recorded,False,0.1,123.0,173.0,206.0,237.0,190.0,,Gapuwiyak,Gove District Hospital,False,False,26,0,73.24,,,,,64.92,Telstra,4G,Never recorded,Milyakburra (Bickerton Island),64.96,East Arnhem,1.0,0.9049803407601573,0.5064562410329986,1.0,0.7822564579321335,0.852859145448289,0.8387386079450578,Critical
Bawaka,Family Outstation,-12.53365,136.764019999999,Never recorded,False,0.7,48.0,65.0,52.0,67.0,36.0,,Laynhapuy Homelands,Gove District Hospital,False,False,27,1,30.46,,,,,17.22,Telstra,4G,Never recorded,Laynhapuy Homelands,34.17,East Arnhem,1.0,0.6146788990825688,0.15423242467718795,1.0,1.0,0.6922278309399392,0.7537822647519514,Moderate
Baygurrtji,Family Outstation,-13.1578699999999,135.866539999999,Never recorded,False,0.1,102.0,118.0,271.0,258.0,255.0,,Gapuwiyak,Gove District Hospital,False,False,25,0,73.09,,,,,73.1,Telstra,4G,Never recorded,Gapuwiyak,73.09,East Arnhem,1.0,0.8171690694626474,0.539454806312769,1.0,1.0,0.8391559689438541,0.8713247751550833,High
Birany Birany,Minor,-12.8170299999999,136.476689999999,Never recorded,False,0.1,104.0,109.0,141.0,135.0,126.0,,Gapuwiyak,Gove District Hospital,False,False,27,0,62.87,,,,,59.61,Telstra,4G,Never recorded,Gunyangara,71.37,East Arnhem,1.0,0.7916120576671035,0.27905308464849354,1.0,0.7822564579321335,0.7676662855788993,0.7705843200495461,High
Bodia,Family Outstation,-12.0768799999999,134.896279999999,Never recorded,False,0.1,5.0,8.0,,,,,Yurrwi (Milingimbi),,False,False,21,3,0.0,Bodia,Near a cell,TELSTRA,29.0,5.26,Telstra,4G,Tower within 15km (2025),Yurrwi (Milingimbi),3.94,East Arnhem,0.0,0.2129750982961992,1.0,1.0,1.0,0.5532437745740498,0.6425950196592398,Moderate
Bukudal,Family Outstation,-12.9664699999999,136.613529999999,Never recorded,False,0.1,135.0,171.0,172.0,197.0,157.0,,Gapuwiyak,Gove District Hospital,False,False,27,0,76.48,,,,,67.97,Telstra,4G,Never recorded,Gunyangara,84.11,East Arnhem,1.0,0.9030144167758847,0.41606886657101866,1.0,1.0,0.8297708208367258,0.8638166566693807,High
Bularring,Family Outstation,-12.04636,135.703419999999,Never recorded,False,0.0,131.0,222.0,300.0,362.0,285.0,,Gapuwiyak,Gove District Hospital,False,False,24,3,11.93,,,,,15.24,Telstra,5G,Never recorded,Galiwin'ku (Elcho Island),15.12,East Arnhem,1.0,0.9528178243774574,0.7317073170731707,1.0,1.0,0.921131285362657,0.9369050282901256,Critical
Bundatharri,Family Outstation,-12.23568,134.84672,Never recorded,False,0.3,26.0,38.0,434.0,395.0,404.0,,Ramingining Community Health Centre - Milbrim Road,Gove District Hospital,False,False,22,3,6.52,,,,,13.46,Telstra,5G,Tower within 15km (2025),Ramingining,13.67,East Arnhem,0.0,0.4534731323722149,0.7833572453371592,1.0,1.0,0.5592075944273436,0.6473660755418749,Moderate
Rorruwuy,Minor,-12.2029199999999,136.295639999999,Never recorded,False,0.1,136.0,203.0,139.0,204.0,124.0,,Laynhapuy Homelands,Gove District Hospital,False,False,26,2,37.25,,,,,43.1,Telstra,4G,Never recorded,Gunyangara,44.59,East Arnhem,1.0,0.937745740498034,0.43543758967001434,1.0,0.7822564579321335,0.8432958325420121,0.8310879576200364,High
Burrum,Family Outstation,-12.3094,135.960499999999,Never recorded,False,0.0,36.0,72.0,254.0,260.0,237.0,,Gapuwiyak Community Health Centre,Gove District Hospital,False,False,26,2,26.88,,,,,27.48,Telstra,4G,Never recorded,Gapuwiyak,27.32,East Arnhem,1.0,0.645478374836173,0.5444763271162123,1.0,1.0,0.7974886754880963,0.8379909403904771,High
Darrangmurmanja,Family Outstation,-13.72486,136.59277,Never recorded,False,0.1,39.0,61.0,,,,,Umbakumba,,False,False,27,0,18.17,,,,,21.87,Telstra,4G,Never recorded,Alyangula,23.39,East Arnhem,1.0,0.591743119266055,1.0,1.0,1.0,0.8979357798165137,0.918348623853211,Critical
Dhalinybuy,Minor,-12.4125,136.387799999999,Never recorded,False,0.0,81.0,92.0,84.0,94.0,69.0,,Laynhapuy Homelands,Gove District Hospital,False,False,26,1,32.84,,,,,41.21,Telstra,4G,Never recorded,Gunyangara,40.9,East Arnhem,1.0,0.7260812581913499,0.18938307030129126,1.0,0.7822564579321335,0.7288660821231603,0.7395441572849549,High
Dhamiyaka,Family Outstation,-12.6564,135.85557,Never recorded,False,0.1,20.0,27.0,211.0,187.0,195.0,,Gapuwiyak,Gove District Hospital,False,False,23,1,17.87,,,,,17.93,Telstra,4G,Never recorded,Gapuwiyak,17.87,East Arnhem,1.0,0.3885976408912189,0.38880918220946914,1.0,1.0,0.694351705775172,0.7554813646201376,Moderate
Dharrni,Family Outstation,-13.7498299999999,136.020049999999,Never recorded,False,0.1,86.0,115.0,388.0,388.0,372.0,,Numbulwar,Gove District Hospital,False,False,26,0,47.05,,,,,19.71,Telstra,4G,Never recorded,Milyakburra (Bickerton Island),19.36,East Arnhem,1.0,0.8086500655307994,0.7704447632711621,1.0,1.0,0.8947737072004904,0.9158189657603923,Critical
Dhipirrinjura,Family Outstation,-12.2480599999999,135.097569999999,Never recorded,False,9.2,22.0,44.0,439.0,410.0,396.0,,Ramingining,Gove District Hospital,False,False,21,3,0.0,Dhipirrinjura,Near a cell,TELSTRA,30.0,20.63,Telstra,5G,Small cell or near a cell,Ramingining,20.25,East Arnhem,0.0,0.4921363040629096,0.8149210903873745,1.0,1.0,0.5767643486125711,0.6614114788900569,Moderate
Dholtji,Family Outstation,-11.94835,136.46161,Never recorded,False,6.7,146.0,223.0,149.0,224.0,127.0,,Laynhapuy Homelands,Gove District Hospital,False,False,24,3,36.95,,,,,36.82,Telstra,4G,Never recorded,Gunyangara,39.83,East Arnhem,1.0,0.9541284403669725,0.4784791965566714,1.0,1.0,0.858151909230911,0.8865215273847287,Critical
Dhupuwamirri,Family Outstation,-12.6679599999999,135.392179999999,Never recorded,False,0.0,78.0,96.0,247.0,236.0,231.0,,Gapuwiyak,Gove District Hospital,False,False,24,1,48.46,,,,,48.26,Telstra,4G,Never recorded,Gapuwiyak,48.49,East Arnhem,1.0,0.744429882044561,0.5021520803443329,1.0,1.0,0.8116454905972235,0.8493163924777788,High
Rurrangala,Family Outstation,-12.9042499999999,136.253819999999,Never recorded,False,0.0,90.0,106.0,172.0,171.0,157.0,,Gapuwiyak,Gove District Hospital,False,False,26,0,65.95,,,,,66.12,Telstra,4G,Never recorded,Gapuwiyak,65.95,East Arnhem,1.0,0.7785058977719528,0.3593974175035868,1.0,1.0,0.7844758288188849,0.8275806630551079,High
Borogomarra,Family Outstation,-12.2415899999999,134.97834,Never recorded,False,2.6,18.0,36.0,435.0,401.0,398.0,,Ramingining,Gove District Hospital,False,False,21,3,6.45,,,,,11.18,Telstra,5G,Tower within 15km (2025),Ramingining,10.93,East Arnhem,0.0,0.43774574049803405,0.7905308464849354,1.0,1.0,0.5570691467457424,0.6456553173965939,Moderate
Djarrakpi,Family Outstation,-13.2969099999999,136.351619999999,Never recorded,False,0.0,160.0,220.0,197.0,246.0,181.0,,Gapuwiyak,Gove District Hospital,False,False,26,0,59.25,,,,,56.57,Telstra,4G,Never recorded,Milyakburra (Bickerton Island),56.71,East Arnhem,1.0,0.9515072083879423,0.5200860832137734,1.0,1.0,0.8678983229004289,0.8943186583203431,Critical
Djurranalpi,Family Outstation,-11.84684,135.872919999999,Never recorded,False,0.5,45.0,88.0,,,,,Galiwin'ku Health Centre,,False,False,25,3,36.31,,,,,38.91,Telstra,5G,Never recorded,Galiwin'ku (Elcho Island),38.7,East Arnhem,1.0,0.7064220183486238,1.0,1.0,1.0,0.926605504587156,0.9412844036697248,Critical
Donydji,Family Outstation,-12.89045,135.47028,Never recorded,False,0.1,84.0,81.0,253.0,221.0,237.0,,Gapuwiyak,Gove District Hospital,False,False,25,1,56.38,,,,,56.22,Telstra,4G,Never recorded,Gapuwiyak,56.38,East Arnhem,1.0,0.682175622542595,0.47058823529411764,1.0,1.0,0.7881909644591781,0.8305527715673424,High
Galawdjapin,Family Outstation,-12.2869499999999,134.817509999999,Never recorded,False,1.0,18.0,22.0,426.0,380.0,395.0,,Ramingining Community Health Centre - Milbrim Road,Gove District Hospital,False,False,22,3,0.0,Galawdjapin,Near a cell,TELSTRA,12.0,12.69,Telstra,5G,Tower within 15km (2025),Ramingining,13.04,East Arnhem,0.0,0.3427260812581914,0.7539454806312769,1.0,1.0,0.524167890472367,0.6193343123778936,Moderate
Gilirri,Family Outstation,-12.33029,134.816949999999,Never recorded,False,0.1,14.0,15.0,422.0,373.0,393.0,,Ramingining Community Health Centre - Milbrim Road,Gove District Hospital,False,False,21,3,4.82,,,,,11.89,Telstra,5G,Tower within 15km (2025),Ramingining,12.28,East Arnhem,0.0,0.264089121887287,0.7460545193687231,1.0,1.0,0.5025359103140026,0.602028728251202,Moderate
Galiwinku,Major,-12.0235,135.5664,Has coverage,True,0.0,0.0,0.0,,,,,Galiwin'ku (Elcho Island),,False,False,23,3,0.0,Galiwinku,Macro cell,TELSTRA,2027.0,0.21,Telstra,5G,Macro cell nearby,Galiwin'ku (Elcho Island),0.0,East Arnhem,0.0,0.045216251638269984,1.0,1.0,0.07745804355973848,0.5113040629095675,0.42453485903960175,Moderate
Bayagida,Family Outstation,-12.04269,134.92821,Never recorded,False,5.3,10.0,18.0,,,,,Yurrwi (Milingimbi),,False,False,22,3,5.15,,,,,9.08,Telstra,4G,Tower within 15km (2025),Yurrwi (Milingimbi),6.83,East Arnhem,0.0,0.30471821756225426,1.0,1.0,1.0,0.5761795543905636,0.6609436435124508,Moderate
Galupa,Family Outstation,-12.1925,136.6892,Never recorded,False,0.1,5.0,6.0,12.0,9.0,0.0,,Gunyangara,Gove District Hospital,False,False,25,1,3.12,,,,,0.34,Telstra,4G,Macro cell nearby,Gunyangara,3.12,East Arnhem,0.0,0.20249017038007863,0.05667144906743185,1.0,1.0,0.3147904048618776,0.45183232388950206,Low
Galaru,Family Outstation,-12.16601,136.757319999999,Never recorded,False,0.4,6.0,8.0,6.0,8.0,2.0,,Nhulunbuy Urban,Gove District Hospital,False,False,26,2,7.85,,,,,2.73,Optus,4G,Macro cell nearby,Nhulunbuy Urban,3.12,East Arnhem,0.0,0.2129750982961992,0.05380200860832138,1.0,1.0,0.31669427672613015,0.4533554213809041,Low
Gumuruguru,Family Outstation,-12.06001,134.763059999999,Never recorded,False,7.3,76.0,95.0,484.0,453.0,447.0,,Ramingining Community Health Centre - Milbrim Road,Gove District Hospital,False,False,21,3,14.61,,,,,17.39,Telstra,4G,Never recorded,Yurrwi (Milingimbi),17.75,East Arnhem,1.0,0.7398427260812582,0.8723098995695839,1.0,1.0,0.9030381564127106,0.9224305251301684,Critical
Gan Gan,Minor,-13.0460499999999,135.943539999999,Never recorded,False,0.1,103.0,141.0,202.0,220.0,186.0,,Gapuwiyak,Gove District Hospital,False,False,27,0,62.18,,,,,62.23,Telstra,4G,Never recorded,Gapuwiyak,62.18,East Arnhem,1.0,0.8597640891218873,0.46771879483500717,1.0,0.7822564579321335,0.8318707209892237,0.8219478683778056,High
Ganpura,Family Outstation,-11.88523,135.812349999999,Never recorded,False,3.3,36.0,70.0,,,,,Galiwin'ku Health Centre,,False,False,25,3,28.51,,,,,31.06,Telstra,5G,Never recorded,Galiwin'ku (Elcho Island),30.86,East Arnhem,1.0,0.6376146788990825,1.0,1.0,1.0,0.9094036697247706,0.9275229357798164,Critical
Gapuwiyak,Major,-12.5032199999999,135.805869999999,Has coverage,True,0.0,0.0,0.0,218.0,188.0,201.0,,Gapuwiyak,Gove District Hospital,False,False,23,2,0.0,Gapuwiyak,Macro cell,TELSTRA,645.0,0.25,Telstra,4G,Macro cell nearby,Gapuwiyak,0.0,East Arnhem,0.0,0.045216251638269984,0.39096126255380204,1.0,0.07745804355973848,0.359044378548018,0.30272711155036214,Low
Mooronga,Family Outstation,-11.9211899999999,135.0749,Never recorded,False,0.1,,,,,,,,,False,False,24,3,26.02,,,,,28.69,Telstra,4G,Never recorded,Yurrwi (Milingimbi),26.36,East Arnhem,1.0,1.0,1.0,1.0,1.0,1.0,1.0,Critical
Garriyak,Family Outstation,-12.14861,135.562839999999,Never recorded,False,0.0,112.0,185.0,281.0,324.0,266.0,,Gapuwiyak,Gove District Hospital,False,False,23,3,10.68,,,,,13.77,Telstra,5G,Tower within 15km (2025),Galiwin'ku (Elcho Island),13.92,East Arnhem,0.0,0.9154652686762779,0.6750358680057389,1.0,1.0,0.6476252841705041,0.7181002273364033,Moderate
Garrthalala,Family Outstation,-12.76305,136.569179999999,Never recorded,False,0.0,119.0,126.0,122.0,128.0,107.0,,Laynhapuy Homelands,Gove District Hospital,False,False,26,1,54.57,,,,,49.09,Telstra,4G,Never recorded,Gunyangara,62.67,East Arnhem,1.0,0.8394495412844036,0.26901004304160686,1.0,1.0,0.7771148960815026,0.8216919168652022,High
Gatji,Family Outstation,-12.2730599999999,134.82029,Never recorded,False,0.0,20.0,25.0,428.0,383.0,398.0,,Ramingining Community Health Centre - Milbrim Road,Gove District Hospital,False,False,22,3,1.57,Galawdjapin,Near a cell,TELSTRA,12.0,13.06,Telstra,5G,Tower within 15km (2025),Ramingining,13.38,East Arnhem,0.0,0.37418086500655307,0.7647058823529411,1.0,1.0,0.5347216868398735,0.6277773494718988,Moderate
Gawa,Family Outstation,-11.76032,135.90485,Never recorded,False,0.1,57.0,113.0,,,,,Galiwin'ku Health Centre,,False,False,25,3,44.31,,,,,47.25,Telstra,5G,Never recorded,Galiwin'ku (Elcho Island),47.04,East Arnhem,1.0,0.8007863695937091,1.0,1.0,1.0,0.9501965923984272,0.9601572739187418,Critical
Gikal,Family Outstation,-12.05218,136.320369999999,Never recorded,False,0.3,134.0,198.0,137.0,200.0,121.0,,Laynhapuy Homelands,Gove District Hospital,False,False,25,2,39.86,,,,,43.25,Telstra,4G,Never recorded,Gunyangara,45.65,East Arnhem,1.0,0.9331585845347313,0.4268292682926829,1.0,1.0,0.8399969632068536,0.8719975705654829,High
Gitan,Family Outstation,-11.91169,135.78183,Never recorded,False,0.1,35.0,68.0,,,,,Galiwin'ku Health Centre,,False,False,25,3,24.29,,,,,26.73,Telstra,5G,Never recorded,Galiwin'ku (Elcho Island),26.53,East Arnhem,1.0,0.6297509829619922,1.0,1.0,1.0,0.9074377457404981,0.9259501965923984,Critical
Gulmarri,Family Outstation,-11.9170099999999,135.82229,Never recorded,False,0.1,33.0,65.0,,,,,Galiwin'ku Health Centre,,False,False,25,3,28.23,,,,,30.45,Telstra,5G,Never recorded,Galiwin'ku (Elcho Island),30.25,East Arnhem,1.0,0.6146788990825688,1.0,1.0,1.0,0.9036697247706422,0.9229357798165138,Critical
Gunyangara,Minor,-12.21542,136.70569,Has coverage,True,0.1,0.0,0.0,13.0,11.0,0.0,11.0,Gunyangara,Gove District Hospital,True,False,25,1,0.0,Gunyangara,Near a cell,OPTUS/TELSTRA,209.0,3.09,Telstra,4G,Tower within 15km (2025),Gunyangara,0.0,East Arnhem,0.0,0.045216251638269984,0.06097560975609756,0.0,0.7822564579321335,0.026547965348591884,0.17768966386530022,Low
Gurkawuy,Family Outstation,-12.97616,136.50362,Never recorded,False,0.0,123.0,145.0,160.0,171.0,144.0,,Gapuwiyak,Gove District Hospital,False,False,28,0,79.2,,,,,73.35,Telstra,4G,Never recorded,Gunyangara,87.39,East Arnhem,1.0,0.8676277850589778,0.3593974175035868,1.0,1.0,0.8067563006406411,0.8454050405125129,High
Gurrumuru,Minor,-12.5922399999999,136.231679999999,Never recorded,False,0.2,104.0,119.0,160.0,161.0,144.0,,Gapuwiyak,Gove District Hospital,False,False,25,1,47.27,,,,,47.5,Telstra,4G,Never recorded,Gapuwiyak,47.27,East Arnhem,1.0,0.8197903014416776,0.3321377331420373,1.0,0.7822564579321335,0.7879820086459287,0.7868368985031696,High
Langarra,Family Outstation,-12.0991799999999,135.36168,Never recorded,False,16.4,122.0,206.0,292.0,345.0,260.0,,Gapuwiyak,Gove District Hospital,False,True,22,3,22.27,,,,,23.61,Telstra,5G,Never recorded,Galiwin'ku (Elcho Island),23.8,East Arnhem,1.0,0.9410222804718218,0.7073170731707317,1.0,1.0,0.9120848384106384,0.9296678707285106,Critical
Malkala,Family Outstation,-13.8914,136.442239999999,Never recorded,False,0.3,6.0,6.0,,,,,Alyangula,,False,False,29,0,0.0,Malkala,Near a cell,TELSTRA,71.0,4.99,Telstra,4G,Tower within 15km (2025),Alyangula,5.18,East Arnhem,0.0,0.20249017038007863,1.0,1.0,1.0,0.5506225425950196,0.6404980340760157,Moderate
Malnjangarnak,Family Outstation,-12.66057,134.773349999999,Never recorded,False,0.1,52.0,58.0,377.0,333.0,348.0,,Ramingining Community Health Centre - Milbrim Road,Gove District Hospital,False,False,22,1,40.72,,,,,40.51,Telstra,5G,Never recorded,Ramingining,40.72,East Arnhem,1.0,0.573394495412844,0.6901004304160688,1.0,1.0,0.8158737314572282,0.8526989851657826,High
Mapuru,Minor,-12.2531799999999,135.43779,Never recorded,False,0.1,106.0,173.0,275.0,312.0,260.0,,Gapuwiyak,Gove District Hospital,False,False,22,3,26.01,,,,,28.91,Telstra,5G,Never recorded,Galiwin'ku (Elcho Island),29.12,East Arnhem,1.0,0.9049803407601573,0.6470588235294118,1.0,0.7822564579321335,0.8880097910723923,0.8668591244443405,Critical
Marraya,Family Outstation,-13.83939,135.80099,Never recorded,False,0.1,57.0,58.0,362.0,334.0,347.0,,Numbulwar,Gove District Hospital,False,False,26,0,49.33,,,,,43.44,Telstra,4G,Never recorded,Milyakburra (Bickerton Island),43.08,East Arnhem,1.0,0.573394495412844,0.6915351506456241,1.0,1.0,0.816232411514617,0.8529859292116935,High
Martjanba,Family Outstation,-11.1700599999999,136.70702,Never recorded,False,69.2,,,,,,,,,False,True,24,3,102.21,,,,,112.71,Optus,4G,Never recorded,Nhulunbuy Urban,113.33,East Arnhem,1.0,1.0,1.0,1.0,1.0,1.0,1.0,Critical
Matamata,Family Outstation,-12.07676,136.27125,Never recorded,False,0.1,135.0,201.0,138.0,203.0,123.0,,Laynhapuy Homelands,Gove District Hospital,False,False,26,2,43.39,,,,,47.47,Telstra,4G,Never recorded,Gunyangara,49.68,East Arnhem,1.0,0.9357798165137615,0.4332855093256815,1.0,1.0,0.8422663314598607,0.8738130651678887,High
Mawulyumanja,Family Outstation,-13.8427799999999,136.723349999999,Never recorded,False,0.1,19.0,23.0,,,,,Umbakumba,,False,False,31,0,9.66,,,,,9.76,Telstra,4G,Tower within 15km (2025),Umbakumba,9.66,East Arnhem,0.0,0.3532110091743119,1.0,1.0,1.0,0.588302752293578,0.6706422018348623,Moderate
Milingimbi,Major,-12.1036,134.9201,Has coverage,True,0.1,0.0,0.0,,,,,Yurrwi (Milingimbi),,False,False,21,3,0.0,Milingimbi,Macro cell,TELSTRA,1025.0,2.37,Telstra,4G,Macro cell nearby,Yurrwi (Milingimbi),0.0,East Arnhem,0.0,0.045216251638269984,1.0,1.0,0.07745804355973848,0.5113040629095675,0.42453485903960175,Moderate
Milyakburra,Major,-13.78389,136.19583,No coverage,False,0.1,0.0,0.0,,,,,Milyakburra (Bickerton Island),,False,False,26,0,27.7,,,,,0.37,Telstra,4G,Macro cell nearby,Milyakburra (Bickerton Island),0.0,East Arnhem,0.0,0.045216251638269984,1.0,1.0,0.07745804355973848,0.5113040629095675,0.42453485903960175,Moderate
Mirrnatja,Family Outstation,-12.6577899999999,135.19307,Never recorded,False,0.1,104.0,149.0,273.0,288.0,258.0,,Gapuwiyak,Gove District Hospital,False,False,24,1,45.58,,,,,46.69,Telstra,5G,Never recorded,Ramingining,46.5,East Arnhem,1.0,0.8735255570117956,0.5982783357245337,1.0,1.0,0.8679509731840823,0.8943607785472658,Critical
Miwul,Family Outstation,-14.03209,135.912659999999,Never recorded,False,0.1,50.0,63.0,392.0,376.0,377.0,,Numbulwar,Gove District Hospital,False,False,26,0,33.14,,,,,33.19,Telstra,4G,Never recorded,Numbulwar,33.14,Big Rivers,1.0,0.6048492791612058,0.7489239598278336,1.0,1.0,0.8384433097472599,0.8707546477978079,High
Mulgurram,Family Outstation,-12.4019599999999,134.960849999999,Never recorded,False,0.1,23.0,31.0,411.0,369.0,382.0,,Ramingining Community Health Centre - Milbrim Road,Gove District Hospital,False,False,20,3,8.9,,,,,9.0,Telstra,5G,Tower within 15km (2025),Ramingining,8.9,East Arnhem,0.0,0.40629095674967236,0.742467718794835,1.0,1.0,0.5371896688861268,0.6297517351089015,Moderate
Naliyindi,Family Outstation,-12.54196,135.178629999999,Never recorded,False,13.0,107.0,175.0,276.0,314.0,248.0,,Gapuwiyak,Gove District Hospital,False,True,24,1,33.59,,,,,36.26,Telstra,5G,Never recorded,Ramingining,36.0,East Arnhem,1.0,0.9076015727391874,0.6535150645624104,1.0,1.0,0.8902791593253994,0.9122233274603195,Critical
Ngangalala,Minor,-12.2983499999999,134.992239999999,Never recorded,False,0.1,9.0,17.0,426.0,382.0,391.0,,Ramingining,Gove District Hospital,False,False,21,3,0.05,Ngangalala,Near a cell,TELSTRA,55.0,7.89,Telstra,5G,Tower within 15km (2025),Ramingining,7.51,East Arnhem,0.0,0.290956749672346,0.7618364418938307,1.0,0.7822564579321335,0.5131982978915441,0.567009929899662,Moderate
Nanyingburra,Family Outstation,-11.76057,135.873649999999,Never recorded,False,0.1,59.0,116.0,,,,,Galiwin'ku Health Centre,,False,False,25,3,41.59,,,,,44.62,Telstra,5G,Never recorded,Galiwin'ku (Elcho Island),44.41,East Arnhem,1.0,0.8125819134993447,1.0,1.0,1.0,0.9531454783748362,0.962516382699869,Critical
Ngayawilli,Family Outstation,-11.9943,135.5745,Never recorded,False,0.0,6.0,11.0,,,,,Galiwin'ku Health Centre,,False,False,23,3,0.06,Ngayawilli,Near a cell,TELSTRA,13.0,3.55,Telstra,5G,Tower within 15km (2025),Galiwin'ku (Elcho Island),3.36,East Arnhem,0.0,0.23197903014416776,1.0,1.0,1.0,0.557994757536042,0.6463958060288336,Moderate
Ngadumiyerrka,Family Outstation,-13.82001,136.4564,Never recorded,False,0.0,8.0,11.0,,,,,Alyangula,,False,False,29,0,0.04,Ngadumiyerrka,Near a cell,TELSTRA,24.0,3.86,Telstra,4G,Tower within 15km (2025),Alyangula,5.27,East Arnhem,0.0,0.23197903014416776,1.0,1.0,1.0,0.557994757536042,0.6463958060288336,Moderate
Ngilipitji,Family Outstation,-13.54468,135.52562,Never recorded,False,0.1,140.0,161.0,310.0,300.0,294.0,,Gapuwiyak,Gove District Hospital,False,False,25,0,84.9,,,,,77.48,Telstra,4G,Never recorded,Milyakburra (Bickerton Island),77.15,East Arnhem,1.0,0.8925294888597641,0.6233859397417504,1.0,1.0,0.8789788571503786,0.9031830857203029,Critical
Nikawu,Family Outstation,-12.08962,135.545449999999,Never recorded,False,4.5,8.0,15.0,,,,,Galiwin'ku (Elcho Island),,False,False,23,3,4.45,,,,,7.51,Telstra,5G,Tower within 15km (2025),Galiwin'ku (Elcho Island),7.7,East Arnhem,0.0,0.264089121887287,1.0,1.0,1.0,0.5660222804718218,0.6528178243774574,Moderate
Wurwula,Family Outstation,-11.9764599999999,136.30349,Never recorded,False,8.9,142.0,216.0,146.0,217.0,121.0,,Laynhapuy Homelands,Gove District Hospital,False,False,25,3,46.14,,,,,48.51,Telstra,4G,Never recorded,Gunyangara,51.17,East Arnhem,1.0,0.9501965923984272,0.460545193687231,1.0,1.0,0.8526854465214145,0.8821483572171317,Critical
Numbulwar,Major,-14.2791,135.7406,Has coverage,True,0.0,0.0,0.0,467.0,384.0,199.0,,Numbulwar,Katherine Hospital,False,False,26,1,0.0,Numbulwar,Macro cell,TELSTRA,675.0,0.07,Telstra,4G,Macro cell nearby,Numbulwar,0.0,Big Rivers,0.0,0.045216251638269984,0.766857962697274,1.0,0.07745804355973848,0.453018553583886,0.3779064515790565,Moderate
Ramingining,Major,-12.32779,134.930009999999,Has coverage,True,0.1,0.0,0.0,417.0,366.0,383.0,,Ramingining,Gove District Hospital,False,False,20,3,0.0,Ramingining,Macro cell,TELSTRA,742.0,0.4,Telstra,5G,Macro cell nearby,Ramingining,0.0,East Arnhem,0.0,0.045216251638269984,0.7388809182209469,1.0,0.07745804355973848,0.44602429246480424,0.3723110426837911,Moderate
Raymangirr,Family Outstation,-12.3403099999999,136.00253,Never recorded,False,0.1,39.0,78.0,257.0,266.0,240.0,,Gapuwiyak Community Health Centre,Gove District Hospital,False,False,27,2,28.0,,,,,28.2,Telstra,4G,Never recorded,Gapuwiyak,28.0,East Arnhem,1.0,0.6684141546526867,0.5530846484935438,1.0,1.0,0.8053747007865576,0.8442997606292462,High
Dhuruputjpi,Family Outstation,-13.0547799999999,136.176609999999,Never recorded,False,0.1,105.0,147.0,205.0,226.0,189.0,,Gapuwiyak,Gove District Hospital,False,False,28,0,73.33,,,,,73.46,Telstra,4G,Never recorded,Gapuwiyak,73.33,East Arnhem,1.0,0.8715596330275229,0.48421807747489237,1.0,1.0,0.8389444276256038,0.8711555421004832,High
Umbakumba,Major,-13.8597399999999,136.811129999999,Has coverage,True,0.0,0.0,0.0,,,,,Umbakumba,,False,False,31,0,0.0,Umbakumba,Macro cell,TELSTRA,441.0,0.34,Telstra,4G,Macro cell nearby,Umbakumba,0.0,East Arnhem,0.0,0.045216251638269984,1.0,1.0,0.07745804355973848,0.5113040629095675,0.42453485903960175,Moderate
Waldnarr,Family Outstation,-13.76563,135.805309999999,Never recorded,False,0.0,70.0,73.0,353.0,327.0,338.0,,Numbulwar,Gove District Hospital,False,False,25,0,57.52,,,,,42.59,Telstra,4G,Never recorded,Milyakburra (Bickerton Island),42.22,East Arnhem,1.0,0.6507208387942333,0.6822094691535151,1.0,1.0,0.8332325769869371,0.8665860615895496,High
Wandawuy,Family Outstation,-12.89147,136.356359999999,Never recorded,False,0.1,98.0,105.0,149.0,143.0,134.0,,Gapuwiyak,Gove District Hospital,False,False,26,0,73.69,,,,,73.88,Telstra,4G,Never recorded,Gapuwiyak,73.69,East Arnhem,1.0,0.7745740498034076,0.29770444763271164,1.0,1.0,0.7680696243590298,0.814455699487224,High
Wumajbarr,Family Outstation,-14.16648,135.692409999999,Never recorded,False,0.1,16.0,20.0,460.0,381.0,194.0,,Numbulwar,Katherine Hospital,False,False,25,0,13.56,,,,,13.54,Telstra,4G,Tower within 15km (2025),Numbulwar,13.56,Big Rivers,0.0,0.32961992136304064,0.757532281205165,1.0,1.0,0.5217880506420514,0.617430440513641,Moderate
Wunburri,Family Outstation,-11.59498,136.07853,Never recorded,False,26.4,83.0,165.0,,,,,Galiwin'ku Health Centre,,False,True,24,3,70.52,,,,,73.54,Telstra,5G,Never recorded,Galiwin'ku (Elcho Island),73.33,East Arnhem,1.0,0.9003931847968545,1.0,1.0,1.0,0.9750982961992136,0.9800786369593709,Critical
Wurrumenbumanja,Family Outstation,-14.1377899999999,136.515569999999,Never recorded,False,0.0,25.0,50.0,,,,,Angurugu Primary Health Centre,,False,False,32,0,18.29,,,,,19.06,Telstra,4G,Never recorded,Angurugu,18.29,East Arnhem,1.0,0.5327653997378768,1.0,1.0,1.0,0.8831913499344692,0.9065530799475754,Critical
Wuyagiba,Family Outstation,-14.62149,135.520359999999,Never recorded,False,0.0,104.0,145.0,446.0,405.0,181.0,,Numbulwar,Katherine Hospital,False,False,27,1,44.85,,,,,44.81,Telstra,4G,Never recorded,Numbulwar,44.85,Big Rivers,1.0,0.8676277850589778,0.7991391678622669,1.0,1.0,0.9166917382303111,0.933353390584249,Critical
Yanungbi,Family Outstation,-12.27975,136.65787,Never recorded,False,1.0,57.0,65.0,60.0,67.0,44.0,,Laynhapuy Homelands,Gove District Hospital,False,False,26,1,0.03,Yanungbi,Near a cell,TELSTRA,5.0,10.54,Telstra,4G,Tower within 15km (2025),Gunyangara,8.84,East Arnhem,0.0,0.6146788990825688,0.15423242467718795,1.0,1.0,0.44222783093993917,0.5537822647519514,Moderate
Yathalamarra,Minor,-12.2744599999999,134.92196,Never recorded,False,0.0,9.0,16.0,426.0,382.0,391.0,,Ramingining,Gove District Hospital,False,False,21,3,0.05,Yathalamarra,Near a cell,TELSTRA,59.0,6.01,Telstra,5G,Tower within 15km (2025),Ramingining,5.99,East Arnhem,0.0,0.27916120576671033,0.7618364418938307,1.0,0.7822564579321335,0.5102494119151353,0.5646508211185349,Moderate
Yedikba,Family Outstation,-14.08056,136.45703,Never recorded,False,0.2,13.0,25.0,,,,,Angurugu Primary Health Centre,,False,False,31,0,10.94,,,,,11.06,Telstra,4G,Tower within 15km (2025),Angurugu,10.94,East Arnhem,0.0,0.37418086500655307,1.0,1.0,1.0,0.5935452162516383,0.6748361730013106,Moderate
Yanbakwa,Family Outstation,-14.21668,136.45613,Never recorded,False,0.1,31.0,62.0,,,,,Angurugu Primary Health Centre,,False,False,30,1,26.07,,,,,26.11,Telstra,4G,Never recorded,Angurugu,26.07,East Arnhem,1.0,0.5996068152031455,1.0,1.0,1.0,0.8999017038007864,0.9199213630406291,Critical
Yimidarra,Family Outstation,-14.2175199999999,135.564629999999,Never recorded,False,0.1,29.0,34.0,448.0,369.0,182.0,,Numbulwar,Katherine Hospital,False,False,25,0,20.16,,,,,20.11,Telstra,4G,Never recorded,Numbulwar,20.16,Big Rivers,1.0,0.4226736566186107,0.742467718794835,1.0,1.0,0.7912853438533614,0.8330282750826891,High
Yirringa,Family Outstation,-11.6453799999999,136.025779999999,Never recorded,False,18.4,75.0,149.0,,,,,Galiwin'ku Health Centre,,False,True,26,3,62.53,,,,,65.54,Telstra,5G,Never recorded,Galiwin'ku (Elcho Island),65.32,East Arnhem,1.0,0.8735255570117956,1.0,1.0,1.0,0.9683813892529489,0.9747051114023592,Critical
Yirrkala,Major,-12.2527899999999,136.89168,Has coverage,True,0.1,0.0,0.0,18.0,14.0,0.0,14.0,Laynhapuy Homelands,Gove District Hospital,True,False,26,1,0.0,Yirrkala,Macro cell,TELSTRA,524.0,0.49,Telstra,4G,Macro cell nearby,Laynhapuy Homelands,0.0,East Arnhem,0.0,0.045216251638269984,0.07173601147776183,0.0,0.07745804355973848,0.029238065779007956,0.03888206133515406,Low
Badawarrka,Family Outstation,-14.6960299999999,134.44378,Never recorded,False,0.0,17.0,19.0,282.0,202.0,26.0,,Urapunga (Rittarangu),Katherine Hospital,False,False,23,0,31.26,,,,,31.36,Telstra,4G,Never recorded,Urapunga (Rittarangu),13.16,Big Rivers,1.0,0.3197903014416776,0.43113342898134865,1.0,1.0,0.6877309326057566,0.7501847460846053,Moderate
Bamboo Springs,Family Outstation,-16.95993,129.08393,Never recorded,False,0.0,291.0,291.0,755.0,593.0,290.0,,Kalkaringi (Wave Hill),Katherine Hospital,False,False,22,0,13.0,,,,,12.98,Telstra,4G,Tower within 15km (2025),Amanbidji (Kildurk),82.12,Big Rivers,0.0,0.9737876802096985,0.9670014347202296,1.0,1.0,0.7351972787324821,0.7881578229859857,High
Barrapunta,Family Outstation,-13.15658,134.85057,Never recorded,False,0.1,88.0,76.0,329.0,278.0,299.0,,Gulin (Bulman),Gove District Hospital,False,False,25,1,79.56,,,,,79.56,Telstra,4G,Never recorded,Gulin (Bulman),79.56,Big Rivers,1.0,0.6618610747051114,0.5810616929698709,1.0,1.0,0.8107306919187456,0.8485845535349965,High
Barunga,Major,-14.5236299999999,132.86668,Has coverage,True,0.1,0.0,1.0,84.0,54.0,0.0,54.0,Barunga (Bamyili),Katherine Hospital,True,False,23,0,0.0,Barunga,Macro cell,TELSTRA,337.0,0.52,Telstra,5G,Macro cell nearby,Barunga (Bamyili),0.0,Big Rivers,0.0,0.11336828309305373,0.13486370157819225,0.0,0.07745804355973848,0.06205799616781149,0.0651380056461969,Low
Beswick,Major,-14.5548,133.1142,Has coverage,True,0.1,0.0,0.0,114.0,73.0,0.0,73.0,Beswick Community Health Centre,Katherine Hospital,True,False,22,0,0.0,Beswick,Macro cell,TELSTRA,542.0,0.23,Telstra,5G,Macro cell nearby,Wugularr (Beswick),0.0,Big Rivers,0.0,0.045216251638269984,0.16642754662840745,0.0,0.07745804355973848,0.052910949566669356,0.05782036836528318,Low
Binjari,Minor,-14.5502,132.1815,Has coverage,True,0.1,0.0,0.0,20.0,14.0,0.0,14.0,Binjari,Katherine Hospital,True,False,27,0,0.0,Binjari,Near a cell,OPTUS/TELSTRA,240.0,4.04,Optus,4G,Tower within 15km (2025),Binjari,0.0,Big Rivers,0.0,0.045216251638269984,0.07173601147776183,0.0,0.7822564579321335,0.029238065779007956,0.17984174420963306,Low
Boomerang Lagoon,Family Outstation,-14.4506099999999,135.039249999999,Never recorded,False,0.1,54.0,55.0,370.0,287.0,104.0,,Ngukurr (Roper River),Katherine Hospital,False,False,25,0,45.49,,,,,45.58,Telstra,4G,Never recorded,Ngukurr (Roper River),45.49,Big Rivers,1.0,0.5596330275229358,0.5968436154949784,1.0,1.0,0.7891191607544785,0.8312953286035828,High
Bubble Bubble,Family Outstation,-15.8103599999999,129.310219999999,Never recorded,False,0.1,129.0,131.0,717.0,572.0,218.0,,Bulla,Katherine Hospital,False,False,33,0,78.14,,,,,22.47,Optus,4G,Never recorded,Amanbidji (Kildurk),76.19,Big Rivers,1.0,0.8479685452162516,0.9540889526542324,1.0,1.0,0.950514374467621,0.9604114995740968,Critical
Bulla,Minor,-15.76492,130.039359999999,No coverage,False,0.0,0.0,0.0,590.0,443.0,180.0,,Bulla,Katherine Hospital,False,False,34,0,0.04,Bulla,Macro cell,TELSTRA,73.0,0.26,Telstra,4G,Macro cell nearby,Bulla,0.0,Big Rivers,0.0,0.045216251638269984,0.8601147776183644,1.0,0.7822564579321335,0.4763327573141586,0.5375174974377536,Moderate
Bulman,Major,-13.6652899999999,134.333349999999,Has coverage,True,0.1,0.0,0.0,310.0,240.0,189.0,,Gulin (Bulman),Katherine Hospital,False,False,25,0,0.0,Bulman,Macro cell,TELSTRA,160.0,1.11,Telstra,4G,Macro cell nearby,Gulin (Bulman),0.0,Big Rivers,0.0,0.045216251638269984,0.5121951219512195,1.0,0.07745804355973848,0.3893528433973724,0.3269738834298456,Low
Costello,Family Outstation,-14.56453,134.88289,Never recorded,False,0.0,27.0,35.0,342.0,267.0,77.0,,Ngukurr (Roper River),Katherine Hospital,False,False,26,0,24.67,,,,,24.78,Telstra,4G,Never recorded,Ngukurr (Roper River),24.67,Big Rivers,1.0,0.42857142857142855,0.5559540889526542,1.0,1.0,0.7461313793810207,0.7969051035048166,High
Daguragu,Major,-17.4005899999999,130.80491,Has coverage,True,0.0,0.0,0.0,472.0,308.0,0.0,308.0,Daguragu (Wattie Creek),Katherine Hospital,True,False,18,0,0.0,Daguragu,Near a cell,TELSTRA,195.0,5.3,Telstra,4G,Tower within 15km (2025),Daguragu (Wattie Creek),0.0,Big Rivers,0.0,0.045216251638269984,0.639167862266858,0.0,0.07745804355973848,0.171096028476282,0.1523684314929733,Low
Jilkminggan,Minor,-14.9530599999999,133.3,Has coverage,True,0.0,0.0,0.0,147.0,97.0,0.0,97.0,Jilkminggan (Duck Creek),Katherine Hospital,True,False,21,0,0.0,Jilkminggan,Small cell,TELSTRA,254.0,0.02,Telstra,4G,Macro cell nearby,Jilkminggan (Duck Creek),0.0,Big Rivers,0.0,0.045216251638269984,0.19655667144906744,0.0,0.7822564579321335,0.060443230771834354,0.20480587620389418,Low
Manyallaluk,Minor,-14.2664899999999,132.827969999999,Has coverage,True,0.0,0.0,0.0,107.0,80.0,35.0,,Manyallaluk (Eva Valley),Katherine Hospital,False,False,26,0,0.0,Manyallaluk,Macro cell,TELSTRA,97.0,1.72,Telstra,4G,Macro cell nearby,Manyallaluk (Eva Valley),0.0,Big Rivers,0.0,0.045216251638269984,0.17718794835007173,1.0,0.7822564579321335,0.3056010499970854,0.4009321315840951,Low
Gorpulyul,Family Outstation,-13.3462099999999,134.14587,Never recorded,False,0.0,67.0,129.0,368.0,361.0,247.0,,Bulman Health Centre,Katherine Hospital,False,False,24,0,37.52,,,,,41.93,Telstra,4G,Never recorded,Gulin (Bulman),40.86,Big Rivers,1.0,0.8446920052424639,0.7288378766140603,1.0,1.0,0.8933824704641311,0.9147059763713049,Critical
Gilwi,Family Outstation,-15.7871099999999,130.532749999999,Never recorded,False,0.0,18.0,14.0,529.0,409.0,187.0,,Timber Creek,Katherine Hospital,False,False,29,0,10.38,,,,,15.64,Telstra,4G,Never recorded,Timber Creek,14.95,Big Rivers,1.0,0.2509829619921363,0.8127690100430416,1.0,1.0,0.7659379930087944,0.8127503944070356,High
Jodetluk,Family Outstation,-14.3599999999999,132.43333,Never recorded,False,0.1,24.0,19.0,22.0,17.0,0.0,,Wurli Wurlinjang Health Service,Katherine Hospital,False,False,27,0,31.96,,,,,4.19,Telstra,4G,Tower within 15km (2025),Binjari,34.39,Big Rivers,0.0,0.3197903014416776,0.07890961262553801,1.0,1.0,0.3496749785168039,0.4797399828134431,Low
Hodgson River Station,Minor,-15.4747699999999,134.095529999999,Never recorded,False,5.5,49.0,65.0,317.0,260.0,86.0,,Minyerri Health Centre,Katherine Hospital,False,False,23,0,28.19,,,,,28.29,Telstra,5G,Never recorded,Minyerri (Hodgeson Downs),28.19,Big Rivers,1.0,0.6146788990825688,0.5444763271162123,1.0,0.7822564579321335,0.7897888065496953,0.7882823368261829,High
Jowar,Family Outstation,-14.7274699999999,134.428809999999,Never recorded,False,0.0,21.0,24.0,282.0,204.0,27.0,,Urapunga (Rittarangu),Katherine Hospital,False,False,22,0,32.62,,,,,32.7,Telstra,4G,Never recorded,Urapunga (Rittarangu),14.8,Big Rivers,1.0,0.3636959370904325,0.43543758967001434,1.0,1.0,0.6997833816901117,0.7598267053520893,Moderate
Kalkarindji,Major,-17.4467499999999,130.83212,Has coverage,True,0.1,0.0,0.0,464.0,302.0,0.0,302.0,Kalkaringi (Wave Hill),Katherine Hospital,True,False,16,0,0.0,Kalkarindji,Macro cell,TELSTRA,311.0,0.59,Telstra,4G,Macro cell nearby,Kalkaringi (Wave Hill),0.0,Big Rivers,0.0,0.045216251638269984,0.6284074605451937,0.0,0.07745804355973848,0.16840592804586593,0.15021635114864046,Low
Picininny Bore,Family Outstation,-19.8271099999999,129.78279,Never recorded,False,14.1,248.0,267.0,662.0,514.0,262.0,,Lajamanu (Hooker Creek),Alice Springs Hospital,False,True,7,0,102.2,,,,,79.48,Telstra,4G,Never recorded,Lajamanu (Hooker Creek),188.62,Big Rivers,1.0,0.9705111402359109,0.9253945480631277,1.0,1.0,0.9739764220747597,0.9791811376598076,Critical
Walpiri,Town Camp,-14.4736099999999,132.2693,Never recorded,False,0.1,3.0,3.0,6.0,5.0,0.0,5.0,Katherine Community Health Centre,Katherine Hospital,True,False,28,0,10.28,,,,,1.04,Telstra,5G,Macro cell nearby,Binjari,12.72,Big Rivers,0.0,0.17038007863695936,0.04160688665710186,0.0,0.0,0.052996741323515305,0.042397393058812245,Low
Kybrook Farm,Minor,-13.8631599999999,131.821959999999,Has coverage,True,0.1,7.0,7.0,91.0,58.0,2.0,60.0,Pine Creek,Katherine Hospital,True,False,29,0,0.0,Kybrook Farm,Near a cell,TELSTRA,52.0,4.18,Telstra,4G,Tower within 15km (2025),Pine Creek,4.7,Big Rivers,0.0,0.209043250327654,0.1406025824964132,0.0,0.7822564579321335,0.0874114582060168,0.22638045815124014,Low
Lajamanu,Major,-18.3358399999999,130.638339999999,Has coverage,True,0.1,0.0,0.0,560.0,401.0,102.0,,Lajamanu (Hooker Creek),Katherine Hospital,False,False,14,0,0.0,Lajamanu,Macro cell,TELSTRA,605.0,0.66,Telstra,5G,Macro cell nearby,Lajamanu (Hooker Creek),0.0,Big Rivers,0.0,0.045216251638269984,0.7905308464849354,1.0,0.07745804355973848,0.4589367745308014,0.3826410283365888,Moderate
Liku,Family Outstation,-17.91141,130.504289999999,Never recorded,False,0.2,79.0,144.0,543.0,446.0,78.0,,Kalkaringi (Wave Hill),Katherine Hospital,False,False,16,0,49.27,,,,,48.67,Telstra,5G,Never recorded,Lajamanu (Hooker Creek),49.27,Big Rivers,1.0,0.8650065530799476,0.8644189383070301,1.0,1.0,0.9323563728467444,0.9458850982773956,Critical
Lingara,Family Outstation,-16.48694,130.643329999999,Never recorded,False,0.0,0.0,0.0,440.0,345.0,134.0,,Lingara via Yarralin,Katherine Hospital,False,False,22,0,25.89,,,,,0.03,Optus,4G,Macro cell nearby,Lingara via Yarralin,0.0,Big Rivers,0.0,0.045216251638269984,0.7073170731707317,1.0,1.0,0.4381333312022504,0.5505066649618003,Moderate
Lul-Tju,Family Outstation,-18.3767099999999,130.59313,Never recorded,False,0.1,8.0,14.0,567.0,413.0,110.0,,Lajamanu (Hooker Creek),Katherine Hospital,False,False,14,0,0.0,Lul-Tju,Near a cell,TELSTRA,5.0,6.64,Telstra,5G,Tower within 15km (2025),Lajamanu (Hooker Creek),6.59,Big Rivers,0.0,0.2509829619921363,0.8185078909612625,1.0,1.0,0.5173727132383497,0.6138981705906797,Moderate
Maria Lagoon,Family Outstation,-15.29989,135.444629999999,Never recorded,False,0.5,181.0,195.0,458.0,390.0,201.0,,Urapunga (Rittarangu),Katherine Hospital,False,False,31,1,99.24,,,,,99.04,Telstra,4G,Never recorded,Ngukurr (Roper River),99.24,Big Rivers,1.0,0.9298820445609436,0.7733142037302726,1.0,1.0,0.925799062072804,0.9406392496582432,Critical
Marralum,Family Outstation,-15.39109,129.250259999999,Never recorded,False,0.1,243.0,310.0,831.0,751.0,297.0,,Bulla,Katherine Hospital,False,False,36,0,94.16,,,,,19.6,Telstra,4G,Never recorded,Bulla,94.19,Big Rivers,1.0,0.9790301441677588,1.0,1.0,1.0,0.9947575360419397,0.9958060288335517,Critical
Mataranka Town Camp,Town Camp,-14.9261799999999,133.06738,Never recorded,False,0.1,0.0,1.0,110.0,67.0,0.0,67.0,Mataranka,Katherine Hospital,True,False,21,0,0.21,Mataranka,Macro cell,OPTUS/TELSTRA,384.0,0.9,Optus,3G/2G,Macro cell nearby,Mataranka,0.21,Big Rivers,0.0,0.11336828309305373,0.15423242467718795,0.0,0.0,0.06690017694256042,0.05352014155404834,Low
Miali Brumby,Town Camp,-14.4558299999999,132.2589,Never recorded,False,0.1,3.0,2.0,6.0,5.0,0.0,5.0,Katherine Family Medical Practice,Katherine Hospital,True,False,28,0,10.53,,,,,0.84,Telstra,5G,Macro cell nearby,Binjari,13.4,Big Rivers,0.0,0.15072083879423329,0.04160688665710186,0.0,0.0,0.048081931362833785,0.03846554509026703,Low
Amanbidji,Major,-16.4280599999999,129.618899999999,No coverage,False,0.0,0.0,0.0,689.0,588.0,242.0,,Amanbidji (Kildurk),Katherine Hospital,False,False,28,0,86.32,,,,,38.61,Telstra,4G,Listed: no coverage,Amanbidji (Kildurk),0.0,Big Rivers,1.0,0.045216251638269984,0.9655667144906743,1.0,0.07745804355973848,0.7526957415322361,0.6176482019377365,High
Minyerri,Major,-15.2216,134.082099999999,Has coverage,True,0.0,0.0,0.0,269.0,196.0,43.0,,Minyerri (Hodgeson Downs),Katherine Hospital,False,False,23,0,0.0,Minyerri,Macro cell,TELSTRA,603.0,0.1,Telstra,5G,Macro cell nearby,Minyerri (Hodgeson Downs),0.0,Big Rivers,0.0,0.045216251638269984,0.41248206599713055,1.0,0.07745804355973848,0.36442457940885015,0.3070312722390278,Low
Mistake Creek,Family Outstation,-17.1092699999999,129.04319,Never recorded,False,0.0,263.0,242.0,727.0,544.0,262.0,,Kalkaringi (Wave Hill),Katherine Hospital,False,False,20,0,7.18,,,,,7.17,Telstra,4G,Tower within 15km (2025),Amanbidji (Kildurk),97.44,Big Rivers,0.0,0.963302752293578,0.9433285509325682,1.0,1.0,0.7266578258065366,0.7813262606452293,High
Mole Hill,Family Outstation,-14.8749899999999,133.83303,Never recorded,False,0.4,70.0,58.0,208.0,142.0,2.0,,Jilkminggan (Duck Creek),Katherine Hospital,False,False,20,0,46.91,,,,,46.83,Telstra,5G,Never recorded,Minyerri (Hodgeson Downs),46.91,Big Rivers,1.0,0.573394495412844,0.2934002869440459,1.0,1.0,0.7166986955892225,0.773358956471378,High
Momob,Family Outstation,-13.35693,134.269149999999,Never recorded,False,0.1,60.0,115.0,361.0,347.0,241.0,,Bulman Health Centre,Katherine Hospital,False,False,22,0,32.22,,,,,35.9,Telstra,4G,Never recorded,Gulin (Bulman),34.98,Big Rivers,1.0,0.8086500655307994,0.7116212338593975,1.0,1.0,0.8800678248475493,0.9040542598780394,Critical
Mount Catt,Family Outstation,-13.8001799999999,134.43241,Never recorded,False,0.0,33.0,52.0,318.0,270.0,197.0,,Bulman Health Centre,Katherine Hospital,False,False,23,0,18.42,,,,,17.34,Telstra,4G,Never recorded,Gulin (Bulman),18.42,Big Rivers,1.0,0.5425950196592398,0.5616929698708751,1.0,1.0,0.7760719973825287,0.820857597906023,High
Mumpumampu,Family Outstation,-14.3841799999999,135.32835,Never recorded,False,0.1,61.0,62.0,407.0,327.0,142.0,,Numbulwar,Katherine Hospital,False,False,26,0,45.92,,,,,45.86,Telstra,4G,Never recorded,Numbulwar,45.92,Big Rivers,1.0,0.5996068152031455,0.6822094691535151,1.0,1.0,0.8204540710891651,0.856363256871332,High
Duck Ponds,Family Outstation,-18.7737699999999,131.277659999999,Never recorded,False,0.0,98.0,195.0,658.0,595.0,199.0,,Lajamanu (Hooker Creek),Katherine Hospital,False,False,16,0,83.15,,,,,83.79,Telstra,5G,Never recorded,Lajamanu (Hooker Creek),83.15,Big Rivers,1.0,0.9298820445609436,0.9684361549497847,1.0,1.0,0.974579549877682,0.9796636399021456,Critical
Nulawan,Family Outstation,-14.7872899999999,134.93128,Never recorded,False,0.0,24.0,47.0,344.0,284.0,75.0,,Ngukurr Health Centre,Katherine Hospital,False,False,27,0,22.29,,,,,22.16,Telstra,4G,Never recorded,Ngukurr (Roper River),22.29,Big Rivers,1.0,0.5150720838794234,0.5918220946915351,1.0,1.0,0.7767235446427396,0.8213788357141917,High
Ngukurr,Major,-14.7317,134.7321,Has coverage,True,0.1,0.0,0.0,320.0,236.0,52.0,,Ngukurr (Roper River),Katherine Hospital,False,False,23,0,0.0,Ngukurr,Macro cell,TELSTRA,1003.0,0.22,Telstra,4G,Macro cell nearby,Ngukurr (Roper River),0.0,Big Rivers,0.0,0.045216251638269984,0.5021520803443329,1.0,0.07745804355973848,0.3868420829956507,0.3249652751084683,Low
Nummerloori,Family Outstation,-14.59159,134.97727,Never recorded,False,0.0,35.0,35.0,350.0,268.0,85.0,,Ngukurr (Roper River),Katherine Hospital,False,False,27,0,30.63,,,,,30.68,Telstra,4G,Never recorded,Ngukurr (Roper River),30.63,Big Rivers,1.0,0.42857142857142855,0.5588235294117647,1.0,1.0,0.7468487394957983,0.7974789915966387,High
Parnta,Family Outstation,-18.68438,130.651039999999,Never recorded,False,0.0,47.0,91.0,606.0,491.0,148.0,,Lajamanu (Hooker Creek),Katherine Hospital,False,False,15,0,34.75,,,,,39.29,Telstra,5G,Never recorded,Lajamanu (Hooker Creek),38.78,Big Rivers,1.0,0.7208387942332897,0.906025824964132,1.0,1.0,0.9067161547993554,0.9253729238394843,Critical
Pigeon Hole,Minor,-16.8141199999999,131.22037,No coverage,False,0.1,0.0,1.0,425.0,329.0,40.0,,Nitjpurru (Pigeon Hole),Katherine Hospital,False,False,20,0,54.29,,,,,54.21,Telstra,4G,Listed: no coverage,Nitjpurru (Pigeon Hole),0.0,Big Rivers,1.0,0.11336828309305373,0.6865136298421808,1.0,0.7822564579321335,0.6999704782338086,0.7164276741734736,Moderate
Pine Creek Compound,Town Camp,-13.8160099999999,131.83106,Never recorded,False,0.0,1.0,1.0,95.0,59.0,0.0,59.0,Pine Creek,Katherine Hospital,True,False,29,0,0.83,Pine Creek,Macro cell,TELSTRA,142.0,1.32,Telstra,4G,Macro cell nearby,Pine Creek,0.83,Big Rivers,0.0,0.11336828309305373,0.1441893830703013,0.0,0.0,0.06438941654083875,0.051511533232671006,Low
Rittarangu,Minor,-14.7101099999999,134.565259999999,No coverage,False,0.1,0.0,0.0,298.0,218.0,35.0,,Urapunga (Rittarangu),Katherine Hospital,False,False,23,0,18.1,,,,,18.2,Telstra,4G,Listed: no coverage,Urapunga (Rittarangu),0.0,Big Rivers,1.0,0.045216251638269984,0.4619799139167862,1.0,0.7822564579321335,0.6267990413887641,0.6578905246974379,Moderate
Rockhole,Minor,-14.5193499999999,132.186329999999,Never recorded,False,0.0,13.0,10.0,16.0,13.0,0.0,13.0,Katherine Family Medical Practice,Katherine Hospital,True,False,28,0,0.0,Rockhole,Near a cell,OPTUS/TELSTRA,145.0,2.82,Optus,4G,Macro cell nearby,Binjari,3.47,Big Rivers,0.0,0.22608125819134994,0.06814921090387374,0.0,0.7822564579321335,0.07355761727380591,0.21529738540547144,Low
Jiwaranpa,Family Outstation,-19.5554099999999,129.926739999999,Never recorded,False,0.0,175.0,177.0,700.0,535.0,314.0,,Lajamanu (Hooker Creek),Alice Springs Hospital,False,False,8,0,121.67,,,,,107.73,Telstra,4G,Never recorded,Lajamanu (Hooker Creek),154.89,Big Rivers,1.0,0.90956749672346,0.9368723098995696,1.0,1.0,0.9616099516557575,0.9692879613246059,Critical
Mungurrupa,Family Outstation,-20.5848099999999,129.733129999999,Never recorded,False,0.3,361.0,354.0,657.0,550.0,271.0,,Yuendumu Community Health Centre,Alice Springs Hospital,False,False,5,0,64.75,,,,,21.98,Telstra,4G,Never recorded,Nyirippi(Waite Creek),244.84,Central Australia,1.0,0.9882044560943644,0.9483500717360115,1.0,1.0,0.984138631957594,0.9873109055660751,Critical
Muruning,Family Outstation,-15.6752699999999,130.484569999999,Never recorded,False,0.8,2.0,2.0,532.0,409.0,180.0,,Timber Creek,Katherine Hospital,False,False,31,0,0.05,Muruning,Near a cell,TELSTRA,21.0,2.19,Telstra,4G,Macro cell nearby,Timber Creek,1.49,Big Rivers,0.0,0.15072083879423329,0.8127690100430416,1.0,1.0,0.4908724622093187,0.5926979697674549,Moderate
Turkey Lagoon,Family Outstation,-14.52938,134.750929999999,Never recorded,False,0.0,36.0,53.0,352.0,286.0,86.0,,Ngukurr (Roper River),Katherine Hospital,False,False,24,0,22.59,,,,,22.79,Telstra,4G,Never recorded,Ngukurr (Roper River),22.59,Big Rivers,1.0,0.5484927916120577,0.5954088952654233,1.0,1.0,0.7859754217193702,0.8287803373754962,High
Wanmarri,Family Outstation,-14.4540099999999,135.22691,Never recorded,False,0.0,75.0,76.0,395.0,313.0,129.0,,Numbulwar,Katherine Hospital,False,False,26,0,58.65,,,,,58.59,Telstra,4G,Never recorded,Numbulwar,58.65,Big Rivers,1.0,0.6618610747051114,0.6506456241032998,1.0,1.0,0.8281266747021028,0.8625013397616822,High
Weemol,Minor,-13.6441799999999,134.308629999999,Has coverage,True,0.0,4.0,6.0,308.0,241.0,188.0,,Bulman Health Centre,Katherine Hospital,False,False,25,0,0.0,Weemol,Near a cell,TELSTRA,91.0,4.66,Telstra,4G,Tower within 15km (2025),Gulin (Bulman),3.56,Big Rivers,0.0,0.20249017038007863,0.5136298421807748,1.0,0.7822564579321335,0.42903000314021333,0.49967529409859734,Low
Werenbun,Family Outstation,-14.1825499999999,132.1611,Never recorded,False,0.1,58.0,38.0,61.0,41.0,1.0,,Katherine Family Medical Practice,Katherine Hospital,False,False,27,0,37.55,,,,,2.75,Optus,4G,Macro cell nearby,Binjari,40.94,Big Rivers,0.0,0.4534731323722149,0.1212338593974175,1.0,1.0,0.39367674794240815,0.5149413983539265,Low
Yarralin,Major,-16.4484099999999,130.88279,Has coverage,True,0.0,0.0,0.0,412.0,303.0,107.0,,Yarralin,Katherine Hospital,False,False,24,0,0.0,Yarralin,Macro cell,TELSTRA,250.0,0.16,Telstra,4G,Macro cell nearby,Yarralin,0.0,Big Rivers,0.0,0.045216251638269984,0.633428981348637,1.0,0.07745804355973848,0.41966130824672676,0.3512206553093291,Low
Yinguwunarri,Family Outstation,-16.6089099999999,131.82362,Never recorded,False,0.0,169.0,123.0,308.0,207.0,13.0,,Kalkaringi (Wave Hill),Katherine Hospital,False,False,22,0,7.79,,,,,7.83,Telstra,4G,Tower within 15km (2025),Nitjpurru (Pigeon Hole),68.18,Big Rivers,0.0,0.8302752293577982,0.4418938307030129,1.0,1.0,0.5680422650152028,0.6544338120121622,Moderate
Un-Marr,Family Outstation,-14.0644099999999,129.90879,Never recorded,False,0.1,33.0,66.0,337.0,302.0,118.0,,Peppimenarti Health Centre,Palmerston Regional Hospital,False,False,40,0,20.43,,,,,21.29,Telstra,4G,Never recorded,Peppimenarti,20.43,Top End,1.0,0.6218872870249017,0.6284074605451937,1.0,1.0,0.8125736868925238,0.850058949514019,High
Dhudupu,Family Outstation,-12.0033,135.569199999999,Never recorded,False,0.1,3.0,6.0,,,,,Galiwin'ku (Elcho Island),,False,False,23,3,0.0,Dhudupu,Near a cell,TELSTRA,12.0,2.44,Telstra,5G,Macro cell nearby,Galiwin'ku (Elcho Island),2.27,East Arnhem,0.0,0.20249017038007863,1.0,1.0,1.0,0.5506225425950196,0.6404980340760157,Moderate
Gonguruwuy,Family Outstation,-12.0663799999999,136.150849999999,Never recorded,False,13.2,148.0,227.0,152.0,229.0,123.0,,Laynhapuy Homelands,Gove District Hospital,False,True,25,3,56.0,,,,,60.44,Telstra,4G,Never recorded,Gapuwiyak,61.35,East Arnhem,1.0,0.9567496723460026,0.4885222381635581,1.0,1.0,0.8613179776273903,0.8890543821019122,Critical
Djarrung,Family Outstation,-14.81311,131.537589999999,Never recorded,False,0.0,111.0,85.0,128.0,94.0,38.0,,Binjari Community Health Centre,Katherine Hospital,False,False,28,0,75.18,,,,,74.46,Optus,4G,Never recorded,Binjari,75.18,Big Rivers,1.0,0.6887287024901704,0.18938307030129126,1.0,1.0,0.7195279431978654,0.7756223545582923,High
Yudu Yudu,Family Outstation,-12.23335,136.637239999999,Never recorded,False,0.1,62.0,76.0,66.0,78.0,50.0,,Laynhapuy Homelands,Gove District Hospital,False,False,26,1,0.05,Yuduyudu,Near a cell,OPTUS/TELSTRA,10.0,7.58,Telstra,4G,Tower within 15km (2025),Gunyangara,7.7,East Arnhem,0.0,0.6618610747051114,0.17431850789096126,1.0,1.0,0.4590448956490182,0.5672359165192146,Moderate
Hoppys Camp,Town Camp,-23.6840499999999,133.876579999999,Never recorded,False,0.0,2.0,2.0,3.0,3.0,0.0,3.0,Nganampa Health Council - Umuwa Office,Alice Springs Hospital,True,False,0,0,10.97,,,,,0.95,Telstra,4G,Macro cell nearby,Amoonguna,10.97,Central Australia,0.0,0.15072083879423329,0.018651362984218076,0.0,0.0,0.04234305044461284,0.033874440355690275,Low
Ilpeye Ilpeye Estate,Town Camp,-23.6999299999999,133.90699,Never recorded,False,0.0,2.0,2.0,4.0,4.0,0.0,4.0,Sadadeen Clinic,Alice Springs Hospital,True,False,0,0,7.95,,,,,1.25,Telstra,5G,Macro cell nearby,Amoonguna,7.95,Central Australia,0.0,0.15072083879423329,0.03012912482065997,0.0,0.0,0.04521249090372331,0.03616999272297865,Low
Myatt,Family Outstation,-15.70656,130.48335,Never recorded,False,0.0,6.0,4.0,527.0,405.0,180.0,,Timber Creek,Katherine Hospital,False,False,32,0,0.06,Myatt,Near a cell,TELSTRA,75.0,5.6,Telstra,4G,Tower within 15km (2025),Timber Creek,4.91,Big Rivers,0.0,0.18086500655307994,0.7991391678622669,1.0,1.0,0.4950010436038367,0.5960008348830693,Moderate
Tinkarli,Town Camp,-19.6372399999999,134.202509999999,Never recorded,False,0.1,2.0,3.0,3.0,4.0,0.0,4.0,Tennant Creek Outstations,Tennant Creek Hospital,True,False,11,0,2.24,Hingstons Place,Near a cell,OPTUS/TELSTRA,7.0,1.26,Telstra,4G,Macro cell nearby,Tennant Creek Outstations,1.74,Barkly,0.0,0.17038007863695936,0.03012912482065997,0.0,0.0,0.05012730086440483,0.040101840691523866,Low
Wuppa,Town Camp,-19.6369599999999,134.19918,Never recorded,False,0.1,2.0,2.0,3.0,3.0,0.0,3.0,Tennant Creek Outstations,Tennant Creek Hospital,True,False,11,0,2.15,Hingstons Place,Near a cell,OPTUS/TELSTRA,7.0,1.19,Telstra,4G,Macro cell nearby,Tennant Creek Outstations,1.53,Barkly,0.0,0.15072083879423329,0.018651362984218076,0.0,0.0,0.04234305044461284,0.033874440355690275,Low
Flicks Hole,Family Outstation,-15.6160599999999,134.09331,Never recorded,False,0.3,58.0,60.0,326.0,255.0,100.0,,Minyerri Health Centre,Katherine Hospital,False,False,24,0,43.88,,,,,43.98,Telstra,5G,Never recorded,Minyerri (Hodgeson Downs),43.88,Big Rivers,1.0,0.5845347313237221,0.5351506456241033,1.0,1.0,0.7799213442369564,0.8239370753895651,High
Burrumburru,Family Outstation,-17.74229,137.781549999999,Never recorded,False,0.2,278.0,423.0,690.0,679.0,273.0,,Robinson River,Tennant Creek Hospital,False,False,25,0,62.31,,,,,61.59,Telstra,4G,Never recorded,Robinson River,138.46,Big Rivers,1.0,0.9908256880733946,0.9956958393113343,1.0,1.0,0.9966303818461822,0.9973043054769459,Critical
Manaburdurma,Town Camp,-12.66638,132.843189999999,Never recorded,False,0.1,2.0,3.0,235.0,158.0,0.0,158.0,Jabiru Health Centre,Palmerston Regional Hospital,True,False,26,0,2.38,Hunters Camp,Near a cell,OPTUS/TELSTRA,5.0,1.01,Optus,4G,Macro cell nearby,Jabiru,1.42,Top End,0.0,0.17038007863695936,0.32639885222381637,0.0,0.0,0.12419473271519393,0.09935578617215515,Low
Murtulki,Family Outstation,-19.9178399999999,134.38936,Never recorded,False,0.1,53.0,62.0,53.0,63.0,21.0,,Tennant Creek Outstations,Tennant Creek Hospital,False,False,7,0,38.97,,,,,36.0,Telstra,5G,Never recorded,Tennant Creek Outstations,36.55,Barkly,1.0,0.5996068152031455,0.14777618364418937,1.0,1.0,0.6868457497118337,0.7494765997694669,Moderate
Murun Murula,Family Outstation,-18.4990799999999,137.517539999999,Never recorded,False,0.3,453.0,581.0,628.0,630.0,246.0,,Alpurrurulam (Lake Nash) Community Health Centre,Tennant Creek Hospital,False,False,19,0,150.94,,,,,104.6,Telstra,4G,Never recorded,Robinson River,201.6,Big Rivers,1.0,1.0,0.9856527977044476,1.0,1.0,0.9964131994261118,0.9971305595408895,Critical
Wangalinji,Family Outstation,-18.39639,137.46692,Never recorded,False,0.1,436.0,548.0,611.0,596.0,229.0,,Alpurrurulam (Lake Nash) Community Health Centre,Tennant Creek Hospital,False,False,21,0,142.21,,,,,112.76,Telstra,4G,Never recorded,Robinson River,189.15,Big Rivers,1.0,0.9986893840104849,0.9713055954088953,1.0,1.0,0.992498744854845,0.993998995883876,Critical
Gumuluji,Family Outstation,-17.93534,137.480379999999,Never recorded,False,0.1,318.0,504.0,665.0,629.0,248.0,,Robinson River,Tennant Creek Hospital,False,False,24,0,96.28,,,,,94.47,Telstra,4G,Never recorded,Robinson River,141.07,Big Rivers,1.0,0.9973787680209698,0.9842180774748924,1.0,1.0,0.9953992113739656,0.9963193690991725,Critical
Alatyeye,Family Outstation,-23.0973299999999,134.21897,Never recorded,False,0.6,60.0,61.0,118.0,101.0,67.0,,Engawala (Alcoota),Alice Springs Hospital,False,False,0,0,14.59,,,,,14.52,Optus,3G/2G,Tower within 15km (2025),Engawala (Alcoota),40.75,Central Australia,0.0,0.591743119266055,0.20946915351506457,1.0,1.0,0.4503030681952799,0.5602424545562239,Moderate
Mamadi,Family Outstation,-17.8495099999999,129.63515,Never recorded,False,0.1,152.0,131.0,616.0,432.0,151.0,,Kalkaringi (Wave Hill),Katherine Hospital,False,False,14,0,110.64,,,,,110.63,Telstra,4G,Never recorded,Lajamanu (Hooker Creek),119.03,Big Rivers,1.0,0.8479685452162516,0.8529411764705882,1.0,1.0,0.92522743042171,0.9401819443373679,Critical
Jungarrayi Warrnu,Family Outstation,-22.6859399999999,131.43088,Never recorded,False,0.1,79.0,152.0,367.0,343.0,74.0,,Yuendumu Community Health Centre,Alice Springs Hospital,False,False,3,0,60.91,,,,,61.33,Telstra,4G,Never recorded,Yuendumu,60.91,Central Australia,1.0,0.8781127129750983,0.7037302725968436,1.0,1.0,0.8954607463929855,0.9163685971143885,Critical
Larrpayanji,Family Outstation,-14.7833399999999,134.68017,Never recorded,False,0.1,52.0,54.0,329.0,250.0,72.0,,Urapunga (Rittarangu),Katherine Hospital,False,False,23,0,8.01,,,,,7.91,Telstra,4G,Tower within 15km (2025),Ngukurr (Roper River),8.01,Big Rivers,0.0,0.5543905635648755,0.5265423242467718,1.0,1.0,0.5202332219529118,0.6161865775623294,Moderate
Woolaning,Family Outstation,-13.10521,130.6589,Never recorded,False,0.4,74.0,55.0,110.0,78.0,0.0,78.0,Remote Territory Healthcare,Palmerston Regional Hospital,True,False,29,0,4.33,,,,,4.45,Optus,4G,Tower within 15km (2025),Batchelor,40.6,Top End,0.0,0.5596330275229358,0.17431850789096126,0.0,1.0,0.18348788385347425,0.3467903070827794,Low
Bobs Yard,Family Outstation,-16.0094499999999,130.611249999999,Never recorded,False,0.0,64.0,57.0,474.0,364.0,149.0,,Timber Creek,Katherine Hospital,False,False,25,0,36.32,,,,,41.73,Telstra,4G,Never recorded,Timber Creek,41.04,Big Rivers,1.0,0.5655307994757536,0.7338593974175036,1.0,1.0,0.8248475492233143,0.8598780393786514,High
Barrak Barrak,Family Outstation,-15.8716,130.358759999999,Never recorded,False,0.0,55.0,70.0,567.0,465.0,224.0,,Timber Creek,Katherine Hospital,False,False,30,0,22.62,,,,,27.16,Telstra,4G,Never recorded,Timber Creek,26.65,Big Rivers,1.0,0.6376146788990825,0.8845050215208035,1.0,1.0,0.8805299251049714,0.9044239400839771,Critical
Bucket Springs,Family Outstation,-15.74001,129.164649999999,Never recorded,False,0.1,165.0,155.0,753.0,596.0,220.0,,Bulla,Katherine Hospital,False,False,34,0,93.61,,,,,6.77,Optus,4G,Tower within 15km (2025),Amanbidji (Kildurk),90.6,Big Rivers,0.0,0.8813892529488859,0.9713055954088953,1.0,1.0,0.7131737120894452,0.7705389696715562,High
Policemans Hole,Family Outstation,-15.77853,129.106539999999,Never recorded,False,0.1,155.0,134.0,743.0,575.0,209.0,,Bulla,Katherine Hospital,False,False,37,0,99.79,,,,,1.73,Optus,4G,Macro cell nearby,Amanbidji (Kildurk),90.62,Big Rivers,0.0,0.8505897771952818,0.9555236728837877,1.0,1.0,0.7015283625197674,0.7612226900158139,High
Mt Maiyo,Family Outstation,-17.69491,129.397549999999,Never recorded,False,0.1,188.0,186.0,652.0,488.0,187.0,,Kalkaringi (Wave Hill),Katherine Hospital,False,False,16,0,82.38,,,,,82.36,Telstra,4G,Never recorded,Amanbidji (Kildurk),142.82,Big Rivers,1.0,0.9187418086500655,0.9017216642754663,1.0,1.0,0.955115868231383,0.9640926945851064,Critical
Irrerlirre,Family Outstation,-22.8462,135.1345,Never recorded,False,0.2,32.0,32.0,247.0,178.0,72.0,,Atitjere (Hearts Range) Community Health Centre,Alice Springs Hospital,False,False,2,0,25.63,,,,,24.72,Telstra,4G,Never recorded,Harts Range (Atitjere),25.63,Central Australia,1.0,0.4134993446920052,0.3744619799139168,1.0,1.0,0.6969903311514805,0.7575922649211844,Moderate
Jangirulu,Family Outstation,-18.1256099999999,133.611109999999,Never recorded,False,0.1,78.0,70.0,209.0,149.0,16.0,,Elliot,Tennant Creek Hospital,False,False,17,0,28.89,,,,,28.96,Optus,3G/2G,Never recorded,Elliot,64.14,Barkly,1.0,0.6376146788990825,0.30918220946915353,1.0,1.0,0.736699222092059,0.7893593776736472,High
Ulbulla,Family Outstation,-25.68357,133.196439999999,Never recorded,False,0.2,133.0,95.0,260.0,164.0,5.0,,Imanpa(Mt Ebenezer),Alice Springs Hospital,False,False,0,0,20.36,,,,,20.05,Telstra,4G,Never recorded,Imanpa(Mt Ebenezer),87.98,Central Australia,1.0,0.7398427260812582,0.34074605451936874,1.0,1.0,0.7701471951501567,0.8161177561201253,High
Wunara,Family Outstation,-19.9898,136.618099999999,Never recorded,False,0.0,305.0,185.0,306.0,186.0,1.0,,Tennant Creek Outstations,Tennant Creek Hospital,False,False,8,0,0.09,Wunara,Small cell,TELSTRA,5.0,0.1,Telstra,4G,Macro cell nearby,Canteen Creek,129.9,Barkly,0.0,0.9154652686762779,0.3866571018651363,1.0,1.0,0.5755305926353536,0.6604244741082829,Moderate
Werre-Therre,Family Outstation,-23.5426499999999,133.634729999999,Never recorded,False,0.1,44.0,32.0,47.0,34.0,3.0,,Purple House Primary Health Care,Alice Springs Hospital,False,False,0,0,1.22,Mount Twellar,Near a cell,TELSTRA,17.0,5.14,Telstra,4G,Tower within 15km (2025),Amoonguna,39.5,Central Australia,0.0,0.4134993446920052,0.11190817790530846,1.0,1.0,0.38135188064932846,0.5050815045194628,Low
Ilperle,Family Outstation,-22.92737,135.71575,Never recorded,False,0.1,87.0,80.0,302.0,226.0,127.0,,Atitjere (Hearts Range) Community Health Centre,Alice Springs Hospital,False,False,3,0,80.28,,,,,79.84,Telstra,4G,Never recorded,Bonya,49.01,Central Australia,1.0,0.6775884665792923,0.48421807747489237,1.0,1.0,0.7904516360135462,0.832361308810837,High
Jomet (Urpalarwn),Family Outstation,-15.4206899999999,133.111459999999,Never recorded,False,0.1,64.0,49.0,173.0,115.0,7.0,,Mataranka,Katherine Hospital,False,False,22,0,20.34,,,,,15.97,Telstra,4G,Never recorded,Mataranka,55.39,Big Rivers,1.0,0.5242463958060288,0.25609756097560976,1.0,1.0,0.6950859891954096,0.7560687913563278,Moderate
Undoolya Bore,Family Outstation,-23.7476199999999,134.117619999999,Never recorded,False,0.9,24.0,19.0,35.0,27.0,0.0,27.0,Amoonguna Health Service,Alice Springs Hospital,True,False,0,0,0.06,Undoolya Bore,Near a cell,TELSTRA,16.0,22.65,Optus,4G,Small cell or near a cell,Amoonguna,18.6,Central Australia,0.0,0.3197903014416776,0.10258249641319943,0.0,1.0,0.10559319946371926,0.2844745595709754,Low
Artekerre,Family Outstation,-23.2573899999999,133.7666,Never recorded,False,0.1,52.0,32.0,54.0,34.0,1.0,,Purple House Primary Health Care,Alice Springs Hospital,False,False,0,0,34.88,,,,,30.9,Telstra,4G,Never recorded,Amoonguna,59.17,Central Australia,1.0,0.4134993446920052,0.11190817790530846,1.0,1.0,0.6313518806493283,0.7050815045194627,Moderate
Burt Creek,Family Outstation,-23.19652,133.74759,Never recorded,False,0.0,59.0,36.0,62.0,38.0,1.0,,Purple House Primary Health Care,Alice Springs Hospital,False,False,0,0,40.47,,,,,37.04,Telstra,4G,Never recorded,Amoonguna,66.21,Central Australia,1.0,0.43774574049803405,0.11908177905308465,1.0,1.0,0.6392068798877797,0.7113655039102238,Moderate
Alkuptija,Family Outstation,-23.0653299999999,133.694359999999,Never recorded,False,3.3,80.0,53.0,83.0,56.0,0.0,56.0,Purple House Primary Health Care,Alice Springs Hospital,True,False,0,0,53.5,,,,,51.01,Telstra,4G,Never recorded,Amoonguna,81.75,Central Australia,1.0,0.5484927916120577,0.13773314203730272,0.0,1.0,0.4215564834123401,0.5372451867298721,Low
Wooliana,Family Outstation,-13.67483,130.64275,Never recorded,False,0.4,22.0,19.0,213.0,148.0,2.0,,Nauiyu Nambiyu (Daly River),Palmerston Regional Hospital,False,False,34,0,9.79,,,,,9.83,Telstra,5G,Tower within 15km (2025),Nauiyu Nambiyu (Daly River),9.79,Top End,0.0,0.3197903014416776,0.30631276901004306,1.0,1.0,0.40652576761293013,0.5252206140903442,Low
Nemarluk,Family Outstation,-14.24122,130.00325,Never recorded,False,0.1,30.0,33.0,322.0,261.0,101.0,,Palumpa,Palmerston Regional Hospital,False,False,39,0,12.81,,,,,12.7,Telstra,4G,Tower within 15km (2025),Peppimenarti,12.81,Top End,0.0,0.41874180865006555,0.5480631276901005,1.0,1.0,0.4917012340850415,0.5933609872680332,Moderate
Merrepen,Family Outstation,-14.22128,129.96735,Never recorded,False,0.2,35.0,42.0,327.0,271.0,106.0,,Palumpa,Palmerston Regional Hospital,False,False,39,0,14.15,,,,,14.32,Telstra,4G,Tower within 15km (2025),Peppimenarti,14.15,Top End,0.0,0.4796854521625164,0.5645624103299857,1.0,1.0,0.5110619656231254,0.6088495724985004,Moderate
Kuy,Family Outstation,-14.0354599999999,129.597839999999,Never recorded,False,0.1,50.0,87.0,404.0,368.0,165.0,,Wadeye Community Health Centre,Palmerston Regional Hospital,False,False,42,1,0.0,Kuy,Near a cell,TELSTRA,5.0,24.28,Telstra,5G,Small cell or near a cell,Wadeye (Port Keats),24.27,Top End,0.0,0.7018348623853211,0.7403156384505022,1.0,1.0,0.6105376252089558,0.6884301001671647,Moderate
Yederr,Family Outstation,-14.0196499999999,129.72201,Never recorded,False,0.1,45.0,77.0,399.0,358.0,160.0,,Wadeye Community Health Centre,Palmerston Regional Hospital,False,False,41,0,13.51,,,,,32.81,Telstra,5G,Never recorded,Wadeye (Port Keats),32.78,Top End,1.0,0.6651376146788991,0.7230989956958394,1.0,1.0,0.8470591525936846,0.8776473220749477,Critical
Walkabout Bore,Family Outstation,-24.38261,133.816869999999,Never recorded,False,0.0,56.0,58.0,150.0,112.0,49.0,,Titjikala (Maryvale),Alice Springs Hospital,False,False,0,0,36.67,,,,,19.77,Optus,4G,Never recorded,Titjikala (Maryvale),41.66,Central Australia,1.0,0.573394495412844,0.24964131994261118,1.0,1.0,0.7057589538388638,0.764607163071091,High
Likkaparta,Minor,-19.34336,134.53799,Never recorded,False,0.0,65.0,44.0,65.0,45.0,3.0,,Tennant Creek Outstations,Tennant Creek Hospital,False,False,12,0,36.11,,,,,36.11,Optus,3G/2G,Never recorded,Tennant Creek Outstations,49.75,Barkly,1.0,0.4921363040629096,0.12769010043041606,1.0,0.7822564579321335,0.6549566011233314,0.6804165724850918,Moderate
Kiana,Family Outstation,-17.2423599999999,136.18411,Never recorded,False,0.1,222.0,246.0,549.0,443.0,68.0,,Borroloola,Tennant Creek Hospital,False,False,26,0,100.26,,,,,78.88,Telstra,4G,Never recorded,Robinson River,100.26,Big Rivers,1.0,0.9646133682830931,0.8601147776183644,1.0,1.0,0.9561820364753644,0.9649456291802915,Critical
Goolminyini,Family Outstation,-16.15829,136.09751,Never recorded,False,0.0,31.0,25.0,633.0,407.0,2.0,,Borroloola,Katherine Hospital,False,False,32,2,21.97,,,,,25.14,Telstra,4G,Never recorded,Borroloola,24.54,Big Rivers,1.0,0.37418086500655307,0.806312769010043,1.0,1.0,0.795123408504149,0.8360987268033192,High
Mimina,Family Outstation,-16.8021099999999,136.83428,Never recorded,False,0.0,24.0,48.0,806.0,622.0,147.0,,Robinson River,Katherine Hospital,False,False,28,2,16.27,,,,,16.72,Telstra,4G,Never recorded,Robinson River,16.27,Big Rivers,1.0,0.5203145478374837,0.9827833572453372,1.0,1.0,0.8757744762707053,0.9006195810165643,Critical
Inkawenyerre,Family Outstation,-21.8201599999999,134.84707,Never recorded,False,0.1,32.0,41.0,281.0,253.0,164.0,,Urapuntja (Utopia),Alice Springs Hospital,False,False,4,0,23.73,,,,,30.54,Telstra,5G,Never recorded,Urapuntja (Utopia),30.68,Barkly,1.0,0.47313237221494103,0.5308464849354376,1.0,1.0,0.7509947142875947,0.8007957714300759,High
Iylentye,Family Outstation,-21.98676,134.72667,Never recorded,False,0.1,16.0,23.0,265.0,235.0,160.0,,Urapuntja (Utopia),Alice Springs Hospital,False,False,4,0,7.63,,,,,12.22,Telstra,5G,Tower within 15km (2025),Urapuntja (Utopia),12.28,Barkly,0.0,0.3532110091743119,0.49928263988522237,1.0,1.0,0.46312341226488357,0.5704987298119069,Moderate
Camel Camp,Family Outstation,-22.2718099999999,134.552419999999,Never recorded,False,2.0,39.0,57.0,231.0,206.0,132.0,,Urapuntja (Utopia),Alice Springs Hospital,False,False,3,0,30.71,,,,,30.86,Telstra,5G,Never recorded,Urapuntja (Utopia),30.71,Barkly,1.0,0.5655307994757536,0.4383070301291248,1.0,1.0,0.7509594574012196,0.8007675659209756,High
Atheley,Family Outstation,-21.9175699999999,134.86766,Never recorded,False,0.5,22.0,18.0,271.0,230.0,155.0,,Urapuntja (Utopia),Alice Springs Hospital,False,False,4,0,14.66,,,,,21.06,Telstra,5G,Never recorded,Urapuntja (Utopia),21.21,Barkly,1.0,0.30471821756225426,0.49067431850789095,1.0,1.0,0.6988481340175363,0.759078507214029,Moderate
Pungalindum,Family Outstation,-22.0706099999999,134.688789999999,Never recorded,False,0.1,14.0,21.0,252.0,224.0,155.0,,Urapuntja (Utopia),Alice Springs Hospital,False,False,4,0,9.06,,,,,9.15,Telstra,5G,Tower within 15km (2025),Urapuntja (Utopia),9.06,Barkly,0.0,0.33551769331585846,0.4784791965566714,1.0,1.0,0.45349922246813246,0.562799377974506,Moderate
Ngappamilarnu,Family Outstation,-19.8618799999999,133.278459999999,Never recorded,False,0.1,108.0,207.0,108.0,207.0,101.0,,Tennant Creek Outstations,Tennant Creek Hospital,False,False,8,0,99.9,,,,,97.6,Telstra,5G,Never recorded,Tennant Creek Outstations,98.34,Barkly,1.0,0.9429882044560943,0.4418938307030129,1.0,1.0,0.8462205087897768,0.8769764070318213,Critical
Purrukuwurru,Family Outstation,-19.9456199999999,135.69629,Never recorded,False,0.4,82.0,162.0,254.0,198.0,31.0,,Epenarra (Wutunugurra),Tennant Creek Hospital,False,False,8,0,96.45,,,,,29.48,Optus,3G/2G,Never recorded,Epenarra (Wutunugurra),73.74,Barkly,1.0,0.8944954128440367,0.41965566714490676,1.0,1.0,0.8285377699972358,0.8628302159977886,High
Junkaji,Family Outstation,-20.4465599999999,134.14149,Never recorded,False,5.2,112.0,100.0,113.0,101.0,18.0,,Tennant Creek Outstations,Tennant Creek Hospital,False,False,6,0,22.07,,,,,18.03,Optus,4G,Never recorded,Ali Curung,67.79,Barkly,1.0,0.7536041939711664,0.20946915351506457,1.0,1.0,0.7407683368715577,0.7926146694972462,High
Arrawajin,Family Outstation,-20.5182499999999,134.975509999999,Never recorded,False,0.1,40.0,49.0,182.0,157.0,94.0,,Epenarra (Wutunugurra),Tennant Creek Hospital,False,False,6,0,79.52,,,,,30.87,Telstra,4G,Never recorded,Epenarra (Wutunugurra),29.52,Barkly,1.0,0.5242463958060288,0.3242467718794835,1.0,1.0,0.712123291921378,0.7696986335371024,High
Kalinjarri,Family Outstation,-20.39752,134.36571,Never recorded,False,0.1,103.0,73.0,103.0,74.0,15.0,,Tennant Creek Outstations,Tennant Creek Hospital,False,False,6,0,30.33,,,,,20.26,Optus,4G,Never recorded,Ali Curung,67.5,Barkly,1.0,0.6507208387942333,0.1678622668579627,1.0,1.0,0.704645776413049,0.7637166211304393,High
Illeuwurru,Family Outstation,-21.60913,134.39411,Never recorded,False,0.1,52.0,104.0,264.0,238.0,56.0,,Tara(Neutral Junction),Tennant Creek Hospital,False,False,3,0,52.95,,,,,42.61,Telstra,4G,Never recorded,Tara(Neutral Junction),42.65,Barkly,1.0,0.7706422018348624,0.509325681492109,1.0,1.0,0.8199919708317429,0.8559935766653943,High
Gudjekbin,Family Outstation,-12.2509699999999,133.801089999999,Never recorded,False,0.1,124.0,146.0,402.0,332.0,135.0,,Gunbalanya (Oenpelli),Palmerston Regional Hospital,False,False,21,3,24.98,,,,,51.54,Telstra,5G,Never recorded,Maningrida,51.04,Top End,1.0,0.8702490170380078,0.6886657101865137,1.0,1.0,0.8897286818061303,0.9117829454449042,Critical
Gul Gul,Family Outstation,-11.1304199999999,132.338419999999,Never recorded,False,0.1,241.0,341.0,519.0,528.0,252.0,,Gunbalanya (Oenpelli),Palmerston Regional Hospital,False,False,26,2,21.86,,,,,25.77,Telstra,4G,Never recorded,Minjilang,26.3,Top End,1.0,0.9842726081258192,0.9340028694404591,1.0,1.0,0.9795688693915696,0.9836550955132557,Critical
Pickertaramoor,Minor,-11.76667,130.9,Never recorded,False,0.8,56.0,65.0,,,,,Milikapiti Community Health Centre,,False,False,29,2,27.71,,,,,1.01,Telstra,4G,Macro cell nearby,Wurrumiyanga (Nguiu),28.59,Top End,0.0,0.6146788990825688,1.0,1.0,0.7822564579321335,0.6536697247706422,0.6793870714029404,Moderate
Mirridi,Family Outstation,-19.0187299999999,130.77884,Never recorded,False,0.2,92.0,181.0,651.0,581.0,193.0,,Lajamanu (Hooker Creek),Katherine Hospital,False,False,13,0,74.02,,,,,77.93,Telstra,5G,Never recorded,Lajamanu (Hooker Creek),77.36,Big Rivers,1.0,0.9108781127129751,0.9583931133428981,1.0,1.0,0.9673178065139684,0.9738542452111748,Critical
Kulang,Family Outstation,-24.71557,129.00638,Never recorded,False,0.1,24.0,44.0,689.0,523.0,141.0,,Kaltukatjara (Docker River) Community Health Centre,Alice Springs Hospital,False,False,2,0,16.81,,,,,18.97,Telstra,4G,Never recorded,Kaltukatjara (Docker River),19.3,Central Australia,1.0,0.4921363040629096,0.9311334289813487,1.0,1.0,0.8558174332610646,0.8846539466088517,Critical
Walu,Family Outstation,-24.7371099999999,129.525589999999,Never recorded,False,0.2,51.0,86.0,694.0,544.0,147.0,,Kaltukatjara (Docker River) Community Health Centre,Alice Springs Hospital,False,False,1,0,47.64,,,,,47.43,Telstra,4G,Never recorded,Kaltukatjara (Docker River),47.64,Central Australia,1.0,0.6946264744429882,0.9433285509325682,1.0,1.0,0.9094887563438891,0.9275910050751113,Critical
Walkalba,Family Outstation,-22.1624899999999,131.819909999999,Never recorded,False,0.1,16.0,24.0,309.0,220.0,16.0,,Yuendumu,Alice Springs Hospital,False,False,4,0,10.47,,,,,10.14,Telstra,4G,Tower within 15km (2025),Yuendumu,10.47,Central Australia,0.0,0.3636959370904325,0.46771879483500717,1.0,1.0,0.4578536829813599,0.566282946385088,Moderate
Winparku,Family Outstation,-23.4346499999999,131.46172,Never recorded,False,0.1,37.0,73.0,276.0,283.0,107.0,,Mt Liebig (Amunturrngu),Alice Springs Hospital,False,False,1,0,25.61,,,,,27.48,Telstra,4G,Never recorded,Mt Liebig (Amunturrngu),26.87,Central Australia,1.0,0.6507208387942333,0.5882352941176471,1.0,1.0,0.8097390332279701,0.8477912265823762,High
Pinja,Family Outstation,-18.80958,130.370949999999,Never recorded,False,0.7,100.0,119.0,659.0,518.0,200.0,,Lajamanu (Hooker Creek),Katherine Hospital,False,False,13,0,53.53,,,,,59.98,Telstra,5G,Never recorded,Lajamanu (Hooker Creek),59.74,Big Rivers,1.0,0.8197903014416776,0.9282639885222381,1.0,1.0,0.9370135724909789,0.9496108579927831,Critical
Kurrurldul,Family Outstation,-12.4880599999999,134.240119999999,Never recorded,False,2.6,93.0,128.0,464.0,407.0,194.0,,Mala'la Primary Health Care Centre,Palmerston Regional Hospital,False,False,20,2,33.7,,,,,48.13,Telstra,5G,Never recorded,Maningrida,48.65,Top End,1.0,0.8427260812581914,0.806312769010043,1.0,1.0,0.9122597125670586,0.9298077700536469,Critical
Awumbunyji,Family Outstation,-14.4472299999999,135.43529,Never recorded,False,11.7,78.0,92.0,420.0,352.0,143.0,,Numbulwar,Katherine Hospital,False,True,25,1,37.83,,,,,37.77,Telstra,4G,Never recorded,Numbulwar,37.83,Big Rivers,1.0,0.7260812581913499,0.7187948350071736,1.0,1.0,0.8612190232996308,0.8889752186397046,Critical
Chilla Well,Family Outstation,-21.52777,130.970669999999,Never recorded,False,0.1,123.0,94.0,419.0,290.0,43.0,,Yuendumu Community Health Centre,Alice Springs Hospital,False,False,5,0,117.29,,,,,117.38,Telstra,4G,Never recorded,Yuendumu,117.29,Central Australia,1.0,0.7359108781127129,0.6004304160688666,1.0,1.0,0.8340853235453949,0.8672682588363159,High
5 Mile Bore,Family Outstation,-23.23265,131.982959999999,Never recorded,False,0.0,9.0,10.0,235.0,189.0,97.0,,Papunya Community Health Centre,Alice Springs Hospital,False,False,1,0,5.36,,,,,7.67,Telstra,4G,Tower within 15km (2025),Papunya Community Health Centre,8.2,,0.0,0.22608125819134994,0.3945480631276901,1.0,1.0,0.40515733032976,0.524125864263808,Low
Ulambara,Family Outstation,-23.2771499999999,131.92748,Never recorded,False,0.1,9.0,16.0,250.0,211.0,111.0,,Papunya Community Health Centre,Alice Springs Hospital,False,False,1,0,0.0,Ulambara,Near a cell,TELSTRA,8.0,9.6,Telstra,4G,Tower within 15km (2025),Papunya Community Health Centre,8.31,,0.0,0.27916120576671033,0.4483500717360115,1.0,1.0,0.4318778193756805,0.5455022555005444,Moderate
Amundurngua,Family Outstation,-23.2714299999999,131.423429999999,Never recorded,False,0.0,23.0,29.0,300.0,258.0,160.0,,Amunturrngu (Mt Liebig) Community Health Centre,Alice Springs Hospital,False,False,1,0,15.36,,,,,15.04,Telstra,4G,Never recorded,Mt Liebig (Amunturrngu),15.36,Central Australia,1.0,0.40104849279161203,0.539454806312769,1.0,1.0,0.7351258247760952,0.7881006598208762,High
Tjintirtjintirpa,Family Outstation,-23.2852199999999,131.270589999999,Never recorded,False,0.1,2.0,4.0,315.0,272.0,173.0,,Mt Liebig (Amunturrngu),Alice Springs Hospital,False,False,1,0,0.05,Tjintirtjintirpa,Near a cell,TELSTRA,5.0,3.48,Telstra,4G,Tower within 15km (2025),Mt Liebig (Amunturrngu),2.15,Central Australia,0.0,0.18086500655307994,0.5674318507890961,1.0,1.0,0.437074214335544,0.5496593714684351,Moderate
Ngutjul,Family Outstation,-23.2967699999999,129.46752,Never recorded,False,0.0,12.0,23.0,506.0,475.0,367.0,,Kintore,Alice Springs Hospital,False,False,2,0,8.52,,,,,8.64,Telstra,4G,Tower within 15km (2025),Kintore,8.52,Central Australia,0.0,0.3532110091743119,0.8931133428981348,1.0,1.0,0.5615810880181117,0.6492648704144893,Moderate
Muyin,Family Outstation,-23.15972,129.004889999999,Never recorded,False,0.0,44.0,88.0,548.0,542.0,409.0,,Kintore,Alice Springs Hospital,False,False,2,0,41.15,,,,,41.03,Telstra,4G,Never recorded,Kintore,41.15,Central Australia,1.0,0.7064220183486238,0.9390243902439024,1.0,1.0,0.9113616021481316,0.9290892817185054,Critical
Ngankiritja,Family Outstation,-23.4645899999999,131.87969,Never recorded,False,0.5,2.0,4.0,228.0,189.0,60.0,,Haasts Bluff (Ikuntji),Alice Springs Hospital,False,False,1,0,21.41,,,,,30.76,Telstra,4G,Never recorded,Haasts Bluff (Ikuntji),1.93,Central Australia,1.0,0.18086500655307994,0.3945480631276901,1.0,1.0,0.6438532674201924,0.7150826139361539,Moderate
Tarawara,Family Outstation,-23.5472599999999,131.413379999999,Never recorded,False,0.2,54.0,108.0,281.0,293.0,112.0,,Haasts Bluff (Ikuntji),Alice Springs Hospital,False,False,1,0,32.58,,,,,35.39,Telstra,4G,Never recorded,Mt Liebig (Amunturrngu),34.39,Central Australia,1.0,0.7883355176933159,0.6104734576757532,1.0,1.0,0.8497022438422672,0.8797617950738138,Critical
Camels Hump,Family Outstation,-23.7517499999999,131.594349999999,Never recorded,False,0.1,74.0,78.0,278.0,327.0,95.0,,Watarrka(Kings Canyon),Alice Springs Hospital,False,False,1,0,54.12,,,,,56.15,Optus,4G,Never recorded,Haasts Bluff (Ikuntji),44.73,Central Australia,1.0,0.6684141546526867,0.6822094691535151,1.0,1.0,0.8376559059515505,0.8701247247612404,High
Alkngarriintja,Family Outstation,-23.9560199999999,132.46233,Never recorded,False,0.1,42.0,42.0,167.0,135.0,8.0,,Hermannsburg (Ntaria),Alice Springs Hospital,False,False,0,0,22.19,,,,,30.32,Optus,4G,Never recorded,Utju(Areonga),23.44,Central Australia,1.0,0.4796854521625164,0.27905308464849354,1.0,1.0,0.6896846342027525,0.751747707362202,Moderate
Ntakarra,Family Outstation,-23.8950099999999,132.680009999999,Never recorded,False,0.0,17.0,16.0,142.0,110.0,2.0,,Hermannsburg (Ntaria),Alice Springs Hospital,False,False,0,0,0.0,Ntakarra,Near a cell,TELSTRA,5.0,11.15,Telstra,4G,Tower within 15km (2025),Hermannsburg (Ntaria),11.35,Central Australia,0.0,0.27916120576671033,0.24031563845050216,1.0,1.0,0.37986921105430316,0.5038953688434425,Low
Ipalala,Family Outstation,-23.9255599999999,132.678079999999,Never recorded,False,2.5,16.0,17.0,141.0,111.0,5.0,,Hermannsburg (Ntaria),Alice Springs Hospital,False,False,0,0,0.0,Ipalala,Near a cell,TELSTRA,6.0,10.2,Telstra,4G,Tower within 15km (2025),Hermannsburg (Ntaria),10.4,Central Australia,0.0,0.290956749672346,0.24461979913916787,1.0,1.0,0.38389413720287846,0.5071153097623028,Low
Ulpunda,Family Outstation,-23.9546,132.766,Never recorded,False,0.5,3.0,4.0,128.0,98.0,0.0,,Hermannsburg (Ntaria),Alice Springs Hospital,False,False,0,0,0.0,Ulpunda,Near a cell,TELSTRA,9.0,1.77,Telstra,4G,Macro cell nearby,Hermannsburg (Ntaria),1.85,Central Australia,0.0,0.18086500655307994,0.20014347202295552,1.0,1.0,0.34525211964400887,0.47620169571520704,Low
Palm Paddock,Family Outstation,-24.0853399999999,132.68126,Never recorded,False,0.1,26.0,50.0,151.0,144.0,24.0,,Hermannsburg (Ntaria),Alice Springs Hospital,False,False,0,0,16.63,,,,,6.78,Optus,4G,Tower within 15km (2025),Hermannsburg (Ntaria),18.7,Central Australia,0.0,0.5327653997378768,0.3012912482065997,1.0,1.0,0.45851416198611916,0.5668113295888954,Moderate
Deleye,Family Outstation,-13.76535,129.97667,Never recorded,False,0.2,12.0,24.0,318.0,309.0,99.0,,Woodycupaldiya Community Health Centre,Palmerston Regional Hospital,False,False,39,1,44.13,,,,,44.93,Telstra,4G,Never recorded,Woodyculpaldiya,10.77,Top End,1.0,0.3636959370904325,0.6420373027259685,1.0,1.0,0.7514333099541002,0.8011466479632802,High
Kuwuma,Family Outstation,-13.5980499999999,130.36991,Never recorded,False,0.0,79.0,159.0,325.0,323.0,107.0,,Woodycupaldiya Community Health Centre,Palmerston Regional Hospital,False,False,33,0,38.41,,,,,38.45,Telstra,5G,Never recorded,Nauiyu Nambiyu (Daly River),38.41,Top End,1.0,0.8879423328964613,0.6721664275466284,1.0,1.0,0.8900271901107724,0.9120217520886179,Critical
Kwombom,Family Outstation,-13.95523,130.29075,Never recorded,False,0.0,65.0,86.0,280.0,234.0,62.0,,Peppimenarti Health Centre,Palmerston Regional Hospital,False,False,38,0,31.71,,,,,24.26,Telstra,4G,Never recorded,Peppimenarti,31.71,Top End,1.0,0.6946264744429882,0.4971305595408895,1.0,1.0,0.7979392584959695,0.8383514067967756,High
Wudaduk,Family Outstation,-14.0277099999999,129.943749999999,Never recorded,False,3.1,28.0,54.0,331.0,291.0,109.0,,Peppimenarti Health Centre,Palmerston Regional Hospital,False,False,41,0,19.75,,,,,20.66,Telstra,4G,Never recorded,Woodyculpaldiya,19.73,Top End,1.0,0.5543905635648755,0.6040172166427547,1.0,1.0,0.7896019450519075,0.831681556041526,High
Chuluk,Family Outstation,-13.665,130.267779999999,Never recorded,False,7.5,80.0,160.0,325.0,324.0,100.0,,Woodycupaldiya Community Health Centre,Palmerston Regional Hospital,False,False,35,0,46.48,,,,,46.51,Telstra,5G,Never recorded,Woodyculpaldiya,36.0,Top End,1.0,0.8905635648754915,0.6750358680057389,1.0,1.0,0.8913998582203075,0.913119886576246,Critical
16 Mile Camp,Family Outstation,-23.4576399999999,133.83248,Never recorded,False,1.0,28.0,18.0,31.0,20.0,0.0,20.0,Purple House Primary Health Care,Alice Springs Hospital,True,False,0,0,23.35,,,,,17.13,Telstra,4G,Never recorded,Amoonguna,35.91,Central Australia,1.0,0.30471821756225426,0.08823529411764706,0.0,1.0,0.3482383779199753,0.4785907023359803,Low
Blacktank Bore,Family Outstation,-23.3235199999999,134.020489999999,Never recorded,False,1.0,77.0,70.0,80.0,72.0,28.0,,Purple House Primary Health Care,Alice Springs Hospital,False,False,0,0,45.61,,,,,41.2,Telstra,4G,Never recorded,Amoonguna,49.98,Central Australia,1.0,0.6376146788990825,0.1642754662840746,1.0,1.0,0.7004725362957893,0.7603780290366314,High
Turners Camp,Family Outstation,-23.3051399999999,134.069369999999,Never recorded,False,0.1,81.0,78.0,84.0,80.0,33.0,,Purple House Primary Health Care,Alice Springs Hospital,False,False,0,0,41.48,,,,,41.28,Optus,4G,Never recorded,Amoonguna,53.05,Central Australia,1.0,0.6684141546526867,0.17718794835007173,1.0,1.0,0.7114005257506897,0.7691204206005517,High
Williams Well,Family Outstation,-23.6732699999999,134.278739999999,Never recorded,False,1.2,43.0,34.0,54.0,42.0,0.0,42.0,Amoonguna Health Service,Alice Springs Hospital,True,False,0,0,18.35,,,,,20.68,Optus,4G,Never recorded,Amoonguna,36.39,Central Australia,1.0,0.4226736566186107,0.12410329985652797,0.0,1.0,0.38669423911878464,0.5093553912950277,Low
Akarnenehe Well,Family Outstation,-23.0599199999999,136.19361,Never recorded,False,0.0,41.0,57.0,351.0,275.0,177.0,,Bonya,Alice Springs Hospital,False,False,2,0,129.17,,,,,128.88,Telstra,4G,Never recorded,Bonya,30.73,Central Australia,1.0,0.5655307994757536,0.5717360114777619,1.0,1.0,0.7843167027383788,0.8274533621907031,High
Antere,Family Outstation,-25.66309,134.409339999999,Never recorded,False,0.6,21.0,22.0,401.0,294.0,126.0,,Aputula(Finke),Alice Springs Hospital,False,False,0,0,112.8,,,,,18.59,Telstra,4G,Never recorded,Aputula(Finke),19.15,Central Australia,1.0,0.3427260812581914,0.6133428981348638,1.0,1.0,0.7390172448482638,0.7912137958786111,High
Oak Valley,Family Outstation,-24.3849799999999,133.932179999999,Never recorded,False,0.2,44.0,46.0,162.0,124.0,61.0,,Titjikala (Maryvale),Alice Springs Hospital,False,False,0,0,35.26,,,,,31.06,Optus,4G,Never recorded,Titjikala (Maryvale),35.26,Central Australia,1.0,0.5058977719528178,0.2632711621233859,1.0,1.0,0.6922922335190509,0.7538337868152407,Moderate
Mount Peachy,Family Outstation,-24.3941599999999,133.871809999999,Never recorded,False,0.1,49.0,49.0,154.0,115.0,53.0,,Titjikala (Maryvale),Alice Springs Hospital,False,False,0,0,37.33,,,,,25.45,Optus,4G,Never recorded,Titjikala (Maryvale),37.33,Central Australia,1.0,0.5242463958060288,0.25609756097560976,1.0,1.0,0.6950859891954096,0.7560687913563278,Moderate
Pwertentye,Family Outstation,-23.3729099999999,134.79239,Never recorded,False,0.1,116.0,116.0,127.0,124.0,51.0,,Amoonguna Health Service,Alice Springs Hospital,False,False,0,0,39.23,,,,,14.17,Optus,4G,Tower within 15km (2025),Harts Range (Atitjere),45.57,Central Australia,0.0,0.8125819134993447,0.2632711621233859,1.0,1.0,0.5189632689056827,0.6151706151245462,Moderate
Barridjowkeng,Family Outstation,-12.34863,134.175289999999,Never recorded,False,0.1,62.0,65.0,432.0,343.0,165.0,,Mala'la Primary Health Care Centre,Palmerston Regional Hospital,False,False,20,3,18.29,,,,,33.17,Telstra,5G,Never recorded,Maningrida,33.53,Top End,1.0,0.6146788990825688,0.7037302725968436,1.0,1.0,0.8296022929198531,0.8636818343358825,High
Ji-Malawa,Family Outstation,-12.12168,134.673339999999,Never recorded,False,0.1,,,,,,,,,False,False,21,3,24.15,,,,,25.7,Telstra,4G,Never recorded,Yurrwi (Milingimbi),26.9,East Arnhem,1.0,1.0,1.0,1.0,1.0,1.0,1.0,Critical
Kabalyarra,Family Outstation,-12.0694599999999,134.212789999999,Never recorded,False,0.1,3.0,5.0,494.0,407.0,224.0,,Mala'la Primary Health Care Centre,Palmerston Regional Hospital,False,False,21,4,2.38,Maningrida,Macro cell,TELSTRA,2297.0,2.52,Telstra,5G,Macro cell nearby,Maningrida,2.38,Top End,0.0,0.1913499344692005,0.806312769010043,1.0,1.0,0.4994156758698109,0.5995325406958487,Moderate
Yaminyi,Family Outstation,-12.79026,134.356989999999,Never recorded,False,6.2,126.0,215.0,435.0,469.0,308.0,,Mala'la Primary Health Care Centre,Katherine Hospital,False,False,19,1,68.36,,,,,80.36,Telstra,5G,Never recorded,Ramingining,80.7,East Arnhem,1.0,0.9482306684141546,0.8895265423242468,1.0,1.0,0.9594393026846003,0.9675514421476802,Critical
Yikarrakkal,Family Outstation,-12.5036299999999,134.1114,Never recorded,False,0.2,80.0,103.0,452.0,382.0,184.0,,Mala'la Primary Health Care Centre,Palmerston Regional Hospital,False,False,20,2,28.0,,,,,51.51,Telstra,5G,Never recorded,Maningrida,51.8,Top End,1.0,0.765399737876802,0.7618364418938307,1.0,1.0,0.8818090449426582,0.9054472359541265,Critical
Red Lily,Family Outstation,-12.86449,132.56967,Never recorded,False,0.2,55.0,44.0,260.0,174.0,5.0,,Jabiru Health Centre,Katherine Hospital,False,False,27,0,6.85,,,,,6.88,Telstra,5G,Tower within 15km (2025),Jabiru,35.54,Top End,0.0,0.4921363040629096,0.366571018651363,1.0,1.0,0.46467683067856813,0.5717414645428545,Moderate
Hunters Camp,Family Outstation,-12.65001,132.8291,Never recorded,False,0.1,5.0,5.0,232.0,156.0,1.0,,Jabiru Health Centre,Palmerston Regional Hospital,False,False,26,0,0.01,Hunters Camp,Near a cell,OPTUS/TELSTRA,5.0,2.24,Telstra,5G,Macro cell nearby,Jabiru,2.85,Top End,0.0,0.1913499344692005,0.32281205164992827,1.0,1.0,0.37854049652978217,0.5028323972238258,Low
Mumukala,Family Outstation,-12.6113699999999,132.66648,Never recorded,False,0.1,24.0,19.0,216.0,147.0,2.0,,Jabiru Health Centre,Palmerston Regional Hospital,False,False,25,0,0.07,Mumukala,Near a cell,TELSTRA,12.0,19.33,Telstra,5G,Small cell or near a cell,Jabiru,19.48,Top End,0.0,0.3197903014416776,0.30416068866571017,1.0,1.0,0.40598774752684696,0.5247901980214775,Low
Ngipin,Family Outstation,-11.60003,133.45832,Never recorded,False,0.1,14.0,27.0,,,,,Warruwi,,False,False,28,3,9.28,,,,,9.63,Telstra,4G,Tower within 15km (2025),Warruwi,9.28,Top End,0.0,0.3885976408912189,1.0,1.0,1.0,0.5971494102228048,0.6777195281782438,Moderate
Buymarr,Family Outstation,-12.6982699999999,136.636529999999,Never recorded,False,0.0,100.0,102.0,104.0,103.0,88.0,,Laynhapuy Homelands,Gove District Hospital,False,False,26,1,46.57,,,,,39.27,Telstra,4G,Never recorded,Gunyangara,54.21,East Arnhem,1.0,0.7608125819134993,0.2187948350071736,1.0,1.0,0.7449018542301682,0.7959214833841346,High
Gutjangan,Family Outstation,-12.0839,136.80857,Never recorded,False,9.1,14.0,26.0,14.0,26.0,1.0,,Nhulunbuy Urban,Gove District Hospital,False,False,26,2,0.0,Gutjangan,Near a cell,TELSTRA,23.0,11.37,Optus,4G,Tower within 15km (2025),Nhulunbuy Urban,11.99,East Arnhem,0.0,0.38335517693315857,0.09899569583931134,1.0,1.0,0.3705877181931175,0.49647017455449394,Low
Dharawa,Family Outstation,-11.84938,135.846929999999,Never recorded,False,0.1,43.0,84.0,,,,,Galiwin'ku Health Centre,,False,False,25,3,33.67,,,,,36.35,Telstra,5G,Never recorded,Galiwin'ku (Elcho Island),36.14,East Arnhem,1.0,0.6867627785058977,1.0,1.0,1.0,0.9216906946264745,0.9373525557011796,Critical
Dhayirri,Family Outstation,-11.9612,135.6187,Never recorded,False,0.1,10.0,19.0,,,,,Galiwin'ku Health Centre,,False,False,24,3,5.99,,,,,9.17,Telstra,5G,Tower within 15km (2025),Galiwin'ku (Elcho Island),8.96,East Arnhem,0.0,0.3197903014416776,1.0,1.0,1.0,0.5799475753604194,0.6639580602883355,Moderate
Galawarra,Family Outstation,-12.0444,135.593729999999,Never recorded,False,1.2,7.0,13.0,,,,,Galiwin'ku (Elcho Island),,False,False,23,3,0.0,Galawarra,Near a cell,TELSTRA,16.0,3.81,Telstra,5G,Tower within 15km (2025),Galiwin'ku (Elcho Island),3.77,East Arnhem,0.0,0.24311926605504589,1.0,1.0,1.0,0.5607798165137614,0.6486238532110091,Moderate
Mudhamul,Family Outstation,-12.16089,136.172079999999,Never recorded,False,8.3,149.0,230.0,153.0,231.0,129.0,,Laynhapuy Homelands,Gove District Hospital,False,False,26,2,51.16,,,,,55.25,Telstra,4G,Never recorded,Gapuwiyak,55.06,East Arnhem,1.0,0.9580602883355177,0.4921090387374462,1.0,1.0,0.862542331768241,0.8900338654145928,Critical
Bishops Bore,Family Outstation,-14.6145199999999,133.070529999999,Never recorded,False,0.1,,,,,,,,,False,False,21,0,8.14,,,,,8.37,Telstra,5G,Tower within 15km (2025),Wugularr (Beswick),8.14,Big Rivers,0.0,1.0,1.0,1.0,1.0,0.75,0.8,High
Baghetti,Family Outstation,-13.75874,134.463719999999,Never recorded,False,5.1,36.0,58.0,320.0,275.0,195.0,,Bulman Health Centre,Katherine Hospital,False,False,23,0,17.5,,,,,16.41,Telstra,4G,Never recorded,Gulin (Bulman),17.5,Big Rivers,1.0,0.573394495412844,0.5717360114777619,1.0,1.0,0.7862826267226515,0.8290261013781212,High
Doolgarina,Family Outstation,-16.22917,136.766109999999,Never recorded,False,0.0,63.0,74.0,719.0,491.0,60.0,,Borroloola,Katherine Hospital,False,False,31,2,52.23,,,,,52.87,Telstra,4G,Never recorded,Borroloola,52.23,Big Rivers,1.0,0.6566186107470511,0.906025824964132,1.0,1.0,0.8906611089277958,0.9125288871422367,Critical
Ijarra,Family Outstation,-16.2151999999999,136.005009999999,Never recorded,False,0.1,43.0,35.0,637.0,414.0,10.0,,Borroloola,Katherine Hospital,False,False,31,0,33.63,,,,,26.14,Telstra,4G,Never recorded,Borroloola,36.18,Big Rivers,1.0,0.42857142857142855,0.8213773314203731,1.0,1.0,0.8124871899979504,0.8499897519983604,High
North Island,Family Outstation,-15.5629399999999,136.845269999999,Never recorded,False,42.9,96.0,164.0,751.0,583.0,30.0,,Borroloola Community Health Centre,Katherine Hospital,False,True,34,3,80.41,,,,,79.4,Telstra,4G,Never recorded,Borroloola,80.41,Big Rivers,1.0,0.8977719528178244,0.9612625538020086,1.0,1.0,0.9647586266549583,0.9718069013239667,Critical
Wada Wadalla,Family Outstation,-15.92948,136.428859999999,Never recorded,False,0.0,26.0,44.0,681.0,462.0,23.0,,Borroloola,Katherine Hospital,False,False,33,3,20.14,,,,,19.04,Telstra,4G,Never recorded,Borroloola,20.14,Big Rivers,1.0,0.4921363040629096,0.8809182209469153,1.0,1.0,0.8432636312524562,0.8746109050019649,High
Manangoora,Family Outstation,-16.0515,136.860849999999,Never recorded,False,0.1,92.0,114.0,748.0,532.0,89.0,,Borroloola,Katherine Hospital,False,False,32,3,59.22,,,,,59.28,Telstra,4G,Never recorded,Borroloola,59.22,Big Rivers,1.0,0.8047182175622543,0.9354375896700143,1.0,1.0,0.9350389518080672,0.9480311614464536,Critical
Wurlbu,Family Outstation,-16.0746399999999,136.28415,Never recorded,False,0.1,6.0,7.0,655.0,420.0,1.0,,Borroloola,Katherine Hospital,False,False,32,2,0.04,Wurlbu,Near a cell,TELSTRA,7.0,3.31,Telstra,4G,Tower within 15km (2025),Borroloola,2.55,Big Rivers,0.0,0.209043250327654,0.8299856527977044,1.0,1.0,0.5097572257813396,0.6078057806250717,Moderate
Dillinya,Family Outstation,-15.85698,132.04505,Never recorded,False,0.1,235.0,185.0,252.0,195.0,26.0,,Binjari Community Health Centre,Katherine Hospital,False,False,24,0,80.89,,,,,26.11,Telstra,4G,Never recorded,Nitjpurru (Pigeon Hole),138.1,Big Rivers,1.0,0.9154652686762779,0.4096126255380201,1.0,1.0,0.8312694735535745,0.8650155788428595,High
Lija Mukumparla,Family Outstation,-17.3320799999999,135.080739999999,Never recorded,False,11.3,268.0,267.0,563.0,449.0,54.0,,Borroloola,Tennant Creek Hospital,False,True,22,0,165.19,,,,,99.56,Telstra,4G,Never recorded,Elliot,165.19,Barkly,1.0,0.9705111402359109,0.870157819225251,1.0,1.0,0.9601672398652905,0.9681337918922324,Critical
Kurraya,Family Outstation,-19.76559,134.475449999999,Never recorded,False,0.1,41.0,66.0,42.0,67.0,27.0,,Tennant Creek Outstations,Tennant Creek Hospital,False,False,8,0,33.47,,,,,30.14,Telstra,5G,Never recorded,Tennant Creek Outstations,32.61,Barkly,1.0,0.6218872870249017,0.15423242467718795,1.0,1.0,0.6940299279255224,0.7552239423404179,Moderate
Ankweleyelengkwe,Family Outstation,-21.59675,133.755169999999,Never recorded,False,0.0,,,,,,,,,False,False,3,0,14.2,,,,,15.67,Optus,3G/2G,Never recorded,Wilora Community Health Centre,16.37,,1.0,1.0,1.0,1.0,1.0,1.0,1.0,Critical
Jemelke,Family Outstation,-21.53389,133.87473,Never recorded,False,0.1,14.0,23.0,226.0,138.0,0.0,,Tara Community Health Centre,Tennant Creek Hospital,False,False,4,0,0.0,Jemelke,Near a cell,OPTUS/TELSTRA,8.0,1.54,Optus,3G/2G,Macro cell nearby,Tara(Neutral Junction),12.98,Barkly,0.0,0.3532110091743119,0.28407460545193686,1.0,1.0,0.4093214036565622,0.5274571229252498,Low
Minmarama Park,Town Camp,-12.41118,130.849179999999,Never recorded,False,0.0,2.0,2.0,10.0,9.0,0.0,9.0,Danila Dilba - Bagot Clinic,Royal Darwin Hospital,True,False,31,1,21.53,,,,,1.19,Telstra,5G,Macro cell nearby,Belyuen,21.53,Top End,0.0,0.15072083879423329,0.05667144906743185,0.0,0.0,0.051848071965416284,0.041478457572333025,Low
Iron Stone,Family Outstation,-12.89499,130.43571,Never recorded,False,0.3,86.0,75.0,122.0,98.0,10.0,,Remote Territory Healthcare,Palmerston Regional Hospital,False,False,31,1,37.77,,,,,17.26,Telstra,4G,Never recorded,Belyuen,48.9,Top End,1.0,0.6592398427260813,0.20014347202295552,1.0,1.0,0.7148458286872592,0.7718766629498074,High
Mobarn,Family Outstation,-13.57939,134.354989999999,Never recorded,False,0.1,16.0,31.0,321.0,266.0,200.0,,Bulman Health Centre,Katherine Hospital,False,False,23,0,8.78,,,,,10.44,Telstra,4G,Tower within 15km (2025),Gulin (Bulman),9.83,Big Rivers,0.0,0.40629095674967236,0.5530846484935438,1.0,1.0,0.489843901310804,0.5918751210486433,Moderate
Mariah,Family Outstation,-11.22968,132.38022,Never recorded,False,0.1,233.0,326.0,511.0,513.0,244.0,,Gunbalanya (Oenpelli),Palmerston Regional Hospital,False,False,27,2,21.94,,,,,23.01,Telstra,4G,Never recorded,Minjilang,23.35,Top End,1.0,0.981651376146789,0.9232424677187948,1.0,1.0,0.976223460966396,0.9809787687731168,Critical
Blue Bush,Family Outstation,-19.02411,133.735829999999,Never recorded,False,2.4,133.0,140.0,134.0,141.0,41.0,,Tennant Creek Outstations,Tennant Creek Hospital,False,False,16,0,67.49,,,,,67.57,Optus,3G/2G,Never recorded,Tennant Creek Outstations,84.16,Barkly,1.0,0.8584534731323722,0.2890961262553802,1.0,1.0,0.7868873998469381,0.8295099198775505,High
Milmilngkan,Family Outstation,-12.5231599999999,134.247309999999,Never recorded,False,3.2,87.0,116.0,458.0,395.0,188.0,,Mala'la Primary Health Care Centre,Palmerston Regional Hospital,False,False,20,2,37.16,,,,,52.05,Telstra,5G,Never recorded,Maningrida,52.58,Top End,1.0,0.8125819134993447,0.7833572453371592,1.0,1.0,0.898984789709126,0.9191878317673009,Critical
Lake Katherine,Family Outstation,-14.27374,135.068049999999,Never recorded,False,0.1,78.0,94.0,393.0,327.0,128.0,,Ngukurr (Roper River),Katherine Hospital,False,False,24,0,62.46,,,,,62.59,Telstra,4G,Never recorded,Ngukurr (Roper River),62.46,Big Rivers,1.0,0.7359108781127129,0.6822094691535151,1.0,1.0,0.854530086816557,0.8836240694532457,Critical
Sabina,Family Outstation,-13.8603,129.93195,Never recorded,False,0.1,8.0,16.0,321.0,315.0,102.0,,Woodyculpaldiya,Palmerston Regional Hospital,False,False,41,0,35.81,,,,,36.68,Telstra,4G,Never recorded,Woodyculpaldiya,7.47,Top End,1.0,0.27916120576671033,0.6563845050215208,1.0,1.0,0.7338864276970578,0.7871091421576463,High
Wulkabimirri,Family Outstation,-12.35538,134.90591,Never recorded,False,0.0,4.0,5.0,414.0,364.0,383.0,,Ramingining Community Health Centre - Milbrim Road,Gove District Hospital,False,False,20,3,4.03,,,,,3.74,Telstra,5G,Tower within 15km (2025),Ramingining,4.03,East Arnhem,0.0,0.1913499344692005,0.7338593974175036,1.0,1.0,0.481302332971676,0.5850418663773408,Moderate
Nguyarramini,Family Outstation,-20.0871299999999,134.38577,Never recorded,False,0.1,,,,,,,,,False,False,7,0,55.8,,,,,52.69,Telstra,4G,Never recorded,Tennant Creek Outstations,52.96,Barkly,1.0,1.0,1.0,1.0,1.0,1.0,1.0,Critical
Punjarriji,Family Outstation,-20.31062,134.50807,Never recorded,False,0.0,108.0,107.0,109.0,108.0,30.0,,Tennant Creek Outstations,Tennant Creek Hospital,False,False,6,0,46.87,,,,,36.9,Optus,4G,Never recorded,Ali Curung,77.74,Barkly,1.0,0.783748361730013,0.22955523672883787,1.0,1.0,0.7533258996147127,0.8026607196917702,High
Bloodwood Bore,Family Outstation,-25.76764,134.288299999999,Never recorded,False,0.4,38.0,39.0,384.0,276.0,109.0,,Aputula(Finke),Alice Springs Hospital,False,False,0,0,99.22,,,,,35.04,Telstra,4G,Never recorded,Aputula(Finke),35.61,Central Australia,1.0,0.4639580602883355,0.5753228120516499,1.0,1.0,0.7598202180849963,0.807856174467997,High
Beer St Bore,Family Outstation,-25.58297,134.525649999999,Never recorded,False,3.3,14.0,26.0,432.0,337.0,155.0,,Aputula(Finke),Alice Springs Hospital,False,False,0,0,110.76,,,,,4.79,Telstra,4G,Tower within 15km (2025),Aputula(Finke),5.24,Central Australia,0.0,0.38335517693315857,0.6958393113342898,1.0,1.0,0.5197986220668621,0.6158388976534896,Moderate
Halfway Camp,Family Outstation,-25.69492,134.362629999999,Never recorded,False,0.1,28.0,31.0,395.0,290.0,121.0,,Aputula(Finke),Alice Springs Hospital,False,False,0,0,107.59,,,,,24.4,Telstra,4G,Never recorded,Aputula(Finke),24.96,Central Australia,1.0,0.40629095674967236,0.6004304160688666,1.0,1.0,0.7516803432046347,0.8013442745637078,High
Charlotte Waters,Family Outstation,-25.9142399999999,134.89274,Never recorded,False,0.0,60.0,89.0,479.0,401.0,205.0,,Aputula(Finke),Alice Springs Hospital,False,False,0,0,159.51,,,,,48.61,Telstra,4G,Never recorded,Aputula(Finke),48.56,Central Australia,1.0,0.7116644823066841,0.7905308464849354,1.0,1.0,0.8755488321979049,0.900439065758324,Critical
Mcdonalds Yard,Family Outstation,-17.7823899999999,130.592109999999,Never recorded,False,0.0,53.0,93.0,517.0,394.0,52.0,,Kalkaringi (Wave Hill),Katherine Hospital,False,False,16,0,45.17,,,,,45.48,Telstra,4G,Never recorded,Kalkaringi (Wave Hill),45.17,Big Rivers,1.0,0.7313237221494102,0.7804878048780488,1.0,1.0,0.8779528817568647,0.9023623054054918,Critical
Mallarrami,Family Outstation,-11.7754099999999,136.535629999999,Never recorded,False,0.1,,,,,,,,,False,False,23,3,45.37,,,,,49.25,Telstra,4G,Never recorded,Gunyangara,52.31,East Arnhem,1.0,1.0,1.0,1.0,1.0,1.0,1.0,Critical
Alice Well,Family Outstation,-24.8812299999999,134.22962,Never recorded,False,0.0,29.0,58.0,232.0,222.0,130.0,,Titjikala (Maryvale),Alice Springs Hospital,False,False,0,0,27.8,,,,,27.43,Telstra,4G,Never recorded,Titjikala (Maryvale),27.8,Central Australia,1.0,0.573394495412844,0.4727403156384505,1.0,1.0,0.7615337027628236,0.8092269622102588,High
Irrmarne,Family Outstation,-21.6540499999999,136.394749999999,Never recorded,False,0.1,146.0,150.0,454.0,389.0,280.0,,Ampilatwatja Health Centre,Tennant Creek Hospital,False,False,5,0,120.88,,,,,112.12,Telstra,4G,Never recorded,Aherrenge (Ampilawatja),120.88,Barkly,1.0,0.8761467889908257,0.7718794835007173,1.0,1.0,0.9120065681228857,0.9296052544983086,Critical
Pantyinteme,Family Outstation,-24.4501099999999,133.112069999999,Never recorded,False,0.0,139.0,115.0,145.0,119.0,23.0,,Alukura Women's Health Clinic,Alice Springs Hospital,False,False,0,0,36.3,,,,,36.29,Telstra,5G,Never recorded,Wallace Rockhole,36.3,Central Australia,1.0,0.8086500655307994,0.2611190817790531,1.0,1.0,0.7674422868274632,0.8139538294619705,High
Mt Eaglebeak,Family Outstation,-22.9564,135.19891,Never recorded,False,0.2,32.0,32.0,247.0,178.0,72.0,,Atitjere (Hearts Range) Community Health Centre,Alice Springs Hospital,False,False,2,0,27.29,,,,,26.82,Telstra,4G,Never recorded,Harts Range (Atitjere),27.29,Central Australia,1.0,0.4134993446920052,0.3744619799139168,1.0,1.0,0.6969903311514805,0.7575922649211844,Moderate
Lizard Bore,Family Outstation,-23.3003399999999,131.134649999999,Never recorded,False,0.0,17.0,20.0,326.0,280.0,187.0,,Mt Liebig (Amunturrngu),Alice Springs Hospital,False,False,1,0,0.0,Lizard Bore,Near a cell,TELSTRA,5.0,15.45,Telstra,4G,Small cell or near a cell,Mt Liebig (Amunturrngu),14.66,Central Australia,0.0,0.32961992136304064,0.5846484935437589,1.0,1.0,0.47856710372669986,0.5828536829813599,Moderate
Murranji,Family Outstation,-16.8359799999999,132.810699999999,Never recorded,False,0.5,185.0,154.0,389.0,277.0,75.0,,Elliot,Katherine Hospital,False,False,21,0,66.36,,,,,66.41,Optus,4G,Never recorded,Elliot,111.2,Barkly,1.0,0.8794233289646134,0.5781922525107605,1.0,1.0,0.8644038953688434,0.8915231162950746,Critical
Pertarratenge,Family Outstation,-24.4132599999999,133.319559999999,Never recorded,False,2.0,111.0,79.0,117.0,83.0,7.0,,Alukura Women's Health Clinic,Alice Springs Hospital,False,False,0,0,16.27,,,,,16.24,Telstra,4G,Never recorded,Wallace Rockhole,39.88,Central Australia,1.0,0.6730013106159896,0.1793400286944046,1.0,1.0,0.7130853348275985,0.7704682678620788,High
Petyale,Family Outstation,-21.99972,133.433629999999,Never recorded,False,0.2,19.0,15.0,214.0,132.0,4.0,,Ti Tree Community Health Centre,Alice Springs Hospital,False,False,2,0,14.35,,,,,14.92,Optus,4G,Tower within 15km (2025),Ti Tree Community Health Centre,14.46,,0.0,0.264089121887287,0.27403156384505023,1.0,1.0,0.3845301714330843,0.5076241371464675,Low
Rutjingka,Family Outstation,-23.91581,132.815269999999,Never recorded,False,0.0,7.0,9.0,124.0,96.0,2.0,,Hermannsburg (Ntaria),Alice Springs Hospital,False,False,0,0,0.03,Rutjingka,Near a cell,TELSTRA,5.0,4.88,Telstra,4G,Tower within 15km (2025),Hermannsburg (Ntaria),4.77,Central Australia,0.0,0.21952817824377457,0.19296987087517933,1.0,1.0,0.3531245122797385,0.4824996098237908,Low
Yulara Pulka,Family Outstation,-25.2545499999999,130.891079999999,Never recorded,False,0.0,14.0,23.0,453.0,303.0,9.0,,Yulara(Uluru),Alice Springs Hospital,False,False,1,0,9.82,,,,,9.44,Optus,4G,Tower within 15km (2025),Yulara(Uluru),9.82,Central Australia,0.0,0.3532110091743119,0.633428981348637,1.0,1.0,0.4966599976307372,0.5973279981045898,Moderate
Yalukun,Family Outstation,-12.2625099999999,136.00585,Never recorded,False,0.1,46.0,92.0,264.0,280.0,247.0,,Gapuwiyak Community Health Centre,Gove District Hospital,False,False,26,2,33.23,,,,,34.63,Telstra,4G,Never recorded,Gapuwiyak,34.47,East Arnhem,1.0,0.7260812581913499,0.5846484935437589,1.0,1.0,0.8276824379337772,0.8621459503470217,High
Bardalumba,Family Outstation,-13.8244499999999,136.4489,Never recorded,False,0.0,7.0,9.0,,,,,Alyangula,,False,False,29,0,0.0,Bardalumba,Near a cell,TELSTRA,11.0,2.99,Telstra,4G,Macro cell nearby,Alyangula,4.34,East Arnhem,0.0,0.21952817824377457,1.0,1.0,1.0,0.5548820445609437,0.6439056356487549,Moderate
Gulngarring,Family Outstation,-13.13876,131.098109999999,Never recorded,False,0.0,12.0,9.0,83.0,52.0,1.0,,Adelaide River,Palmerston Regional Hospital,False,False,31,0,11.04,,,,,11.46,Optus,4G,Tower within 15km (2025),Adelaide River,11.04,Top End,0.0,0.21952817824377457,0.133428981348637,1.0,1.0,0.3382392898981029,0.47059143191848235,Low
Wurankuwu,Minor,-11.61652,130.277629999999,Never recorded,False,0.1,62.0,122.0,,,,,Wurrumiyanga (Nguiu),,False,False,32,2,27.92,,,,,28.29,Telstra,4G,Never recorded,Pirlangimpi,27.92,Top End,1.0,0.8283093053735255,1.0,1.0,0.7822564579321335,0.9570773263433814,0.9221131526611318,Critical
Ngarnka,Family Outstation,-20.17566,129.90876,Never recorded,False,0.1,317.0,258.0,613.0,454.0,226.0,,Yuendumu Community Health Centre,Alice Springs Hospital,False,False,8,0,64.15,,,,,39.0,Telstra,4G,Never recorded,Lajamanu (Hooker Creek),218.44,Big Rivers,1.0,0.9659239842726082,0.8737446197991392,1.0,1.0,0.9599171510179368,0.9679337208143494,Critical
Katjutari,Family Outstation,-23.7408499999999,132.004739999999,Never recorded,False,0.0,96.0,120.0,221.0,214.0,38.0,,Hermannsburg (Ntaria),Alice Springs Hospital,False,False,1,0,52.16,,,,,54.61,Optus,4G,Never recorded,Haasts Bluff (Ikuntji),34.98,Central Australia,1.0,0.8230668414154653,0.4562410329985653,1.0,1.0,0.8198269686035076,0.855861574882806,High
Luntharra,Family Outstation,-23.7354299999999,132.04497,Never recorded,False,0.0,92.0,112.0,217.0,206.0,34.0,,Hermannsburg (Ntaria),Alice Springs Hospital,False,False,1,0,52.35,,,,,50.53,Optus,4G,Never recorded,Haasts Bluff (Ikuntji),36.12,Central Australia,1.0,0.7968545216251638,0.4383070301291248,1.0,1.0,0.8087903879385722,0.8470323103508577,High
Merral Ntarrakala,Family Outstation,-23.9141799999999,132.828649999999,Never recorded,False,0.1,8.0,10.0,125.0,97.0,3.0,,Hermannsburg (Ntaria),Alice Springs Hospital,False,False,0,0,0.0,Merral Ntarrakala,Near a cell,TELSTRA,5.0,6.12,Telstra,4G,Tower within 15km (2025),Hermannsburg (Ntaria),5.99,Central Australia,0.0,0.22608125819134994,0.19655667144906744,1.0,1.0,0.35565948241010437,0.4845275859280835,Low
Natjitnama,Family Outstation,-24.0211299999999,132.98113,Never recorded,False,0.1,,,,,,,,,False,False,0,0,15.69,,,,,15.78,Telstra,5G,Never recorded,Wallace Rockhole,15.69,Central Australia,1.0,1.0,1.0,1.0,1.0,1.0,1.0,Critical
Rarangantjuta,Family Outstation,-23.98488,133.14814,Never recorded,False,3.6,47.0,41.0,86.0,70.0,0.0,70.0,Hermannsburg (Ntaria),Alice Springs Hospital,True,False,0,0,16.75,,,,,16.69,Telstra,5G,Never recorded,Wallace Rockhole,16.75,Central Australia,1.0,0.47313237221494103,0.16140602582496413,0.0,1.0,0.40863459950997627,0.526907679607981,Low
Mount Twellar,Family Outstation,-23.5419799999999,133.62279,Never recorded,False,0.0,45.0,34.0,48.0,36.0,4.0,,Purple House Primary Health Care,Alice Springs Hospital,False,False,0,0,0.0,Mount Twellar,Near a cell,TELSTRA,17.0,6.25,Telstra,4G,Tower within 15km (2025),Amoonguna,40.5,Central Australia,0.0,0.4226736566186107,0.11477761836441894,1.0,1.0,0.3843628187457574,0.5074902549966059,Low
Wataru,Family Outstation,-24.85858,129.059359999999,Never recorded,False,0.1,4.0,5.0,674.0,488.0,123.0,,Kaltukatjara (Docker River) Community Health Centre,Alice Springs Hospital,False,False,2,0,0.06,Wataru,Near a cell,TELSTRA,5.0,2.59,Telstra,4G,Macro cell nearby,Kaltukatjara (Docker River),2.79,Central Australia,0.0,0.1913499344692005,0.9017216642754663,1.0,1.0,0.5232678996861667,0.6186143197489333,Moderate
Oondaloo,Family Outstation,-24.8871499999999,129.064539999999,Never recorded,False,0.0,3.0,4.0,676.0,490.0,123.0,,Kaltukatjara (Docker River) Community Health Centre,Alice Springs Hospital,False,False,2,0,1.92,Kaltukatjara,Macro cell,TELSTRA,195.0,2.25,Telstra,4G,Macro cell nearby,Kaltukatjara (Docker River),1.92,Central Australia,0.0,0.18086500655307994,0.9038737446197992,1.0,1.0,0.5211846877932198,0.6169477502345758,Moderate
Eagle Valley,Family Outstation,-24.92999,129.09845,Never recorded,False,1.0,8.0,16.0,681.0,502.0,127.0,,Kaltukatjara (Docker River) Community Health Centre,Alice Springs Hospital,False,False,2,0,6.3,,,,,6.66,Telstra,4G,Tower within 15km (2025),Kaltukatjara (Docker River),6.3,Central Australia,0.0,0.27916120576671033,0.9131994261119082,1.0,1.0,0.5480901579696547,0.6384721263757237,Moderate
Tjauwata,Family Outstation,-24.91526,129.12181,Never recorded,False,1.3,9.0,18.0,682.0,504.0,128.0,,Kaltukatjara (Docker River) Community Health Centre,Alice Springs Hospital,False,False,2,0,6.12,,,,,6.35,Telstra,4G,Tower within 15km (2025),Kaltukatjara (Docker River),6.12,Central Australia,0.0,0.30471821756225426,0.9153515064562411,1.0,1.0,0.5550174310046239,0.6440139448036991,Moderate
Emu Point,Family Outstation,-14.1702099999999,130.327769999999,Never recorded,False,0.1,43.0,59.0,291.0,239.0,73.0,,Peppimenarti Health Centre,Palmerston Regional Hospital,False,False,36,0,27.2,,,,,0.04,Telstra,4G,Macro cell nearby,Peppimenarti,27.2,Top End,0.0,0.5799475753604194,0.5107604017216643,1.0,1.0,0.522676994270521,0.6181415954164168,Moderate
Kelerrk,Family Outstation,-13.95783,130.32647,Never recorded,False,0.2,55.0,66.0,270.0,213.0,52.0,,Peppimenarti Health Centre,Palmerston Regional Hospital,False,False,37,0,34.44,,,,,23.65,Telstra,4G,Never recorded,Peppimenarti,34.44,Top End,1.0,0.6218872870249017,0.45265423242467717,1.0,1.0,0.7686353798623947,0.8149083038899156,High
Mulingi,Family Outstation,-13.92666,129.95077,Never recorded,False,0.2,16.0,32.0,323.0,319.0,105.0,,Woodycupaldiya Community Health Centre,Palmerston Regional Hospital,False,False,41,0,28.32,,,,,29.2,Telstra,4G,Never recorded,Woodyculpaldiya,9.26,Top End,1.0,0.4134993446920052,0.6606886657101865,1.0,1.0,0.7685470026005479,0.8148376020804383,High
Nadilmuk,Family Outstation,-11.9938399999999,134.294539999999,Never recorded,False,0.1,24.0,37.0,500.0,421.0,233.0,,Mala'la Primary Health Care Centre,Palmerston Regional Hospital,False,False,22,4,0.05,Nadilmuk,Near a cell,TELSTRA,5.0,9.73,Telstra,5G,Tower within 15km (2025),Maningrida,9.98,Top End,0.0,0.4456094364351245,0.8335724533715926,1.0,1.0,0.5697954724516793,0.6558363779613434,Moderate
Nabbarla Kunindabba,Family Outstation,-12.0612499999999,134.402249999999,Never recorded,False,0.0,24.0,36.0,499.0,419.0,232.0,,Mala'la Primary Health Care Centre,Palmerston Regional Hospital,False,False,21,4,13.86,,,,,18.64,Telstra,5G,Never recorded,Maningrida,19.46,Top End,1.0,0.43774574049803405,0.8278335724533716,1.0,1.0,0.8163948282378515,0.8531158625902812,High
Barrkira,Family Outstation,-12.0086,136.4649,Never recorded,False,0.1,139.0,210.0,143.0,211.0,127.0,,Laynhapuy Homelands,Gove District Hospital,False,False,25,3,31.19,,,,,31.95,Telstra,4G,Never recorded,Gunyangara,34.85,East Arnhem,1.0,0.944954128440367,0.4483500717360115,1.0,1.0,0.8483260500440946,0.8786608400352757,Critical
Watdagawuy,Family Outstation,-11.93961,135.700739999999,Never recorded,False,0.1,23.0,44.0,,,,,Galiwin'ku Health Centre,,False,False,25,3,14.96,,,,,17.54,Telstra,5G,Never recorded,Galiwin'ku (Elcho Island),17.34,East Arnhem,1.0,0.4921363040629096,1.0,1.0,1.0,0.8730340760157274,0.8984272608125818,Critical
Wanakutja,Family Outstation,-11.10539,132.511059999999,Never recorded,False,0.0,10.0,19.0,,,,,Red Lily Health Service,,False,False,27,1,4.65,,,,,8.33,Telstra,4G,Tower within 15km (2025),Minjilang,8.93,Top End,0.0,0.3197903014416776,1.0,1.0,1.0,0.5799475753604194,0.6639580602883355,Moderate
Timor Springs,Family Outstation,-11.09665,132.57399,Never recorded,False,0.0,8.0,17.0,,,,,Red Lily Health Service,,False,False,27,1,6.0,,,,,5.7,Telstra,4G,Tower within 15km (2025),Minjilang,6.03,Top End,0.0,0.290956749672346,1.0,1.0,1.0,0.5727391874180865,0.6581913499344691,Moderate
Sandy Bay,Family Outstation,-11.2071899999999,132.580269999999,Never recorded,False,0.5,9.0,18.0,,,,,Minjilang,,False,False,27,1,0.04,Sandy Bay,Near a cell,TELSTRA,5.0,6.63,Telstra,4G,Tower within 15km (2025),Minjilang,6.28,Top End,0.0,0.30471821756225426,1.0,1.0,1.0,0.5761795543905636,0.6609436435124508,Moderate
Arrgamurrmur,Family Outstation,-11.17399,132.61015,Never recorded,False,0.0,13.0,25.0,,,,,Minjilang,,False,False,27,1,4.31,,,,,4.9,Telstra,4G,Tower within 15km (2025),Minjilang,4.31,Top End,0.0,0.37418086500655307,1.0,1.0,1.0,0.5935452162516383,0.6748361730013106,Moderate
Marramarrani,Family Outstation,-11.30261,132.553409999999,Never recorded,False,0.1,21.0,41.0,,,,,Minjilang,,False,False,27,1,11.02,,,,,17.35,Telstra,4G,Never recorded,Minjilang,17.11,Top End,1.0,0.47313237221494103,1.0,1.0,1.0,0.8682830930537353,0.8946264744429883,Critical
Adjamarragu,Family Outstation,-11.1518199999999,132.47559,Never recorded,False,0.1,14.0,28.0,,,,,Minjilang,,False,False,27,1,11.03,,,,,10.74,Telstra,4G,Tower within 15km (2025),Minjilang,11.24,Top End,0.0,0.3951507208387942,1.0,1.0,1.0,0.5987876802096985,0.6790301441677589,Moderate
Dhambala,Family Outstation,-12.0526,135.5609,Never recorded,False,0.0,4.0,6.0,,,,,Galiwin'ku (Elcho Island),,False,False,23,3,0.0,Dhambala,Near a cell,TELSTRA,9.0,3.12,Telstra,5G,Tower within 15km (2025),Galiwin'ku (Elcho Island),3.29,East Arnhem,0.0,0.20249017038007863,1.0,1.0,1.0,0.5506225425950196,0.6404980340760157,Moderate
Mandedjkadjang,Family Outstation,-12.26454,134.03056,Never recorded,False,0.1,88.0,96.0,414.0,329.0,147.0,,Mala'la Primary Health Care Centre,Palmerston Regional Hospital,False,False,20,4,0.0,Mandedjkadjang,Near a cell,TELSTRA,10.0,31.87,Telstra,5G,Small cell or near a cell,Maningrida,31.7,Top End,0.0,0.744429882044561,0.6865136298421808,1.0,1.0,0.6077358779716855,0.6861887023773484,Moderate
Yilila,Family Outstation,-13.6820399999999,135.91308,Never recorded,False,0.0,97.0,114.0,353.0,340.0,337.0,,Numbulwar,Gove District Hospital,False,False,25,0,60.0,,,,,32.9,Telstra,4G,Never recorded,Milyakburra (Bickerton Island),32.57,East Arnhem,1.0,0.8047182175622543,0.6994261119081779,1.0,1.0,0.8760360823676081,0.9008288658940865,Critical
Marrkalawa,Family Outstation,-13.57423,135.713099999999,Never recorded,False,0.1,99.0,101.0,321.0,293.0,305.0,,Numbulwar,Gove District Hospital,False,False,25,0,78.43,,,,,57.45,Telstra,4G,Never recorded,Milyakburra (Bickerton Island),57.13,East Arnhem,1.0,0.7575360419397117,0.6104734576757532,1.0,1.0,0.8420023749038662,0.8736018999230929,High
Patonga (Homestead),Family Outstation,-12.9580299999999,132.580469999999,Never recorded,False,0.1,54.0,50.0,255.0,176.0,9.0,,Jabiru Health Centre,Katherine Hospital,False,False,28,0,5.56,,,,,2.8,Telstra,4G,Macro cell nearby,Jabiru,41.75,Top End,0.0,0.5327653997378768,0.37087517934002867,1.0,1.0,0.47591014476947635,0.580728115815581,Moderate
Connells Lagoon,Family Outstation,-18.89143,136.54802,Never recorded,False,0.0,426.0,295.0,427.0,296.0,73.0,,Tennant Creek Outstations,Tennant Creek Hospital,False,False,13,0,122.26,,,,,93.34,Telstra,4G,Never recorded,Canteen Creek,219.41,Barkly,1.0,0.9750982961992136,0.6169296987087518,1.0,1.0,0.8980069987269914,0.9184055989815931,Critical
Maperte,Family Outstation,-22.5415899999999,136.38103,Never recorded,False,0.1,43.0,86.0,402.0,351.0,228.0,,Bonya Community Health Centre,Alice Springs Hospital,False,False,4,0,154.48,,,,,154.56,Telstra,4G,Never recorded,Bonya,34.74,Central Australia,1.0,0.6946264744429882,0.7173601147776184,1.0,1.0,0.8529966473051517,0.8823973178441215,Critical
Hatches Creek,Family Outstation,-20.8460599999999,135.21349,Never recorded,False,0.0,60.0,61.0,278.0,214.0,105.0,,Epenarra Health Centre,Tennant Creek Hospital,False,False,5,0,85.58,,,,,43.07,Telstra,4G,Never recorded,Epenarra (Wutunugurra),42.95,Barkly,1.0,0.591743119266055,0.4562410329985653,1.0,1.0,0.761996038066155,0.809596830452924,High
Iluwurru,Family Outstation,-19.0322199999999,136.65003,Never recorded,False,0.1,330.0,307.0,446.0,315.0,91.0,,Alpurrurulam (Lake Nash) Community Health Centre,Tennant Creek Hospital,False,False,12,0,106.44,,,,,106.58,Telstra,4G,Never recorded,Canteen Creek,211.02,Barkly,1.0,0.9777195281782438,0.6563845050215208,1.0,1.0,0.9085260082999411,0.9268208066399529,Critical
Kurntapurra,Family Outstation,-19.3917699999999,135.397879999999,Never recorded,False,0.2,160.0,103.0,161.0,104.0,5.0,,Tennant Creek Outstations,Tennant Creek Hospital,False,False,11,0,122.89,,,,,57.21,Telstra,4G,Never recorded,Epenarra (Wutunugurra),119.92,Barkly,1.0,0.765399737876802,0.22166427546628406,1.0,1.0,0.7467660033357715,0.7974128026686171,High
Namerinni,Family Outstation,-18.5681799999999,133.715489999999,Never recorded,False,1.1,,,,,,,,,False,False,17,0,29.06,,,,,29.0,Optus,3G/2G,Never recorded,Elliot,114.42,Barkly,1.0,1.0,1.0,1.0,1.0,1.0,1.0,Critical
Ngurrara,Family Outstation,-19.42135,135.405529999999,Never recorded,False,0.1,157.0,98.0,158.0,99.0,2.0,,Tennant Creek Outstations,Tennant Creek Hospital,False,False,11,0,123.26,,,,,54.58,Telstra,4G,Never recorded,Epenarra (Wutunugurra),116.77,Barkly,1.0,0.7490170380078637,0.20444763271162122,1.0,1.0,0.7383661676798712,0.790692934143897,High
Wakurlpu,Family Outstation,-20.6322899999999,134.21688,Never recorded,False,0.0,59.0,39.0,114.0,70.0,0.0,,Ali Curung,Tennant Creek Hospital,False,False,5,0,0.03,Wakurlpu,Near a cell,TELSTRA,10.0,1.13,Optus,3G/2G,Macro cell nearby,Ali Curung,45.74,Barkly,0.0,0.4639580602883355,0.16140602582496413,1.0,1.0,0.4063410215283249,0.52507281722266,Low
Foxalls Well,Family Outstation,-23.0738299999999,134.82355,Never recorded,False,0.0,25.0,36.0,218.0,166.0,50.0,,Atitjere (Hearts Range) Community Health Centre,Alice Springs Hospital,False,False,0,0,15.07,,,,,16.04,Telstra,4G,Never recorded,Harts Range (Atitjere),15.07,Central Australia,1.0,0.43774574049803405,0.34576757532281205,1.0,1.0,0.6958783289552115,0.7567026631641692,Moderate
Arrunge,Family Outstation,-22.49935,132.28147,Never recorded,False,0.1,73.0,64.0,242.0,174.0,10.0,,Yuendumu,Alice Springs Hospital,False,False,2,0,45.54,,,,,27.93,Telstra,4G,Never recorded,Laramba (Napperby),48.89,Central Australia,1.0,0.6081258191349934,0.366571018651363,1.0,1.0,0.7436742094465891,0.7949393675572713,High
Fossil Head,Family Outstation,-14.53778,129.521269999999,Never recorded,False,0.2,38.0,74.0,415.0,378.0,176.0,,Wadeye (Port Keats),Palmerston Regional Hospital,False,False,42,0,33.07,,,,,33.08,Telstra,5G,Never recorded,Wadeye (Port Keats),33.07,Top End,1.0,0.6566186107470511,0.7517934002869441,1.0,1.0,0.8521030027584988,0.881682402206799,Critical
Kubuyirr,Family Outstation,-14.12168,129.784989999999,Never recorded,False,0.0,57.0,100.0,411.0,381.0,172.0,,Wadeye Community Health Centre,Palmerston Regional Hospital,False,False,42,0,22.35,,,,,27.57,Telstra,4G,Never recorded,Palumpa,27.45,Top End,1.0,0.7536041939711664,0.757532281205165,1.0,1.0,0.8777841187940829,0.9022272950352663,Critical
Ngarinthi,Family Outstation,-14.46204,129.42257,Never recorded,False,0.1,,,,,,,,,False,False,44,0,26.81,,,,,26.79,Telstra,5G,Never recorded,Wadeye (Port Keats),26.81,Top End,1.0,1.0,1.0,1.0,1.0,1.0,1.0,Critical
Old Mission,Family Outstation,-14.12918,129.498069999999,Has coverage,True,0.1,19.0,36.0,400.0,346.0,158.0,,Wadeye (Port Keats),Palmerston Regional Hospital,False,False,42,1,12.6,,,,,12.58,Telstra,5G,Tower within 15km (2025),Wadeye (Port Keats),12.6,Top End,0.0,0.43774574049803405,0.7101865136298422,1.0,1.0,0.536983063531969,0.6295864508255752,Moderate
Ngunthak,Family Outstation,-14.4044499999999,129.361829999999,Never recorded,False,0.1,34.0,67.0,411.0,371.0,172.0,,Wadeye (Port Keats),Palmerston Regional Hospital,False,False,44,0,25.0,,,,,24.97,Telstra,5G,Never recorded,Wadeye (Port Keats),25.0,Top End,1.0,0.6258191349934469,0.7446197991391679,1.0,1.0,0.8426097335331537,0.874087786826523,High
Angatyepe,Family Outstation,-23.745,133.7275,Never recorded,False,0.3,16.0,14.0,20.0,17.0,1.0,,Larapinta Clinic,Alice Springs Hospital,False,False,0,0,0.0,Angatyepe,Near a cell,TELSTRA,13.0,8.95,Telstra,4G,Tower within 15km (2025),Amoonguna,21.35,Central Australia,0.0,0.2509829619921363,0.07890961262553801,1.0,1.0,0.3324731436544186,0.46597851492353487,Low
Angkerle Arrenge (A),Family Outstation,-23.7459899999999,133.480079999999,Never recorded,False,0.0,44.0,38.0,47.0,41.0,1.0,,Larapinta Clinic,Alice Springs Hospital,False,False,0,0,8.21,,,,,2.88,Telstra,4G,Macro cell nearby,Amoonguna,46.45,Central Australia,0.0,0.4534731323722149,0.1212338593974175,1.0,1.0,0.39367674794240815,0.5149413983539265,Low
Angkerle Arrenge (B),Family Outstation,-23.7389399999999,133.47969,Never recorded,False,0.1,45.0,39.0,48.0,42.0,0.0,,Larapinta Clinic,Alice Springs Hospital,False,False,0,0,8.55,,,,,2.14,Telstra,4G,Macro cell nearby,Amoonguna,46.54,Central Australia,0.0,0.4639580602883355,0.12410329985652797,1.0,1.0,0.39701534003621586,0.5176122720289726,Low
Arrillhjere,Family Outstation,-23.7798099999999,133.62608,Never recorded,False,0.1,27.0,22.0,31.0,25.0,1.0,,Larapinta Clinic,Alice Springs Hospital,False,False,0,0,0.0,Arrillhjere,Near a cell,TELSTRA,5.0,17.14,Telstra,4G,Small cell or near a cell,Amoonguna,31.57,Central Australia,0.0,0.3427260812581914,0.09612625538020086,1.0,1.0,0.3597130841595981,0.4877704673276785,Low
Elitjia,Family Outstation,-23.7767699999999,133.615829999999,Never recorded,False,0.0,27.0,21.0,31.0,24.0,1.0,,Larapinta Clinic,Alice Springs Hospital,False,False,0,0,0.0,Elitjia,Near a cell,OPTUS/TELSTRA,13.0,16.04,Telstra,4G,Small cell or near a cell,Amoonguna,32.6,Central Australia,0.0,0.33551769331585846,0.09469153515064563,1.0,1.0,0.357552307116626,0.4860418456933008,Low
Irriltyere (A),Family Outstation,-23.7512899999999,133.69467,Never recorded,False,0.0,19.0,15.0,22.0,18.0,0.0,,Larapinta Clinic,Alice Springs Hospital,False,False,0,0,0.0,Irriltyere (A),Near a cell,OPTUS/TELSTRA,7.0,12.27,Telstra,4G,Tower within 15km (2025),Amoonguna,24.62,Central Australia,0.0,0.264089121887287,0.08321377331420372,1.0,1.0,0.3368257238003727,0.46946057904029814,Low
Irriltyere (B),Family Outstation,-23.7610499999999,133.68564,Never recorded,False,0.0,21.0,17.0,24.0,20.0,1.0,,Larapinta Clinic,Alice Springs Hospital,False,False,0,0,0.0,Irriltyere (B),Near a cell,OPTUS/TELSTRA,8.0,13.25,Telstra,4G,Tower within 15km (2025),Amoonguna,25.48,Central Australia,0.0,0.290956749672346,0.08823529411764706,1.0,1.0,0.3447980109474983,0.47583840875799865,Low
Iteyepintye,Family Outstation,-23.7646599999999,133.59994,Never recorded,False,0.1,29.0,23.0,33.0,26.0,1.0,,Larapinta Clinic,Alice Springs Hospital,False,False,0,0,0.0,Iteyepintye,Near a cell,TELSTRA,21.0,14.05,Telstra,4G,Tower within 15km (2025),Amoonguna,34.2,Central Australia,0.0,0.3532110091743119,0.09899569583931134,1.0,1.0,0.36305167625340584,0.4904413410027247,Low
Itperlyenge,Family Outstation,-23.76361,133.61103,Never recorded,False,0.1,29.0,23.0,33.0,26.0,1.0,,Larapinta Clinic,Alice Springs Hospital,False,False,0,0,0.0,Itperlyenge,Near a cell,TELSTRA,11.0,15.08,Telstra,4G,Small cell or near a cell,Amoonguna,33.07,Central Australia,0.0,0.3532110091743119,0.09899569583931134,1.0,1.0,0.36305167625340584,0.4904413410027247,Low
Kwale Kwale,Family Outstation,-23.76972,133.57451,Never recorded,False,0.0,31.0,25.0,35.0,28.0,1.0,,Larapinta Clinic,Alice Springs Hospital,False,False,0,0,0.0,Kwale Kwale,Near a cell,OPTUS/TELSTRA,25.0,11.89,Telstra,4G,Tower within 15km (2025),Amoonguna,36.79,Central Australia,0.0,0.37418086500655307,0.10473457675753228,1.0,1.0,0.3697288604410213,0.4957830883528171,Low
Payeperrentye (B),Family Outstation,-23.77074,133.556209999999,Never recorded,False,0.1,33.0,26.0,37.0,29.0,1.0,,Larapinta Clinic,Alice Springs Hospital,False,False,0,0,0.04,Payeperrentye (B),Near a cell,OPTUS/TELSTRA,9.0,10.32,Telstra,4G,Tower within 15km (2025),Amoonguna,38.65,Central Australia,0.0,0.38335517693315857,0.10616929698708752,1.0,1.0,0.3723811184800615,0.4979048947840492,Low
Perte Therre,Family Outstation,-23.7581799999999,133.64573,Never recorded,False,0.0,24.0,19.0,27.0,22.0,1.0,,Larapinta Clinic,Alice Springs Hospital,False,False,0,0,0.03,Perte Therre,Near a cell,OPTUS/TELSTRA,18.0,17.28,Telstra,4G,Small cell or near a cell,Amoonguna,29.55,Central Australia,0.0,0.3197903014416776,0.09182209469153516,1.0,1.0,0.3529030990333032,0.48232247922664256,Low
Tnerte,Family Outstation,-23.7471499999999,133.72011,Never recorded,False,0.3,17.0,15.0,21.0,18.0,1.0,,Larapinta Clinic,Alice Springs Hospital,False,False,0,0,0.02,Tnerte,Near a cell,TELSTRA,15.0,9.69,Telstra,4G,Tower within 15km (2025),Amoonguna,22.07,Central Australia,0.0,0.264089121887287,0.08321377331420372,1.0,1.0,0.3368257238003727,0.46946057904029814,Low
Twetye (A),Family Outstation,-23.74034,133.705389999999,Never recorded,False,0.1,18.0,14.0,21.0,17.0,1.0,,Larapinta Clinic,Alice Springs Hospital,False,False,0,0,0.0,Twetye (A),Near a cell,TELSTRA,13.0,11.23,Telstra,4G,Tower within 15km (2025),Amoonguna,23.65,Central Australia,0.0,0.2509829619921363,0.07890961262553801,1.0,1.0,0.3324731436544186,0.46597851492353487,Low
Twetye (B),Family Outstation,-23.7429199999999,133.696329999999,Never recorded,False,0.1,18.0,15.0,22.0,18.0,1.0,,Larapinta Clinic,Alice Springs Hospital,False,False,0,0,0.0,Twetye (B),Near a cell,TELSTRA,26.0,12.13,Telstra,4G,Tower within 15km (2025),Amoonguna,24.53,Central Australia,0.0,0.264089121887287,0.08321377331420372,1.0,1.0,0.3368257238003727,0.46946057904029814,Low
Tywenpe (A),Family Outstation,-23.72634,133.729279999999,Never recorded,False,0.0,15.0,13.0,19.0,16.0,1.0,,Larapinta Clinic,Alice Springs Hospital,False,False,0,0,0.0,Tywenpe (A),Near a cell,OPTUS/TELSTRA,17.0,9.14,Telstra,4G,Tower within 15km (2025),Amoonguna,21.5,Central Australia,0.0,0.24311926605504589,0.07532281205164992,1.0,1.0,0.329610519526674,0.46368841562133917,Low
Inbina Atwatye,Family Outstation,-23.74118,133.713239999999,Never recorded,False,0.2,16.0,13.0,20.0,16.0,0.0,,Larapinta Clinic,Alice Springs Hospital,False,False,0,0,0.03,Inbina Atwatye,Near a cell,TELSTRA,10.0,10.43,Telstra,4G,Tower within 15km (2025),Amoonguna,22.84,Central Australia,0.0,0.24311926605504589,0.07532281205164992,1.0,1.0,0.329610519526674,0.46368841562133917,Low
Tywenpe (C),Family Outstation,-23.74426,133.68787,Never recorded,False,0.1,19.0,16.0,23.0,19.0,1.0,,Larapinta Clinic,Alice Springs Hospital,False,False,0,0,0.0,Tywenpe (C),Near a cell,OPTUS/TELSTRA,36.0,12.98,Telstra,4G,Tower within 15km (2025),Amoonguna,25.37,Central Australia,0.0,0.27916120576671033,0.08608321377331421,1.0,1.0,0.34131110488500616,0.4730488839080049,Low
Tywenpe (D),Family Outstation,-23.7648,133.672259999999,Never recorded,False,0.0,22.0,18.0,26.0,21.0,1.0,,Larapinta Clinic,Alice Springs Hospital,False,False,0,0,0.0,Tywenpe (D),Near a cell,OPTUS/TELSTRA,7.0,14.65,Telstra,4G,Tower within 15km (2025),Amoonguna,26.84,Central Australia,0.0,0.30471821756225426,0.09038737446197992,1.0,1.0,0.34877639800605853,0.47902111840484685,Low
Itchy Koo Park,Family Outstation,-23.7666699999999,133.65816,Never recorded,False,0.1,24.0,20.0,27.0,23.0,1.0,,Larapinta Clinic,Alice Springs Hospital,False,False,0,0,0.0,Itchy Koo Park,Near a cell,OPTUS/TELSTRA,36.0,16.1,Telstra,4G,Small cell or near a cell,Amoonguna,28.27,Central Australia,0.0,0.32961992136304064,0.09325681492109039,1.0,1.0,0.35571918407103276,0.4845753472568262,Low
Kudantiga,Family Outstation,-14.4291799999999,129.42918,Never recorded,False,0.1,,,,,,,,,False,False,42,0,23.18,,,,,23.17,Telstra,5G,Never recorded,Wadeye (Port Keats),23.18,Top End,1.0,1.0,1.0,1.0,1.0,1.0,1.0,Critical
Wumirdin,Family Outstation,-14.1890699999999,129.563189999999,Never recorded,False,0.1,29.0,45.0,384.0,326.0,145.0,,Wadeye Community Health Centre,Palmerston Regional Hospital,False,False,42,0,7.33,,,,,7.36,Telstra,5G,Tower within 15km (2025),Wadeye (Port Keats),7.33,Top End,0.0,0.4986893840104849,0.6786226685796269,1.0,1.0,0.544328013147528,0.6354624105180224,Moderate
Barraratjpi,Family Outstation,-13.2185799999999,136.391379999999,Never recorded,False,2.1,153.0,207.0,191.0,233.0,173.0,,Gapuwiyak,Gove District Hospital,False,False,26,0,67.24,,,,,66.18,Telstra,4G,Never recorded,Milyakburra (Bickerton Island),66.32,East Arnhem,1.0,0.9429882044560943,0.49426111908177905,1.0,1.0,0.8593123308844683,0.8874498647075747,Critical
Yartalu Yartalu,Family Outstation,-20.57253,130.355279999999,Never recorded,False,0.1,250.0,200.0,545.0,395.0,159.0,,Yuendumu Community Health Centre,Alice Springs Hospital,False,False,6,0,0.06,Yartalu Yartalu,Near a cell,TELSTRA,7.0,3.38,Telstra,4G,Tower within 15km (2025),Nyirippi(Waite Creek),231.96,Central Australia,0.0,0.9344692005242464,0.7833572453371592,1.0,1.0,0.6794566114653514,0.7435652891722812,Moderate
Pwerte Marnte Marnte,Family Outstation,-24.3733799999999,133.719819999999,Never recorded,False,0.4,66.0,71.0,142.0,106.0,41.0,,Titjikala (Maryvale),Alice Springs Hospital,False,False,0,0,26.8,,,,,10.47,Optus,4G,Tower within 15km (2025),Titjikala (Maryvale),49.13,Central Australia,0.0,0.6428571428571429,0.2259684361549498,1.0,1.0,0.46720639475302317,0.5737651158024185,Moderate
Kalumbulani,Family Outstation,-16.8772,131.21949,Never recorded,False,0.1,15.0,29.0,421.0,322.0,36.0,,Nitjpurru (Pigeon Hole),Katherine Hospital,False,False,19,0,59.66,,,,,59.6,Telstra,4G,Never recorded,Nitjpurru (Pigeon Hole),7.01,Big Rivers,1.0,0.40104849279161203,0.669296987087518,1.0,1.0,0.7675863699697825,0.814069095975826,High
Doojum,Family Outstation,-15.72519,129.15921,Never recorded,False,0.1,165.0,155.0,754.0,596.0,220.0,,Bulla,Katherine Hospital,False,False,34,0,94.26,,,,,7.08,Optus,4G,Tower within 15km (2025),Amanbidji (Kildurk),92.31,Big Rivers,0.0,0.8813892529488859,0.9713055954088953,1.0,1.0,0.7131737120894452,0.7705389696715562,High
Burta Wurta,Family Outstation,-17.5359699999999,130.47592,Never recorded,False,7.0,59.0,59.0,523.0,360.0,51.0,,Kalkaringi (Wave Hill),Katherine Hospital,False,False,16,0,38.0,,,,,38.97,Telstra,4G,Never recorded,Daguragu (Wattie Creek),38.0,Big Rivers,1.0,0.5799475753604194,0.7252510760401721,1.0,1.0,0.8262996628501479,0.8610397302801183,High
Gimbat,Family Outstation,-13.5785399999999,132.60772,Never recorded,False,0.1,115.0,137.0,208.0,192.0,44.0,,Pine Creek,Katherine Hospital,False,False,24,0,42.12,,,,,25.17,Telstra,4G,Never recorded,Manyallaluk (Eva Valley),80.1,Big Rivers,1.0,0.854521625163827,0.40387374461979914,1.0,1.0,0.8145988424459065,0.8516790739567253,High
Banatjarl,Family Outstation,-14.47668,132.651399999999,Never recorded,False,0.1,57.0,64.0,66.0,68.0,20.0,,Sunrise Health Barunga Clinic,Katherine Hospital,False,False,26,0,23.76,,,,,23.8,Telstra,5G,Never recorded,Barunga (Bamyili),23.76,Big Rivers,1.0,0.6081258191349934,0.15853658536585366,1.0,1.0,0.6916656011252118,0.7533324809001695,Moderate
Kalpitapta,Family Outstation,-20.8993599999999,135.35397,Never recorded,False,0.0,67.0,91.0,275.0,264.0,187.0,,Epenarra Health Centre,Tennant Creek Hospital,False,False,5,0,85.26,,,,,31.21,Telstra,4G,Never recorded,Canteen Creek,37.22,Barkly,1.0,0.7208387942332897,0.5509325681492109,1.0,1.0,0.8179428405956252,0.8543542724765001,High
Snake Well,Family Outstation,-23.1594599999999,133.915289999999,Never recorded,False,0.1,75.0,73.0,77.0,75.0,27.0,,Purple House Primary Health Care,Alice Springs Hospital,False,False,0,0,39.72,,,,,39.54,Optus,3G/2G,Never recorded,Amoonguna,67.51,Central Australia,1.0,0.6507208387942333,0.17001434720229555,1.0,1.0,0.7051837964991322,0.7641470371993058,High
Bunhanura,Family Outstation,-12.37449,135.722209999999,Never recorded,False,0.0,18.0,36.0,236.0,224.0,219.0,,Gapuwiyak Community Health Centre,Gove District Hospital,False,False,25,2,0.0,Bunhanura,Near a cell,TELSTRA,7.0,16.83,Telstra,4G,Small cell or near a cell,Gapuwiyak,16.95,East Arnhem,0.0,0.43774574049803405,0.4784791965566714,1.0,1.0,0.4790562342636764,0.5832449874109411,Moderate
Fitzroy Station,Family Outstation,-15.56298,130.93431,Never recorded,False,0.0,71.0,49.0,549.0,424.0,185.0,,Timber Creek,Katherine Hospital,False,False,27,0,21.46,,,,,21.71,Optus,3G/2G,Never recorded,Timber Creek,49.85,Big Rivers,1.0,0.5242463958060288,0.8450502152080345,1.0,1.0,0.8423241527535158,0.8738593222028126,High
Menngen,Family Outstation,-15.3569599999999,131.273069999999,Never recorded,False,0.1,153.0,125.0,631.0,500.0,203.0,,Timber Creek,Katherine Hospital,False,False,26,0,32.78,,,,,32.84,Optus,3G/2G,Never recorded,Timber Creek,91.47,Big Rivers,1.0,0.8348623853211009,0.9110473457675753,1.0,1.0,0.9364774327721691,0.9491819462177353,Critical
Wiitin,Family Outstation,-19.54493,134.23657,Never recorded,False,0.2,14.0,11.0,15.0,12.0,1.0,,Tennant Creek Outstations,Tennant Creek Hospital,False,False,12,0,0.05,Wiitin,Near a cell,OPTUS/TELSTRA,10.0,10.02,Telstra,5G,Tower within 15km (2025),Tennant Creek Outstations,12.43,Barkly,0.0,0.23197903014416776,0.06456241032998565,1.0,1.0,0.3241353601185384,0.4593082880948307,Low
Spotted Tiger,Family Outstation,-23.04308,134.917609999999,Never recorded,False,0.0,8.0,16.0,222.0,162.0,53.0,,Harts Range (Atitjere),Alice Springs Hospital,False,False,2,0,6.75,,,,,7.85,Telstra,4G,Tower within 15km (2025),Harts Range (Atitjere),6.75,Central Australia,0.0,0.27916120576671033,0.336441893830703,1.0,1.0,0.40390077489935333,0.5231206199194827,Low
Dhulmulmiya,Family Outstation,-12.5278099999999,136.725329999999,Never recorded,False,0.1,101.0,107.0,105.0,109.0,89.0,,Laynhapuy Homelands,Gove District Hospital,False,False,27,1,28.51,,,,,18.01,Telstra,4G,Never recorded,Gunyangara,34.8,East Arnhem,1.0,0.783748361730013,0.23529411764705882,1.0,1.0,0.754760619844268,0.8038084958754144,High
Dhaniya,Family Outstation,-12.55007,136.737909999999,Never recorded,False,0.2,101.0,107.0,105.0,109.0,89.0,,Laynhapuy Homelands,Gove District Hospital,False,False,27,1,31.26,,,,,19.76,Telstra,4G,Never recorded,Laynhapuy Homelands,37.03,East Arnhem,1.0,0.783748361730013,0.23529411764705882,1.0,1.0,0.754760619844268,0.8038084958754144,High
Daliwuy Bay,Family Outstation,-12.34085,136.91835,Never recorded,False,1.1,22.0,36.0,26.0,37.0,13.0,,Laynhapuy Homelands,Gove District Hospital,False,False,25,1,10.21,,,,,10.34,Telstra,4G,Tower within 15km (2025),Laynhapuy Homelands,10.21,East Arnhem,0.0,0.43774574049803405,0.11692969870875179,1.0,1.0,0.38866885980169646,0.5109350878413572,Low
Mount Jean,Family Outstation,-13.5325899999999,134.171909999999,Never recorded,False,0.1,26.0,47.0,327.0,279.0,207.0,,Bulman Health Centre,Katherine Hospital,False,False,25,0,19.3,,,,,23.95,Telstra,4G,Never recorded,Gulin (Bulman),22.85,Big Rivers,1.0,0.5150720838794234,0.5824964131994261,1.0,1.0,0.7743921242697124,0.81951369941577,High
Scott Point,Family Outstation,-13.75212,136.84751,Never recorded,False,0.8,,,,,,,,,False,False,28,0,12.6,,,,,12.26,Telstra,4G,Tower within 15km (2025),Umbakumba,12.6,East Arnhem,0.0,1.0,1.0,1.0,1.0,0.75,0.8,High
Akwalirrumanja,Family Outstation,-13.86346,136.77866,Never recorded,False,0.0,5.0,6.0,,,,,Umbakumba,,False,False,31,0,3.53,,,,,3.73,Telstra,4G,Tower within 15km (2025),Umbakumba,3.53,East Arnhem,0.0,0.20249017038007863,1.0,1.0,1.0,0.5506225425950196,0.6404980340760157,Moderate
Angwura,Family Outstation,-13.9194199999999,136.726089999999,Never recorded,False,0.1,19.0,22.0,,,,,Umbakumba,,False,False,31,0,11.33,,,,,11.63,Telstra,4G,Tower within 15km (2025),Umbakumba,11.33,East Arnhem,0.0,0.3427260812581914,1.0,1.0,1.0,0.5856815203145478,0.6685452162516382,Moderate
Imperrenth,Family Outstation,-21.21086,134.96858,Never recorded,False,1.6,71.0,73.0,244.0,180.0,69.0,,Ali Curung,Tennant Creek Hospital,False,False,5,0,56.23,,,,,49.82,Telstra,4G,Never recorded,Aherrenge (Ampilawatja),56.23,Barkly,1.0,0.6507208387942333,0.3787661406025825,1.0,1.0,0.757371744849204,0.8058973958793633,High
Uminyuluk,Family Outstation,-13.8307299999999,130.05311,Never recorded,False,0.1,10.0,20.0,309.0,291.0,91.0,,Woodycupaldiya Community Health Centre,Palmerston Regional Hospital,False,False,40,0,35.62,,,,,36.33,Telstra,4G,Never recorded,Woodyculpaldiya,6.44,Top End,1.0,0.32961992136304064,0.6040172166427547,1.0,1.0,0.7334092845014488,0.7867274276011591,High
Garanydjirr,Family Outstation,-12.28204,135.020949999999,Never recorded,False,0.1,13.0,26.0,430.0,392.0,396.0,,Ramingining,Gove District Hospital,False,False,21,3,0.0,Garanydjirr,Near a cell,TELSTRA,6.0,11.49,Telstra,5G,Tower within 15km (2025),Ramingining,11.11,East Arnhem,0.0,0.38335517693315857,0.7783357245337159,1.0,1.0,0.5404227253667186,0.632338180293375,Moderate
Mu-Gurta,Family Outstation,-12.25897,134.508139999999,Never recorded,False,0.0,,,,,,,,,False,False,20,3,33.76,,,,,37.7,Telstra,5G,Never recorded,Maningrida,38.63,Top End,1.0,1.0,1.0,1.0,1.0,1.0,1.0,Critical
Djinkarr,Family Outstation,-12.2128699999999,134.296259999999,Never recorded,False,0.1,22.0,24.0,470.0,381.0,203.0,,Mala'la Primary Health Care Centre,Palmerston Regional Hospital,False,False,20,3,19.67,,,,,18.9,Telstra,5G,Never recorded,Maningrida,19.67,Top End,1.0,0.3636959370904325,0.757532281205165,1.0,1.0,0.7803070545738994,0.8242456436591195,High
Jarramagorndarra,Family Outstation,-12.29072,134.653109999999,Never recorded,False,0.0,55.0,62.0,498.0,415.0,231.0,,Ramingining Community Health Centre - Milbrim Road,Palmerston Regional Hospital,False,False,20,3,17.87,,,,,29.98,Telstra,5G,Never recorded,Ramingining,30.36,East Arnhem,1.0,0.5996068152031455,0.8235294117647058,1.0,1.0,0.8557840567419628,0.8846272453935702,Critical
Kumurrulu,Family Outstation,-12.2717099999999,134.07048,Never recorded,False,0.1,79.0,83.0,413.0,325.0,146.0,,Mala'la Primary Health Care Centre,Palmerston Regional Hospital,False,False,20,3,4.41,,,,,29.72,Telstra,5G,Never recorded,Maningrida,29.67,Top End,1.0,0.6854521625163827,0.6771879483500718,1.0,1.0,0.8406600277166136,0.872528022173291,High
Armorran,Family Outstation,-11.7557499999999,133.381419999999,Never recorded,False,8.5,14.0,28.0,,,,,Warruwi,,False,False,27,3,0.0,Armorran,Near a cell,TELSTRA,8.0,11.98,Telstra,4G,Tower within 15km (2025),Warruwi,11.91,Top End,0.0,0.3951507208387942,1.0,1.0,1.0,0.5987876802096985,0.6790301441677589,Moderate
Ngarlu Ngarlu,Family Outstation,-11.8662899999999,133.40906,Never recorded,False,21.0,27.0,53.0,,,,,Warruwi,,False,True,25,3,12.65,,,,,24.41,Telstra,4G,Never recorded,Warruwi,24.26,Top End,1.0,0.5484927916120577,1.0,1.0,1.0,0.8871231979030144,0.9096985583224114,Critical
Tommyhawk Swamp,Family Outstation,-22.1943099999999,134.592739999999,Never recorded,False,0.1,25.0,29.0,227.0,198.0,130.0,,Urapuntja (Utopia),Alice Springs Hospital,False,False,4,0,22.18,,,,,22.33,Telstra,5G,Never recorded,Urapuntja (Utopia),22.18,Barkly,1.0,0.40104849279161203,0.41965566714490676,1.0,1.0,0.7051760399841297,0.7641408319873038,High
Mulggan,Town Camp,-14.92004,133.0739,Never recorded,False,0.1,2.0,2.0,110.0,68.0,0.0,68.0,Mataranka,Katherine Hospital,True,False,21,0,0.8,Mataranka,Macro cell,OPTUS/TELSTRA,384.0,0.54,Optus,3G/2G,Macro cell nearby,Mataranka,0.8,Big Rivers,0.0,0.15072083879423329,0.15853658536585366,0.0,0.0,0.07731435604002174,0.06185148483201739,Low
Cow Lagoon,Family Outstation,-16.2075099999999,135.949619999999,Never recorded,False,0.0,52.0,46.0,645.0,424.0,19.0,,Borroloola,Katherine Hospital,False,False,31,0,38.64,,,,,29.5,Telstra,4G,Never recorded,Borroloola,41.21,Big Rivers,1.0,0.5058977719528178,0.8450502152080345,1.0,1.0,0.8377369967902131,0.8701895974321705,High
Hingstons Place,Family Outstation,-19.6177299999999,134.197029999999,Never recorded,False,0.1,4.0,4.0,5.0,5.0,1.0,,Tennant Creek Outstations,Tennant Creek Hospital,False,False,11,0,0.0,Hingstons Place,Near a cell,OPTUS/TELSTRA,7.0,3.32,Telstra,4G,Tower within 15km (2025),Tennant Creek Outstations,3.42,Barkly,0.0,0.18086500655307994,0.04160688665710186,1.0,1.0,0.3056179733025455,0.4444943786420364,Low
Napagunpa,Family Outstation,-19.10426,133.61851,Never recorded,False,0.1,101.0,143.0,101.0,144.0,55.0,,Tennant Creek Outstations,Tennant Creek Hospital,False,False,15,0,72.04,,,,,72.1,Optus,3G/2G,Never recorded,Tennant Creek Outstations,85.14,Barkly,1.0,0.8630406290956749,0.3012912482065997,1.0,1.0,0.7910829693255687,0.8328663754604548,High
Pakulki,Family Outstation,-19.5043799999999,134.418459999999,Never recorded,False,0.0,52.0,43.0,53.0,44.0,8.0,,Tennant Creek Outstations,Tennant Creek Hospital,False,False,12,0,19.55,,,,,23.28,Optus,3G/2G,Never recorded,Tennant Creek Outstations,28.74,Barkly,1.0,0.4855832241153342,0.12625538020086083,1.0,1.0,0.6529596510790487,0.722367720863239,Moderate
Buni-Inwunbuluk,Family Outstation,-11.4061299999999,132.825539999999,Never recorded,False,0.2,163.0,187.0,442.0,374.0,175.0,,Gunbalanya (Oenpelli),Palmerston Regional Hospital,False,False,27,1,13.02,,,,,39.71,Telstra,4G,Never recorded,Minjilang,39.14,Top End,1.0,0.9200524246395806,0.7474892395982783,1.0,1.0,0.9168854160594647,0.9335083328475718,Critical
Murgenella Plains,Family Outstation,-11.71041,132.91239,Never recorded,False,0.1,165.0,190.0,443.0,377.0,176.0,,Gunbalanya (Oenpelli),Palmerston Regional Hospital,False,False,27,2,29.75,,,,,51.9,Telstra,4G,Never recorded,Warruwi,52.38,Top End,1.0,0.9246395806028833,0.7503586800573888,1.0,1.0,0.918749565165068,0.9349996521320545,Critical
Irgul Point,Family Outstation,-11.34201,132.52876,Never recorded,False,0.1,188.0,236.0,466.0,422.0,199.0,,Gunbalanya (Oenpelli),Palmerston Regional Hospital,False,False,27,2,16.02,,,,,22.14,Telstra,4G,Never recorded,Minjilang,21.96,Top End,1.0,0.9606815203145478,0.8378766140602583,1.0,1.0,0.9496395335937016,0.9597116268749613,Critical
Adbanae,Family Outstation,-11.2416699999999,131.97531,Never recorded,False,9.3,298.0,456.0,576.0,643.0,300.0,,Gunbalanya (Oenpelli),Palmerston Regional Hospital,False,False,26,2,63.35,,,,,66.13,Telstra,4G,Never recorded,Minjilang,66.58,Top End,1.0,0.9947575360419397,0.9899569583931134,1.0,1.0,0.9961786236087633,0.9969428988870106,Critical
Kapalga,Family Outstation,-12.69876,132.371129999999,Never recorded,False,0.2,58.0,46.0,187.0,132.0,5.0,,Jabiru Health Centre,Palmerston Regional Hospital,False,False,24,0,12.08,,,,,6.79,Telstra,4G,Tower within 15km (2025),Jabiru,50.25,Top End,0.0,0.5058977719528178,0.27403156384505023,1.0,1.0,0.444982333949467,0.5559858671595735,Moderate
Djirrbiyak,Family Outstation,-12.72945,132.76363,Never recorded,False,0.1,18.0,15.0,246.0,167.0,2.0,,Jabiru Health Centre,Palmerston Regional Hospital,False,False,26,0,0.06,Djirrbiyak,Near a cell,OPTUS/TELSTRA,30.0,10.17,Optus,4G,Tower within 15km (2025),Jabiru,9.7,Top End,0.0,0.264089121887287,0.3479196556671449,1.0,1.0,0.40300219438860796,0.5224017555108864,Low
Walangurrminy,Family Outstation,-12.9748199999999,130.776139999999,Never recorded,False,0.1,51.0,38.0,86.0,61.0,0.0,,Remote Territory Healthcare,Palmerston Regional Hospital,False,False,30,1,15.03,,,,,15.08,Optus,4G,Never recorded,Batchelor,28.51,Top End,1.0,0.4534731323722149,0.14634146341463414,1.0,1.0,0.6499536489467123,0.7199629191573698,Moderate
Yakala,Family Outstation,-23.8866799999999,132.6639,Never recorded,False,0.0,17.0,16.0,142.0,110.0,2.0,,Hermannsburg (Ntaria),Alice Springs Hospital,False,False,0,0,0.74,Tnyimipurta,Near a cell,TELSTRA,8.0,13.03,Telstra,4G,Tower within 15km (2025),Hermannsburg (Ntaria),13.23,Central Australia,0.0,0.27916120576671033,0.24031563845050216,1.0,1.0,0.37986921105430316,0.5038953688434425,Low
Undurana 2A,Family Outstation,-23.75918,132.105289999999,Never recorded,False,0.1,85.0,98.0,210.0,191.0,27.0,,Hermannsburg (Ntaria),Alice Springs Hospital,False,False,1,0,56.58,,,,,45.82,Optus,4G,Never recorded,Utju(Areonga),38.8,Central Australia,1.0,0.7490170380078637,0.40028694404591103,1.0,1.0,0.7873259955134437,0.8298607964107549,High
Budjanga,Family Outstation,-16.1794499999999,136.76818,Never recorded,False,0.0,59.0,61.0,714.0,478.0,56.0,,Borroloola,Katherine Hospital,False,False,31,2,50.82,,,,,51.31,Telstra,4G,Never recorded,Borroloola,50.82,Big Rivers,1.0,0.591743119266055,0.896700143472023,1.0,1.0,0.8721108156845194,0.8976886525476155,Critical
Milibunthurra,Family Outstation,-15.9623099999999,136.423329999999,Never recorded,False,0.0,23.0,38.0,678.0,455.0,19.0,,Borroloola,Katherine Hospital,False,False,33,3,17.09,,,,,16.13,Telstra,4G,Never recorded,Borroloola,17.09,Big Rivers,1.0,0.4534731323722149,0.8751793400286944,1.0,1.0,0.8321631181002274,0.8657304944801819,High
Sandridge,Family Outstation,-16.04184,136.34854,Never recorded,False,0.0,12.0,17.0,668.0,434.0,9.0,,Borroloola,Katherine Hospital,False,False,32,2,5.29,,,,,4.72,Telstra,4G,Tower within 15km (2025),Borroloola,5.29,Big Rivers,0.0,0.290956749672346,0.8565279770444764,1.0,1.0,0.5368711816792056,0.6294969453433644,Moderate
Jimilaya,Family Outstation,-15.6088499999999,136.674669999999,Never recorded,False,24.5,78.0,127.0,733.0,546.0,30.0,,Borroloola Community Health Centre,Katherine Hospital,False,True,35,3,64.42,,,,,63.25,Telstra,4G,Never recorded,Borroloola,64.42,Big Rivers,1.0,0.8414154652686763,0.945480631276901,1.0,1.0,0.9467240241363943,0.9573792193091155,Critical
Mooloowa,Family Outstation,-15.62411,137.000529999999,Never recorded,False,39.1,142.0,215.0,798.0,632.0,100.0,,Borroloola,Katherine Hospital,False,True,35,3,89.09,,,,,88.31,Telstra,4G,Never recorded,Borroloola,89.09,Big Rivers,1.0,0.9482306684141546,0.9885222381635581,1.0,1.0,0.9841882266444282,0.9873505813155425,Critical
Uguie,Family Outstation,-15.83006,137.041419999999,Never recorded,False,23.2,127.0,183.0,782.0,601.0,100.0,,Borroloola,Katherine Hospital,False,True,33,3,82.85,,,,,82.45,Telstra,4G,Never recorded,Borroloola,82.85,Big Rivers,1.0,0.9121887287024901,0.9770444763271162,1.0,1.0,0.9723083012574016,0.9778466410059213,Critical
Garawa 2,Town Camp,-16.0739,136.3189,Never recorded,False,0.0,4.0,4.0,659.0,422.0,0.0,422.0,Borroloola,Katherine Hospital,True,False,32,2,1.46,Borroloola,Macro cell,TELSTRA,755.0,2.64,Telstra,4G,Macro cell nearby,Borroloola,1.46,Big Rivers,0.0,0.18086500655307994,0.8378766140602583,0.0,0.0,0.25468540515333454,0.20374832412266763,Low
Garrinjinny,Family Outstation,-16.6749599999999,135.64751,Never recorded,False,0.4,127.0,91.0,540.0,348.0,4.0,,Borroloola,Katherine Hospital,False,False,28,0,95.19,,,,,8.47,Optus,3G/2G,Tower within 15km (2025),Borroloola,97.52,Big Rivers,0.0,0.7208387942332897,0.7130559540889526,1.0,1.0,0.6084736870805606,0.6867789496644485,Moderate
Mariniri,Family Outstation,-16.6700099999999,136.901399999999,Never recorded,False,0.1,14.0,27.0,786.0,583.0,128.0,,Robinson River,Katherine Hospital,False,False,28,2,13.06,,,,,13.18,Telstra,4G,Tower within 15km (2025),Robinson River,13.06,Big Rivers,0.0,0.3885976408912189,0.9612625538020086,1.0,1.0,0.5874650486733068,0.6699720389386454,Moderate
Wulaburri,Family Outstation,-16.4064,136.84162,Never recorded,False,0.0,55.0,109.0,783.0,577.0,125.0,,Robinson River,Katherine Hospital,False,False,30,2,41.99,,,,,41.95,Telstra,4G,Never recorded,Robinson River,41.99,Big Rivers,1.0,0.7916120576671035,0.9569583931133429,1.0,1.0,0.9371426126951116,0.9497140901560893,Critical
Wundigalla,Family Outstation,-16.4755699999999,137.04307,Never recorded,False,0.0,58.0,105.0,763.0,526.0,104.0,,Robinson River,Katherine Hospital,False,False,31,3,32.29,,,,,32.02,Telstra,4G,Never recorded,Robinson River,32.29,Big Rivers,1.0,0.7745740498034076,0.9325681492109039,1.0,1.0,0.9267855497535779,0.9414284398028624,Critical
Pantharrpilenhe,Family Outstation,-23.37058,134.789209999999,Never recorded,False,0.4,116.0,117.0,127.0,125.0,51.0,,Amoonguna Health Service,Alice Springs Hospital,False,False,0,0,39.14,,,,,14.1,Optus,4G,Tower within 15km (2025),Harts Range (Atitjere),45.43,Central Australia,0.0,0.8152031454783748,0.2661406025824964,1.0,1.0,0.5203359370152179,0.6162687496121743,Moderate
Warlpeyangkrere,Family Outstation,-22.5489399999999,136.991749999999,Never recorded,False,0.1,103.0,106.0,456.0,360.0,282.0,,Bonya,Alice Springs Hospital,False,False,4,0,195.15,,,,,105.5,Optus,4G,Never recorded,Bonya,88.46,Central Australia,1.0,0.7785058977719528,0.7252510760401721,1.0,1.0,0.8759392434530312,0.900751394762425,Critical
Yinyikay,Family Outstation,-12.2102399999999,136.229209999999,Never recorded,False,0.0,141.0,213.0,145.0,215.0,129.0,,Laynhapuy Homelands,Gove District Hospital,False,False,26,2,44.39,,,,,50.34,Telstra,4G,Never recorded,Gunyangara,51.79,East Arnhem,1.0,0.9462647444298821,0.45911047345767575,1.0,1.0,0.8513438044718894,0.8810750435775117,Critical
Kumunu,Family Outstation,-18.76418,133.639459999999,Never recorded,False,0.1,,,,,,,,,False,False,16,0,52.25,,,,,52.2,Optus,3G/2G,Never recorded,Tennant Creek Outstations,114.01,Barkly,1.0,1.0,1.0,1.0,1.0,1.0,1.0,Critical
Muckaty,Family Outstation,-18.6393199999999,133.8959,Never recorded,False,0.0,128.0,86.0,129.0,87.0,6.0,,Tennant Creek Outstations,Tennant Creek Hospital,False,False,16,0,37.28,,,,,37.21,Optus,3G/2G,Never recorded,Tennant Creek Outstations,116.32,Barkly,1.0,0.6946264744429882,0.1836441893830703,1.0,1.0,0.7195676659565147,0.7756541327652118,High
Yirra Bandoo,Family Outstation,-12.5729299999999,131.022379999999,Never recorded,False,0.1,8.0,9.0,16.0,14.0,1.0,,Coolalinga Medical Centre,Palmerston Regional Hospital,False,False,30,1,35.21,,,,,2.07,Telstra,4G,Macro cell nearby,Belyuen,35.21,Top End,0.0,0.21952817824377457,0.07173601147776183,1.0,1.0,0.3228160474303841,0.45825283794430727,Low
Darrandarra,Family Outstation,-12.7409799999999,130.95462,Never recorded,False,0.6,10.0,8.0,46.0,32.0,0.0,32.0,Remote Territory Healthcare,Palmerston Regional Hospital,True,False,29,1,34.89,,,,,1.24,Telstra,4G,Macro cell nearby,Batchelor,34.89,Top End,0.0,0.2129750982961992,0.10832137733142037,0.0,1.0,0.0803241189069049,0.26425929512552393,Low
10 Mile Outstation,Family Outstation,-22.46667,132.376579999999,Never recorded,False,0.1,88.0,87.0,246.0,189.0,20.0,,Yuendumu,Alice Springs Hospital,False,False,1,0,44.38,,,,,29.12,Telstra,4G,Never recorded,Laramba (Napperby),39.67,Central Australia,1.0,0.7018348623853211,0.3945480631276901,1.0,1.0,0.7740957313782528,0.8192765851026023,High
Ileparratye,Family Outstation,-22.0214499999999,133.429309999999,Never recorded,False,1.1,21.0,18.0,215.0,136.0,5.0,,Ti Tree Community Health Centre,Alice Springs Hospital,False,False,2,0,11.9,,,,,12.47,Optus,4G,Tower within 15km (2025),Ti Tree Community Health Centre,12.02,,0.0,0.30471821756225426,0.2812051649928264,1.0,1.0,0.3964808456387702,0.5171846765110162,Low
4 Mile Camp,Family Outstation,-11.7779799999999,130.59548,Never recorded,False,0.1,6.0,9.0,,,,,Wurrumiyanga (Nguiu),,False,False,30,2,5.07,,,,,5.11,Telstra,4G,Tower within 15km (2025),Wurrumiyanga (Nguiu),5.07,Top End,0.0,0.21952817824377457,1.0,1.0,1.0,0.5548820445609437,0.6439056356487549,Moderate
Kabulwarnamyo,Family Outstation,-12.7648599999999,133.844719999999,Never recorded,False,6.0,147.0,236.0,518.0,515.0,245.0,,Mala'la Primary Health Care Centre,Palmerston Regional Hospital,False,False,22,1,59.18,,,,,89.35,Telstra,5G,Never recorded,Maningrida,89.42,Top End,1.0,0.9606815203145478,0.926829268292683,1.0,1.0,0.9718776971518077,0.9775021577214462,Critical
Leichardt,Family Outstation,-13.84806,130.279069999999,Never recorded,False,2.7,36.0,73.0,282.0,237.0,61.0,,Woodycupaldiya Community Health Centre,Palmerston Regional Hospital,False,False,38,0,40.1,,,,,36.23,Telstra,4G,Never recorded,Woodyculpaldiya,30.03,Top End,1.0,0.6507208387942333,0.5064562410329986,1.0,1.0,0.789294269956808,0.8314354159654463,High
Corkwood Bore,Family Outstation,-23.3122499999999,133.867919999999,Never recorded,False,0.2,60.0,47.0,63.0,49.0,12.0,,Purple House Primary Health Care,Alice Springs Hospital,False,False,0,0,35.75,,,,,30.31,Telstra,4G,Never recorded,Amoonguna,50.96,Central Australia,1.0,0.5150720838794234,0.13055954088952654,1.0,1.0,0.6614079061922375,0.72912632495379,Moderate
Yulbara,Family Outstation,-15.7777,136.9997,Never recorded,False,24.0,127.0,185.0,783.0,602.0,100.0,,Borroloola,Katherine Hospital,False,True,33,3,80.79,,,,,80.26,Telstra,4G,Never recorded,Borroloola,80.79,Big Rivers,1.0,0.9154652686762779,0.9784791965566715,1.0,1.0,0.9734861163082373,0.9787888930465899,Critical
Babungi,Family Outstation,-15.7444399999999,136.978579999999,Never recorded,False,26.0,129.0,189.0,785.0,606.0,100.0,,Borroloola,Katherine Hospital,False,True,33,3,80.31,,,,,79.71,Telstra,4G,Never recorded,Borroloola,80.31,Big Rivers,1.0,0.9226736566186108,0.9799139167862266,1.0,1.0,0.9756468933512094,0.9805175146809674,Critical
Conder Point,Family Outstation,-11.6508799999999,131.32757,Never recorded,False,0.1,117.0,191.0,,,,,Milikapiti Community Health Centre,,False,False,29,2,75.03,,,,,49.31,Telstra,4G,Never recorded,Milikapiti,75.61,Top End,1.0,0.9272608125819135,1.0,1.0,1.0,0.9818152031454783,0.9854521625163827,Critical
Takapimiliyi,Family Outstation,-11.81528,130.80161,Never recorded,False,0.1,69.0,90.0,,,,,Milikapiti Community Health Centre,,False,False,31,2,18.43,,,,,11.0,Telstra,4G,Tower within 15km (2025),Wurrumiyanga (Nguiu),18.96,Top End,0.0,0.716251638269987,1.0,1.0,1.0,0.6790629095674967,0.7432503276539973,Moderate
Penyeme,Family Outstation,-22.78725,135.67273,Never recorded,False,4.5,89.0,114.0,303.0,260.0,125.0,,Atitjere (Hearts Range) Community Health Centre,Alice Springs Hospital,False,False,3,0,78.78,,,,,78.14,Telstra,4G,Never recorded,Bonya,50.8,Central Australia,1.0,0.8047182175622543,0.5444763271162123,1.0,1.0,0.8372986361696166,0.8698389089356933,High
Atji Creek,Family Outstation,-23.3994499999999,131.98389,Never recorded,False,0.1,18.0,21.0,217.0,178.0,49.0,,Ikuntji Health Clinic,Alice Springs Hospital,False,False,1,0,14.77,,,,,24.0,Telstra,4G,Never recorded,Haasts Bluff (Ikuntji),11.74,Central Australia,1.0,0.33551769331585846,0.3744619799139168,1.0,1.0,0.6774949183074438,0.741995934645955,Moderate
Uluperte,Family Outstation,-23.76408,135.695439999999,Never recorded,False,0.0,220.0,262.0,231.0,270.0,197.0,,Amoonguna Health Service,Alice Springs Hospital,False,False,1,0,116.43,,,,,108.3,Optus,4G,Never recorded,Harts Range (Atitjere),116.43,Central Australia,1.0,0.9685452162516383,0.5616929698708751,1.0,1.0,0.8825595465306283,0.9060476372245028,Critical
Kewulyi,Family Outstation,-14.92699,134.00927,Never recorded,False,0.1,37.0,38.0,232.0,159.0,6.0,,Minyerri (Hodgeson Downs),Katherine Hospital,False,False,19,0,33.68,,,,,33.58,Telstra,5G,Never recorded,Minyerri (Hodgeson Downs),33.68,Big Rivers,1.0,0.4534731323722149,0.32926829268292684,1.0,1.0,0.6956853562637855,0.7565482850110283,Moderate
Ilpurla,Family Outstation,-24.31521,132.71446,Never recorded,False,0.0,79.0,158.0,215.0,201.0,85.0,,Hermannsburg (Ntaria),Alice Springs Hospital,False,False,0,0,39.58,,,,,28.91,Optus,4G,Never recorded,Hermannsburg (Ntaria),41.93,Central Australia,1.0,0.8859764089121888,0.42898134863701576,1.0,1.0,0.8287394393873011,0.8629915515098409,High
Burudu,Family Outstation,-19.5987399999999,136.92545,Never recorded,False,0.1,259.0,236.0,434.0,284.0,52.0,,Alpurrurulam (Lake Nash) Community Health Centre,Tennant Creek Hospital,False,False,9,0,54.02,,,,,54.17,Telstra,4G,Never recorded,Alpurrurulam (Lake Nash),181.6,Barkly,1.0,0.9606815203145478,0.5918220946915351,1.0,1.0,0.8881259037515208,0.9105007230012166,Critical
Putjamirra,Family Outstation,-11.22457,130.36849,Never recorded,False,0.1,32.0,60.0,,,,,Pirlangimpi,,False,False,30,2,20.85,,,,,0.1,Telstra,4G,Macro cell nearby,Pirlangimpi,20.85,Top End,0.0,0.5845347313237221,1.0,1.0,1.0,0.6461336828309305,0.7169069462647444,Moderate
Annerre,Family Outstation,-21.2616899999999,134.001159999999,Never recorded,False,0.0,40.0,49.0,201.0,132.0,7.0,,Tara Community Health Centre,Tennant Creek Hospital,False,False,4,0,32.12,,,,,27.37,Telstra,4G,Never recorded,Tara(Neutral Junction),27.23,Barkly,1.0,0.5242463958060288,0.27403156384505023,1.0,1.0,0.6995694899127698,0.7596555919302158,Moderate
10 Mile,Family Outstation,-20.4062799999999,134.75934,Never recorded,False,0.6,75.0,87.0,155.0,131.0,66.0,,Epenarra (Wutunugurra),Tennant Creek Hospital,False,False,6,0,61.65,,,,,52.54,Telstra,4G,Never recorded,Epenarra (Wutunugurra),51.74,Barkly,1.0,0.7018348623853211,0.27116212338593976,1.0,1.0,0.7432492464428153,0.7945993971542522,High
Arkanta,Family Outstation,-24.52148,132.81995,Never recorded,False,3.9,180.0,138.0,186.0,142.0,52.0,,Alukura Women's Health Clinic,Alice Springs Hospital,False,False,0,0,51.74,,,,,51.81,Telstra,5G,Never recorded,Wallace Rockhole,51.74,Central Australia,1.0,0.8564875491480997,0.2934002869440459,1.0,1.0,0.7874719590230363,0.8299775672184291,High
Ganiyarrang,Family Outstation,-14.475,135.02131,Never recorded,False,0.0,50.0,50.0,365.0,283.0,100.0,,Ngukurr (Roper River),Katherine Hospital,False,False,26,0,42.23,,,,,42.32,Telstra,4G,Never recorded,Ngukurr (Roper River),42.23,Big Rivers,1.0,0.5327653997378768,0.5882352941176471,1.0,1.0,0.780250173463881,0.8242001387711049,High
Irklancha Atwacha,Town Camp,-23.6941,133.9052,Never recorded,False,0.0,1.0,2.0,4.0,3.0,0.0,3.0,Sadadeen Clinic,Alice Springs Hospital,True,False,0,0,8.62,,,,,1.25,Telstra,5G,Macro cell nearby,Amoonguna,8.62,Central Australia,0.0,0.15072083879423329,0.018651362984218076,0.0,0.0,0.04234305044461284,0.033874440355690275,Low
Nama,Family Outstation,-14.22945,129.858789999999,Never recorded,False,0.0,23.0,37.0,360.0,301.0,121.0,,Palumpa,Palmerston Regional Hospital,False,False,41,0,13.7,,,,,13.75,Telstra,4G,Tower within 15km (2025),Palumpa,13.7,Top End,0.0,0.4456094364351245,0.6255380200860832,1.0,1.0,0.517786864130302,0.6142294913042415,Moderate
Buffalo Farm,Family Outstation,-12.8136899999999,132.593819999999,Never recorded,False,0.4,55.0,50.0,275.0,191.0,12.0,,Jabiru Health Centre,Katherine Hospital,False,False,27,0,12.79,,,,,12.85,Telstra,5G,Tower within 15km (2025),Jabiru,30.23,Top End,0.0,0.5327653997378768,0.40028694404591103,1.0,1.0,0.48326308594594697,0.5866104687567576,Moderate
Hawk Dreaming,Family Outstation,-12.3705299999999,132.93914,Never recorded,False,0.1,32.0,38.0,270.0,193.0,9.0,,Gunbalanya Community Health Centre,Palmerston Regional Hospital,False,False,25,1,13.06,,,,,6.57,Optus,4G,Tower within 15km (2025),Gunbalanya (Oenpelli),13.71,Top End,0.0,0.4534731323722149,0.4067431850789096,1.0,1.0,0.46505407936278115,0.5720432634902248,Moderate
Kunoth,Town Camp,-23.6905399999999,133.880259999999,Never recorded,False,0.0,1.0,1.0,2.0,2.0,0.0,2.0,Nganampa Health Council - Umuwa Office,Alice Springs Hospital,True,False,0,0,10.16,,,,,0.75,Telstra,5G,Macro cell nearby,Amoonguna,10.16,Central Australia,0.0,0.11336828309305373,0.010760401721664276,0.0,0.0,0.0310321712036795,0.0248257369629436,Low
Adelaide River,Village,-13.2378,131.104729999999,Never recorded,True,0.1,0.0,1.0,94.0,58.0,0.0,58.0,Adelaide River Community Health Centre,Palmerston Regional Hospital,True,False,31,0,0.0,Adelaide River,Macro cell,OPTUS/TELSTRA,317.0,0.86,Telstra,4G,Macro cell nearby,Adelaide River,0.0,Top End,0.0,0.11336828309305373,0.1406025824964132,0.0,0.0,0.06349271639736673,0.05079417311789338,Low
Alice Springs,Town,-23.6994,133.8807,Has coverage,False,0.1,1.0,1.0,1.0,2.0,0.0,2.0,Central Clinic - Alice Springs,Alice Springs Hospital,True,False,0,0,9.33,,,,,0.17,Optus,4G,Macro cell nearby,Amoonguna,9.33,Central Australia,0.0,0.11336828309305373,0.010760401721664276,0.0,0.0,0.0310321712036795,0.0248257369629436,Low
Alyangula,Town,-13.8506,136.4191,Never recorded,False,0.1,0.0,0.0,,,,,Alyangula,,False,False,29,0,4.34,,,,,0.3,Telstra,5G,Macro cell nearby,Alyangula,0.0,East Arnhem,0.0,0.045216251638269984,1.0,1.0,0.0,0.5113040629095675,0.40904325032765404,Moderate
Batchelor,Village,-13.0462899999999,131.028829999999,Never recorded,True,0.0,0.0,0.0,79.0,51.0,0.0,51.0,Batchelor,Palmerston Regional Hospital,True,False,30,0,0.0,Batchelor,Macro cell,OPTUS/TELSTRA,396.0,0.19,Telstra,5G,Macro cell nearby,Batchelor,0.0,Top End,0.0,0.045216251638269984,0.13199426111908177,0.0,0.0,0.04430262818933794,0.03544210255147035,Low
Borroloola,Village,-16.0676,136.3069,Has coverage,True,0.0,0.0,1.0,659.0,423.0,0.0,423.0,Borroloola,Katherine Hospital,True,False,32,2,0.0,Borroloola,Macro cell,TELSTRA,755.0,1.56,Telstra,4G,Macro cell nearby,Borroloola,0.0,Big Rivers,0.0,0.11336828309305373,0.8414634146341463,0.0,0.0,0.2387079244318,0.19096633954544,Low
Cattle Creek,Family Outstation,-17.5974699999999,131.545209999999,Never recorded,False,0.2,103.0,167.0,501.0,422.0,72.0,,Kalkaringi (Wave Hill),Katherine Hospital,False,False,18,0,77.45,,,,,77.8,Telstra,4G,Never recorded,Kalkaringi (Wave Hill),77.45,Big Rivers,1.0,0.9017038007863696,0.8378766140602583,1.0,1.0,0.934895103711657,0.9479160829693256,Critical
Daly Waters,Village,-16.2533299999999,133.36932,Never recorded,True,0.0,153.0,93.0,277.0,168.0,0.0,168.0,Elliot,Katherine Hospital,True,False,20,0,0.0,Daly Waters,Macro cell,OPTUS/TELSTRA,,6.23,Telstra,5G,Macro cell nearby,Minyerri (Hodgeson Downs),137.77,Big Rivers,0.0,0.7313237221494102,0.3500717360114778,0.0,0.0,0.270348864540222,0.2162790916321776,Low
Darwin,City,-12.46153,130.84244,Has coverage,False,0.0,0.0,1.0,16.0,13.0,0.0,13.0,Sonic Health Plus Darwin Cbd,Royal Darwin Hospital,True,False,30,1,17.69,,,,,0.19,Telstra,5G,Macro cell nearby,Belyuen,17.69,Top End,0.0,0.11336828309305373,0.06814921090387374,0.0,0.0,0.045379373499231865,0.03630349879938549,Low
Elliott,Village,-17.5527,133.5408,Has coverage,True,0.1,0.0,0.0,255.0,154.0,0.0,154.0,Elliot,Tennant Creek Hospital,True,False,21,0,0.0,Elliott,Macro cell,OPTUS/TELSTRA,244.0,0.46,Telstra,4G,Macro cell nearby,Elliot,0.0,Barkly,0.0,0.045216251638269984,0.3206599713055954,0.0,0.0,0.09146905573596635,0.07317524458877309,Low
Jabiru,Village,-12.6752,132.833699999999,Never recorded,True,0.2,0.0,1.0,236.0,158.0,0.0,158.0,Jabiru,Palmerston Regional Hospital,True,False,25,0,2.85,Hunters Camp,Near a cell,OPTUS/TELSTRA,5.0,0.64,Optus,4G,Macro cell nearby,Jabiru,0.0,Top End,0.0,0.11336828309305373,0.32639885222381637,0.0,0.0,0.10994178382921753,0.08795342706337403,Low
Katherine,Town,-14.4667599999999,132.26677,Has coverage,False,0.1,1.0,1.0,4.0,3.0,0.0,3.0,Katherine Community Health Centre,Katherine Hospital,True,False,28,0,10.45,,,,,0.5,Optus,4G,Macro cell nearby,Binjari,13.05,Big Rivers,0.0,0.11336828309305373,0.018651362984218076,0.0,0.0,0.033004911519317955,0.026403929215454362,Low
Kulgera,Village,-25.84084,133.300479999999,Never recorded,True,0.1,148.0,98.0,275.0,167.0,0.0,,Imanpa(Mt Ebenezer),Alice Springs Hospital,False,False,0,0,0.0,Kulgera,Small cell,OPTUS/TELSTRA,,0.17,Optus,3G/2G,Macro cell nearby,Imanpa(Mt Ebenezer),107.77,Central Australia,0.0,0.7490170380078637,0.3479196556671449,1.0,0.0,0.5242341734187521,0.41938733873500167,Moderate
Kurinelli,Family Outstation,-20.6114,135.039999999999,Never recorded,False,0.1,46.0,65.0,199.0,191.0,111.0,,Epenarra Health Centre,Tennant Creek Hospital,False,False,6,0,78.92,,,,,29.49,Telstra,4G,Never recorded,Epenarra (Wutunugurra),27.69,Barkly,1.0,0.6146788990825688,0.40028694404591103,1.0,1.0,0.75374146078212,0.802993168625696,High
Larrimah,Village,-15.5757,133.2163,Never recorded,False,0.0,76.0,46.0,185.0,112.0,0.0,,Mataranka,Katherine Hospital,False,False,20,0,0.23,Larrimah,Small cell,OPTUS,,0.22,Optus,4G,Macro cell nearby,Jilkminggan (Duck Creek),69.81,Big Rivers,0.0,0.5058977719528178,0.24964131994261118,1.0,0.0,0.43888477297385725,0.3511078183790858,Moderate
Moolooloo,Family Outstation,-16.33559,131.51505,Never recorded,False,0.1,90.0,95.0,335.0,234.0,34.0,,Yarralin,Katherine Hospital,False,False,24,0,37.88,,,,,37.89,Optus,3G/2G,Never recorded,Nitjpurru (Pigeon Hole),61.79,Big Rivers,1.0,0.7398427260812582,0.4971305595408895,1.0,1.0,0.8092433214055369,0.8473946571244294,High
Ngurrutiji,Family Outstation,-20.1167,134.5167,Never recorded,False,0.8,74.0,101.0,74.0,102.0,40.0,,Tennant Creek Outstations,Tennant Creek Hospital,False,False,7,0,64.78,,,,,55.22,Optus,4G,Never recorded,Tennant Creek Outstations,62.32,Barkly,1.0,0.7575360419397117,0.21449067431850788,1.0,1.0,0.7430066790645549,0.7944053432516439,High
Nhulunbuy,Town,-12.187,136.7763,Has coverage,False,0.1,0.0,0.0,1.0,1.0,0.0,1.0,Nhulunbuy Urban,Gove District Hospital,True,False,25,1,8.3,,,,,0.62,Telstra,4G,Macro cell nearby,Nhulunbuy Urban,0.0,East Arnhem,0.0,0.045216251638269984,0.003586800573888092,0.0,0.0,0.012200763053039519,0.009760610442431615,Low
Palmerston,Town,-12.4808,130.9841,Never recorded,False,0.0,1.0,1.0,4.0,4.0,0.0,4.0,Palmerston Medical Clinic,Palmerston Regional Hospital,True,False,30,1,31.51,,,,,0.3,Telstra,5G,Macro cell nearby,Belyuen,31.51,Top End,0.0,0.11336828309305373,0.03012912482065997,0.0,0.0,0.03587435197842843,0.028699481582742742,Low
Pine Creek,Village,-13.8227,131.8344,Has coverage,True,0.1,0.0,0.0,94.0,58.0,0.0,58.0,Pine Creek,Katherine Hospital,True,False,29,0,0.0,Pine Creek,Macro cell,TELSTRA,142.0,0.53,Telstra,4G,Macro cell nearby,Pine Creek,0.0,Big Rivers,0.0,0.045216251638269984,0.1406025824964132,0.0,0.0,0.04645470853367079,0.03716376682693663,Low
Tennant Creek,Town,-19.6478,134.1902,Has coverage,False,0.0,0.0,0.0,1.0,1.0,0.0,1.0,Tennant Creek Outstations,Tennant Creek Hospital,True,False,11,0,3.42,,,,,0.75,Optus,4G,Macro cell nearby,Tennant Creek Outstations,0.0,Barkly,0.0,0.045216251638269984,0.003586800573888092,0.0,0.0,0.012200763053039519,0.009760610442431615,Low
Ti Tree,Village,-22.1279,133.4171,Never recorded,True,0.1,0.0,0.0,195.0,118.0,0.0,118.0,Ti Tree Community Health Centre,Alice Springs Hospital,True,False,2,0,0.0,Ti Tree,Macro cell,OPTUS/TELSTRA,49.0,0.56,Optus,4G,Macro cell nearby,Ti Tree Community Health Centre,0.23,,0.0,0.045216251638269984,0.25968436154949787,0.0,0.0,0.07622515329694196,0.06098012263755357,Low
Timber Creek,Village,-15.6625,130.4804,Has coverage,True,0.1,0.0,1.0,532.0,408.0,180.0,,Timber Creek,Katherine Hospital,False,False,31,0,0.0,Timber Creek,Macro cell,TELSTRA,155.0,0.7,Telstra,4G,Macro cell nearby,Timber Creek,0.0,Big Rivers,0.0,0.11336828309305373,0.8098995695839312,1.0,0.0,0.4808169631692462,0.38465357053539695,Moderate
Warby,Family Outstation,-16.1531,136.734399999999,Never recorded,False,0.9,57.0,61.0,713.0,478.0,53.0,,Borroloola,Katherine Hospital,False,False,31,2,46.65,,,,,47.07,Telstra,4G,Never recorded,Borroloola,46.65,Big Rivers,1.0,0.591743119266055,0.896700143472023,1.0,1.0,0.8721108156845194,0.8976886525476155,Critical
Yulara,Town,-25.2413299999999,130.98766,Never recorded,True,0.2,0.0,1.0,445.0,285.0,0.0,285.0,Yulara(Uluru),Alice Springs Hospital,True,False,1,0,0.0,Yulara,Macro cell,TELSTRA,,0.39,Telstra,5G,Macro cell nearby,Yulara(Uluru),0.0,Central Australia,0.0,0.11336828309305373,0.593974175035868,0.0,0.0,0.17683561453223043,0.14146849162578434,Low
Impadna,Family Outstation,-25.1545199999999,133.569469999999,Never recorded,False,0.2,135.0,111.0,235.0,165.0,49.0,,Imanpa(Mt Ebenezer),Alice Springs Hospital,False,False,0,0,37.48,,,,,37.32,Telstra,4G,Never recorded,Titjikala (Maryvale),73.92,Central Australia,1.0,0.7942332896461337,0.3436154949784792,1.0,1.0,0.7844621961561532,0.8275697569249225,High
Wollagalonng Outstation,Family Outstation,-21.36721,133.4395,Never recorded,False,0.6,69.0,121.0,303.0,262.0,56.0,,Wilora Community Health Centre,Tennant Creek Hospital,False,False,5,0,48.71,,,,,50.01,Optus,3G/2G,Never recorded,Wilora Community Health Centre,51.37,,1.0,0.8263433813892529,0.5494978479196556,1.0,1.0,0.8439603073272272,0.8751682458617818,High
Newcastle Waters,Village,-17.3718,133.4103,Never recorded,False,0.1,27.0,17.0,281.0,170.0,0.0,170.0,Elliot,Tennant Creek Hospital,True,False,20,0,0.24,Newcastle Waters,Small cell,TELSTRA,,0.18,Telstra,5G,Macro cell nearby,Elliot,24.42,Barkly,0.0,0.290956749672346,0.35581061692969873,0.0,0.0,0.1616918416505112,0.12935347332040897,Low
Mataranka,Village,-14.9243499999999,133.067949999999,Never recorded,True,0.0,0.0,0.0,109.0,66.0,0.0,66.0,Mataranka,Katherine Hospital,True,False,21,0,0.0,Mataranka,Macro cell,OPTUS/TELSTRA,384.0,0.69,Optus,3G/2G,Macro cell nearby,Mataranka,0.0,Big Rivers,0.0,0.045216251638269984,0.15064562410329985,0.0,0.0,0.048965468935392456,0.03917237514831397,Low
Ngarilikirlangu,Family Outstation,-22.12594,131.77302,Never recorded,False,2.0,31.0,50.0,324.0,247.0,29.0,,Yuendumu,Alice Springs Hospital,False,False,4,0,14.41,,,,,14.22,Telstra,4G,Tower within 15km (2025),Yuendumu,14.41,Central Australia,0.0,0.5327653997378768,0.5229555236728838,1.0,1.0,0.5139302308526902,0.6111441846821521,Moderate
Double D,Family Outstation,-21.2317699999999,134.94684,Never recorded,False,3.3,69.0,72.0,241.0,180.0,65.0,,Ali Curung,Tennant Creek Hospital,False,False,5,0,55.33,,,,,52.33,Telstra,4G,Never recorded,Aherrenge (Ampilawatja),55.33,Barkly,1.0,0.645478374836173,0.3787661406025825,1.0,1.0,0.7560611288596889,0.8048489030877513,High
Sandy Bore,Family Outstation,-24.5575,132.524329999999,Never recorded,False,8.5,81.0,159.0,210.0,190.0,71.0,,Utju(Areonga),Alice Springs Hospital,False,False,0,0,63.88,,,,,59.87,Optus,4G,Never recorded,Utju(Areonga),59.62,Central Australia,1.0,0.8879423328964613,0.39741750358680056,1.0,1.0,0.8213399591208155,0.8570719672966524,High
Black Rock Landing,Family Outstation,-15.92062,136.51042,Never recorded,False,0.1,44.0,40.0,699.0,459.0,25.0,,Borroloola Community Health Centre,Katherine Hospital,False,False,33,3,27.21,,,,,26.38,Telstra,4G,Never recorded,Borroloola,27.21,Big Rivers,1.0,0.4692005242463958,0.8780487804878049,1.0,1.0,0.8368123261835502,0.8694498609468401,High
Ngunga,Family Outstation,-23.26484,131.2545,Never recorded,False,0.3,3.0,5.0,315.0,272.0,173.0,,Mt Liebig (Amunturrngu),Alice Springs Hospital,False,False,1,0,1.91,Mount Liebig,Macro cell,TELSTRA,234.0,2.61,Telstra,4G,Macro cell nearby,Mt Liebig (Amunturrngu),1.91,Central Australia,0.0,0.1913499344692005,0.5674318507890961,1.0,1.0,0.43969544631457413,0.5517563570516593,Moderate
Crabhole,Family Outstation,-16.2152499999999,137.09915,Never recorded,False,0.0,98.0,125.0,753.0,543.0,94.0,,Borroloola,Katherine Hospital,False,False,32,3,61.85,,,,,61.58,Telstra,4G,Never recorded,Robinson River,61.85,Big Rivers,1.0,0.8348623853211009,0.9411764705882353,1.0,1.0,0.944009713977334,0.9552077711818672,Critical
Snake Lagoon,Family Outstation,-16.2032199999999,136.913029999999,Never recorded,False,0.1,76.0,81.0,731.0,499.0,72.0,,Borroloola,Katherine Hospital,False,False,31,3,62.3,,,,,62.16,Telstra,4G,Never recorded,Robinson River,62.3,Big Rivers,1.0,0.682175622542595,0.9088952654232425,1.0,1.0,0.8977677219914594,0.9182141775931676,Critical
Wallaces Lagoon,Family Outstation,-16.1226699999999,136.6356,Never recorded,False,2.0,44.0,46.0,699.0,464.0,39.0,,Borroloola,Katherine Hospital,False,False,32,2,35.65,,,,,36.03,Telstra,4G,Never recorded,Borroloola,35.65,Big Rivers,1.0,0.5058977719528178,0.8823529411764706,1.0,1.0,0.8470626782823221,0.8776501426258576,Critical
Brumby Plains,Family Outstation,-16.9602,129.10889,Never recorded,False,2.7,294.0,296.0,757.0,598.0,290.0,,Kalkaringi (Wave Hill),Katherine Hospital,False,False,22,0,14.73,,,,,14.71,Telstra,4G,Tower within 15km (2025),Amanbidji (Kildurk),80.32,Big Rivers,0.0,0.9764089121887287,0.975609756097561,1.0,1.0,0.7380046670715724,0.7904037336572579,High
Gulardi,Family Outstation,-15.71326,130.48399,Never recorded,False,0.0,7.0,5.0,526.0,405.0,180.0,,Timber Creek,Katherine Hospital,False,False,32,0,0.7,Myatt,Near a cell,TELSTRA,75.0,6.35,Telstra,4G,Tower within 15km (2025),Timber Creek,5.66,Big Rivers,0.0,0.1913499344692005,0.7991391678622669,1.0,1.0,0.49762227558286687,0.5980978204662935,Moderate
Irrowa,Family Outstation,-24.6251499999999,132.331029999999,Never recorded,False,0.6,104.0,80.0,227.0,176.0,97.0,245.0,Watarrka(Kings Canyon),Alice Springs Hospital,True,False,0,0,57.48,,,,,57.38,Optus,4G,Never recorded,Imanpa(Mt Ebenezer),61.15,Central Australia,1.0,0.6775884665792923,0.37087517934002867,0.0,1.0,0.5121159114798302,0.6096927291838641,Moderate
Iljitjarri,Family Outstation,-24.5340099999999,132.492149999999,Never recorded,False,9.1,122.0,107.0,226.0,184.0,87.0,,Watarrka(Kings Canyon),Alice Springs Hospital,False,False,0,0,66.79,,,,,58.76,Optus,4G,Never recorded,Utju(Areonga),55.89,Central Australia,1.0,0.783748361730013,0.381635581061693,1.0,1.0,0.7913459856979266,0.8330767885583412,High
Alyarpere,Family Outstation,-23.70776,134.493319999999,Never recorded,False,1.0,73.0,68.0,84.0,76.0,49.0,,Amoonguna Health Service,Alice Springs Hospital,False,False,0,0,12.99,,,,,12.45,Optus,3G/2G,Tower within 15km (2025),Ltyentye Apurte(Santa Teresa),48.59,Central Australia,0.0,0.6297509829619922,0.17216642754662842,1.0,1.0,0.45047935262715516,0.5603834821017241,Moderate
Urrermerne,Family Outstation,-23.9629,134.06913,Never recorded,False,0.8,33.0,28.0,39.0,32.0,11.0,,Alukura Women's Health Clinic,Alice Springs Hospital,False,False,0,0,24.41,,,,,24.62,Optus,4G,Never recorded,Amoonguna,25.71,Central Australia,1.0,0.3951507208387942,0.10832137733142037,1.0,1.0,0.6258680245425536,0.7006944196340429,Moderate
20 Mile,Family Outstation,-16.0853499999999,136.548259999999,Never recorded,False,0.3,31.0,32.0,686.0,449.0,27.0,,Borroloola,Katherine Hospital,False,False,32,2,25.86,,,,,26.11,Telstra,4G,Never recorded,Borroloola,25.86,Big Rivers,1.0,0.4134993446920052,0.870157819225251,1.0,1.0,0.8209142909793141,0.8567314327834513,High
Bushcamp,Family Outstation,-19.7171099999999,134.154079999999,Never recorded,False,0.7,10.0,11.0,10.0,12.0,3.0,,Tennant Creek Outstations,Tennant Creek Hospital,False,False,10,0,11.93,,,,,7.98,Telstra,5G,Tower within 15km (2025),Tennant Creek Outstations,8.58,Barkly,0.0,0.23197903014416776,0.06456241032998565,1.0,1.0,0.3241353601185384,0.4593082880948307,Low
Atnarpa,Family Outstation,-23.5235799999999,134.789109999999,Never recorded,False,0.1,112.0,108.0,123.0,116.0,47.0,,Amoonguna Health Service,Alice Springs Hospital,False,False,0,0,31.4,,,,,12.83,Optus,4G,Tower within 15km (2025),Harts Range (Atitjere),61.77,Central Australia,0.0,0.7883355176933159,0.2582496413199426,1.0,1.0,0.5116462897533146,0.6093170318026517,Moderate
Lily Hole,Family Outstation,-17.24737,133.74957,Never recorded,False,1.3,57.0,89.0,311.0,242.0,38.0,,Elliot,Tennant Creek Hospital,False,False,20,0,38.64,,,,,38.64,Telstra,5G,Never recorded,Elliot,40.54,Barkly,1.0,0.7116644823066841,0.5157819225251076,1.0,1.0,0.8068616012079479,0.8454892809663583,High
Minjilang,Major,-11.1507,132.578599999999,No coverage,True,0.0,0.0,0.0,,,,,Minjilang,,False,False,27,1,0.0,Minjilang,Macro cell,TELSTRA,234.0,0.59,Telstra,4G,Macro cell nearby,Minjilang,0.0,Top End,0.0,0.045216251638269984,1.0,1.0,0.07745804355973848,0.5113040629095675,0.42453485903960175,Moderate
