idx,community_name,lat,lon,snap_km,road_component_nodes,clinic_dest_idx,clinic_road_km,clinic_minutes,hospital_idx,hospital_road_km,hospital_minutes,hospital_unsealed_km,hospital_minutes_sealed_only,nearest_clinic,nearest_hospital_ed
0,ADELAIDE BORE,-22.2148499999999,133.93607,0.1,37927.0,90.0,59.0,64.0,5.0,252.0,180.0,57.0,-1.0,Ti Tree Community Health Centre,Alice Springs Hospital
1,ALYUEN,-22.66949,133.35147,0.1,37927.0,80.0,54.0,35.0,5.0,135.0,84.0,2.0,-1.0,Pmara Jutunta(6 Mile),Alice Springs Hospital
2,AKNGWERTNARRE,-23.6928,133.861199999999,0.0,37927.0,197.0,2.0,2.0,5.0,4.0,4.0,0.0,4.0,Larapinta Clinic,Alice Springs Hospital
3,ALKIPI,-23.27356,131.829239999999,0.0,37927.0,88.0,13.0,23.0,5.0,256.0,219.0,117.0,-1.0,Papunya Community Health Centre,Alice Springs Hospital
4,RED SANDHILL,-24.0097399999999,132.852789999999,0.2,37927.0,76.0,12.0,23.0,5.0,122.0,105.0,10.0,-1.0,Hermannsburg (Ntaria),Alice Springs Hospital
5,ALPARA,-25.91526,131.21242,9.4,37927.0,75.0,103.0,205.0,5.0,567.0,506.0,95.0,-1.0,Mutitjulu,Alice Springs Hospital
6,INJULKAMA,-23.0762599999999,133.106729999999,0.1,37927.0,180.0,134.0,138.0,5.0,137.0,140.0,37.0,-1.0,Purple House Primary Health Care,Alice Springs Hospital
7,AMOONGUNA,-23.76632,133.93599,0.0,37927.0,63.0,0.0,0.0,5.0,15.0,11.0,0.0,11.0,Amoonguna,Alice Springs Hospital
8,AMPILATWATJA,-21.6566399999999,135.225089999999,0.1,37927.0,130.0,0.0,1.0,3.0,315.0,253.0,141.0,-1.0,Ampilatwatja Health Centre,Tennant Creek Hospital
9,AMPUTJUTA,-24.9295599999999,129.12287,0.4,37927.0,161.0,8.0,16.0,5.0,681.0,502.0,128.0,-1.0,Kaltukatjara (Docker River) Community Health Centre,Alice Springs Hospital
10,ANGULA,-22.55781,134.216749999999,0.1,37927.0,67.0,49.0,98.0,5.0,187.0,165.0,89.0,-1.0,Engawala (Alcoota),Alice Springs Hospital
11,ANGAS DOWNS,-25.0344699999999,132.27377,0.1,37927.0,69.0,69.0,51.0,5.0,328.0,209.0,1.0,-1.0,Imanpa(Mt Ebenezer),Alice Springs Hospital
12,ANNINGIE,-21.83473,133.14445,0.1,37927.0,90.0,57.0,52.0,5.0,252.0,169.0,42.0,-1.0,Ti Tree Community Health Centre,Alice Springs Hospital
13,INDARINGINYA,-21.67707,134.71992,0.0,37927.0,62.0,53.0,85.0,5.0,303.0,297.0,186.0,-1.0,Urapuntja (Utopia),Alice Springs Hospital
14,ANTHELK EWLPAYE,-23.6897899999999,133.87932,0.0,37927.0,132.0,1.0,1.0,5.0,3.0,2.0,0.0,2.0,Nganampa Health Council - Umuwa Office,Alice Springs Hospital
15,ANTHEPE,-23.7575,133.865499999999,0.2,37927.0,151.0,2.0,2.0,5.0,8.0,6.0,0.0,6.0,Alukura Women's Health Clinic,Alice Springs Hospital
16,SUGAR CREEK,-23.9497399999999,132.57363,0.1,37927.0,76.0,28.0,39.0,5.0,153.0,133.0,14.0,-1.0,Hermannsburg (Ntaria),Alice Springs Hospital
17,APER ALWERRKNGE,-23.66835,133.870849999999,0.0,37927.0,180.0,3.0,2.0,5.0,5.0,4.0,0.0,4.0,Purple House Primary Health Care,Alice Springs Hospital
18,AREYONGA,-24.0736099999999,132.270829999999,0.0,37927.0,82.0,0.0,1.0,5.0,215.0,173.0,45.0,-1.0,Utju(Areonga),Alice Springs Hospital
19,ARRKAPA,-23.9824799999999,132.829369999999,0.3,37927.0,76.0,8.0,15.0,5.0,133.0,109.0,7.0,-1.0,Hermannsburg (Ntaria),Alice Springs Hospital
20,ARTEKERR,-22.2902199999999,134.543119999999,0.3,37927.0,62.0,37.0,53.0,5.0,229.0,202.0,132.0,-1.0,Urapuntja (Utopia),Alice Springs Hospital
21,ATNWENGERRPE,-21.86956,134.99411,0.0,37927.0,62.0,38.0,35.0,5.0,287.0,247.0,171.0,-1.0,Urapuntja (Utopia),Alice Springs Hospital
22,UTILY,-23.4887699999999,131.873189999999,0.2,37927.0,68.0,5.0,10.0,5.0,232.0,195.0,63.0,-1.0,Haasts Bluff (Ikuntji),Alice Springs Hospital
23,BLACKWATER,-23.26181,131.89688,0.1,37927.0,88.0,7.0,11.0,5.0,249.0,207.0,108.0,-1.0,Papunya Community Health Centre,Alice Springs Hospital
24,ORRTIPA-THURRA,-22.7845799999999,136.16829,0.0,37927.0,66.0,0.0,0.0,5.0,372.0,292.0,197.0,-1.0,Bonya,Alice Springs Hospital
25,ATNELTYEY,-22.0368299999999,134.61166,0.0,37927.0,62.0,22.0,39.0,5.0,246.0,222.0,149.0,-1.0,Urapuntja (Utopia),Alice Springs Hospital
26,MALA,-21.6949399999999,130.853309999999,0.1,37927.0,155.0,125.0,123.0,5.0,421.0,319.0,45.0,-1.0,Yuendumu Community Health Centre,Alice Springs Hospital
27,TOWN BORE,-23.35473,132.06416,0.1,37927.0,139.0,25.0,28.0,5.0,224.0,185.0,55.0,-1.0,Ikuntji Health Clinic,Alice Springs Hospital
28,ENGAWALA,-22.8025699999999,134.455469999999,0.0,37927.0,67.0,0.0,0.0,5.0,182.0,128.0,27.0,-1.0,Engawala (Alcoota),Alice Springs Hospital
29,EIGHT MILE,-23.8869899999999,132.68279,0.1,37927.0,76.0,18.0,17.0,5.0,142.0,111.0,3.0,-1.0,Hermannsburg (Ntaria),Alice Springs Hospital
30,EWYENPER ATWATYE,-23.7081,133.89974,0.0,37927.0,150.0,1.0,2.0,5.0,3.0,3.0,0.0,3.0,Sadadeen Clinic,Alice Springs Hospital
31,FINKE,-25.5821,134.5779,0.0,37927.0,64.0,0.0,0.0,5.0,421.0,313.0,146.0,-1.0,Aputula(Finke),Alice Springs Hospital
32,GILBERT SPRINGS,-23.9717699999999,132.480729999999,1.8,37927.0,76.0,45.0,47.0,5.0,170.0,140.0,8.0,-1.0,Hermannsburg (Ntaria),Alice Springs Hospital
33,PARRULYU,-20.4527599999999,130.90912,0.1,37927.0,155.0,308.0,318.0,5.0,604.0,513.0,218.0,-1.0,Yuendumu Community Health Centre,Alice Springs Hospital
34,HAASTS BLUFF,-23.4473299999999,131.88129,0.1,37927.0,68.0,0.0,0.0,5.0,227.0,185.0,58.0,-1.0,Haasts Bluff (Ikuntji),Alice Springs Hospital
35,ATITJERE,-22.9843,134.9341,0.1,37927.0,65.0,1.0,1.0,5.0,217.0,150.0,44.0,-1.0,Harts Range (Atitjere),Alice Springs Hospital
36,HERMANNSBURG,-23.9427,132.7787,0.1,37927.0,76.0,0.0,0.0,5.0,127.0,96.0,0.0,96.0,Hermannsburg (Ntaria),Alice Springs Hospital
37,GREEN VALLEY,-23.15051,131.738169999999,0.1,37927.0,88.0,21.0,27.0,5.0,264.0,223.0,125.0,-1.0,Papunya Community Health Centre,Alice Springs Hospital
38,ILKARRALALAMA,-23.96461,132.465039999999,0.0,37927.0,76.0,43.0,43.0,5.0,168.0,137.0,8.0,-1.0,Hermannsburg (Ntaria),Alice Springs Hospital
39,DONS BORE,-22.2623299999999,131.920269999999,8.5,37927.0,86.0,30.0,60.0,5.0,321.0,255.0,22.0,-1.0,Yuendumu,Alice Springs Hospital
40,NEW ILPARPA,-23.76576,133.870679999999,0.0,37927.0,151.0,2.0,2.0,5.0,8.0,6.0,0.0,6.0,Alukura Women's Health Clinic,Alice Springs Hospital
41,ILPERLE-TYATHE,-23.6656,133.861099999999,0.1,37927.0,180.0,3.0,3.0,5.0,6.0,5.0,0.0,5.0,Purple House Primary Health Care,Alice Springs Hospital
42,ILPILI,-23.32393,130.36045,0.4,37927.0,74.0,99.0,105.0,5.0,408.0,365.0,268.0,-1.0,Mt Liebig (Amunturrngu),Alice Springs Hospital
43,ILYIPERENYE,-23.7438199999999,133.87079,0.0,37927.0,151.0,1.0,1.0,5.0,6.0,4.0,0.0,4.0,Alukura Women's Health Clinic,Alice Springs Hospital
44,IMANPA,-25.1305099999999,132.569989999999,0.1,37927.0,69.0,0.0,0.0,5.0,272.0,171.0,6.0,-1.0,Imanpa(Mt Ebenezer),Alice Springs Hospital
45,IMPORTNA,-23.9404799999999,132.743409999999,0.3,37927.0,76.0,6.0,5.0,5.0,131.0,99.0,0.0,182.0,Hermannsburg (Ntaria),Alice Springs Hospital
46,ININTI,-23.16827,129.15249,0.1,37927.0,71.0,29.0,57.0,5.0,532.0,510.0,393.0,-1.0,Kintore,Alice Springs Hospital
47,INJIRRAMURRI,-22.4652299999999,131.129109999999,0.1,37927.0,155.0,85.0,125.0,5.0,381.0,309.0,169.0,-1.0,Yuendumu Community Health Centre,Alice Springs Hospital
48,INTJARTNAMA,-24.0629199999999,132.920559999999,0.1,37927.0,76.0,29.0,38.0,5.0,123.0,109.0,13.0,-1.0,Hermannsburg (Ntaria),Alice Springs Hospital
49,FIVE MILE,-23.9184799999999,132.84834,1.8,37927.0,76.0,9.0,12.0,5.0,125.0,99.0,2.0,-1.0,Hermannsburg (Ntaria),Alice Springs Hospital
50,INYILINGI,-23.24973,131.42488,0.1,37927.0,141.0,20.0,24.0,5.0,297.0,252.0,158.0,-1.0,Amunturrngu (Mt Liebig) Community Health Centre,Alice Springs Hospital
51,IPOLERA,-23.9886199999999,132.374069999999,0.1,37927.0,76.0,57.0,60.0,5.0,182.0,153.0,13.0,-1.0,Hermannsburg (Ntaria),Alice Springs Hospital
52,TINKI,-23.2733099999999,129.55768,0.1,37927.0,71.0,23.0,46.0,5.0,504.0,472.0,365.0,-1.0,Kintore,Alice Springs Hospital
53,IRRULTJA,-21.9799699999999,135.111279999999,0.1,37927.0,62.0,56.0,71.0,5.0,305.0,283.0,188.0,-1.0,Urapuntja (Utopia),Alice Springs Hospital
54,ITWIYETHWENGE,-23.6636299999999,133.871679999999,0.0,37927.0,180.0,3.0,2.0,5.0,6.0,5.0,0.0,-1.0,Purple House Primary Health Care,Alice Springs Hospital
55,IWUPATAKA,-23.7906099999999,133.503269999999,0.1,37927.0,197.0,40.0,31.0,5.0,43.0,34.0,1.0,-1.0,Larapinta Clinic,Alice Springs Hospital
56,KALTUKATJARA,-24.87611,129.07916,0.4,37927.0,161.0,0.0,1.0,5.0,673.0,487.0,121.0,-1.0,Kaltukatjara (Docker River) Community Health Centre,Alice Springs Hospital
57,KAPORILYA,-23.93974,132.72029,0.2,37927.0,76.0,9.0,9.0,5.0,134.0,102.0,1.0,-1.0,Hermannsburg (Ntaria),Alice Springs Hospital
58,KARNTE,-23.76437,133.864739999999,0.1,37927.0,151.0,3.0,3.0,5.0,9.0,7.0,0.0,7.0,Alukura Women's Health Clinic,Alice Springs Hospital
59,KINTORE,-23.27591,129.387249999999,0.1,37927.0,71.0,0.0,0.0,5.0,517.0,468.0,368.0,-1.0,Kintore,Alice Springs Hospital
60,KULPITHARRA,-23.7397399999999,132.00279,0.2,37927.0,76.0,96.0,120.0,5.0,221.0,214.0,38.0,-1.0,Hermannsburg (Ntaria),Alice Springs Hospital
61,KUNAPULA,-25.1569699999999,129.234109999999,0.2,37927.0,161.0,45.0,89.0,5.0,662.0,507.0,115.0,-1.0,Kaltukatjara (Docker River) Community Health Centre,Alice Springs Hospital
62,KUNGKAYUNTI,-23.6264699999999,131.243709999999,0.1,37927.0,74.0,46.0,91.0,5.0,303.0,337.0,134.0,-1.0,Mt Liebig (Amunturrngu),Alice Springs Hospital
63,ARMSTRONGS,-23.8791799999999,132.680009999999,0.1,37927.0,76.0,18.0,18.0,5.0,143.0,111.0,3.0,-1.0,Hermannsburg (Ntaria),Alice Springs Hospital
64,KURKUTJARA,-25.9417799999999,129.411149999999,3.3,37927.0,161.0,171.0,342.0,5.0,666.0,670.0,172.0,-1.0,Kaltukatjara (Docker River) Community Health Centre,Alice Springs Hospital
65,INKWELAYE,-22.0795099999999,134.831529999999,0.1,37927.0,62.0,8.0,13.0,5.0,257.0,225.0,156.0,-1.0,Urapuntja (Utopia),Alice Springs Hospital
66,KWALA,-23.9272399999999,132.889739999999,0.1,37927.0,76.0,13.0,13.0,5.0,118.0,92.0,2.0,-1.0,Hermannsburg (Ntaria),Alice Springs Hospital
67,LABRAPUNTJA,-23.9118399999999,132.939259999999,0.1,37927.0,76.0,20.0,25.0,5.0,122.0,102.0,8.0,-1.0,Hermannsburg (Ntaria),Alice Springs Hospital
68,LARAMBA,-22.5329699999999,132.75603,0.0,37927.0,73.0,0.0,0.0,5.0,226.0,199.0,37.0,-1.0,Laramba (Napperby),Alice Springs Hospital
69,LARAPINTA VALLEY,-23.71104,133.8514,0.2,37927.0,197.0,1.0,1.0,5.0,5.0,4.0,0.0,4.0,Larapinta Clinic,Alice Springs Hospital
70,LILLA,-24.29728,131.60327,0.3,37927.0,84.0,15.0,14.0,5.0,319.0,248.0,102.0,-1.0,Watarrka(Kings Canyon),Alice Springs Hospital
71,INARLENGE,-23.7288199999999,133.858959999999,0.1,37927.0,151.0,3.0,2.0,5.0,5.0,4.0,0.0,4.0,Alukura Women's Health Clinic,Alice Springs Hospital
72,LITTLE WELL,-24.1354699999999,135.33314,1.3,37927.0,210.0,179.0,191.0,5.0,190.0,199.0,155.0,-1.0,Amoonguna Health Service,Alice Springs Hospital
73,LTIRA,-24.0570899999999,132.901819999999,0.0,37927.0,76.0,19.0,38.0,5.0,125.0,112.0,15.0,-1.0,Hermannsburg (Ntaria),Alice Springs Hospital
74,LILTJERA,-23.9364,132.637789999999,3.1,37927.0,76.0,19.0,21.0,5.0,144.0,114.0,7.0,-1.0,Hermannsburg (Ntaria),Alice Springs Hospital
75,LYILYALANAMA,-23.9472399999999,132.74474,0.0,37927.0,76.0,5.0,6.0,5.0,130.0,99.0,1.0,-1.0,Hermannsburg (Ntaria),Alice Springs Hospital
76,MANTAPAYIKA,-25.47458,130.225609999999,0.1,37927.0,87.0,105.0,150.0,5.0,547.0,432.0,56.0,-1.0,Yulara(Uluru),Alice Springs Hospital
77,OLD STATION,-24.0191099999999,132.86345,0.2,37927.0,76.0,13.0,25.0,5.0,123.0,106.0,11.0,-1.0,Hermannsburg (Ntaria),Alice Springs Hospital
78,MBALKANAKA,-23.9534899999999,132.87547,0.1,37927.0,76.0,12.0,12.0,5.0,118.0,91.0,2.0,-1.0,Hermannsburg (Ntaria),Alice Springs Hospital
79,MBUNGHARA,-23.29071,132.35891,0.2,37927.0,88.0,53.0,55.0,5.0,193.0,149.0,55.0,-1.0,Papunya Community Health Centre,Alice Springs Hospital
80,AMENGERNTERNEAH,-21.8976699999999,134.841659999999,0.1,37927.0,62.0,25.0,24.0,5.0,274.0,236.0,158.0,-1.0,Urapuntja (Utopia),Alice Springs Hospital
81,MORRIS GAP,-24.11251,131.43922,3.9,37927.0,84.0,17.0,18.0,5.0,347.0,271.0,101.0,335.0,Watarrka(Kings Canyon),Alice Springs Hospital
82,MOTNAS,-23.9497399999999,132.769459999999,0.0,37927.0,76.0,3.0,3.0,5.0,128.0,97.0,0.0,97.0,Hermannsburg (Ntaria),Alice Springs Hospital
83,MPWETYERRE,-23.71679,133.87412,0.0,37927.0,101.0,1.0,1.0,5.0,2.0,2.0,0.0,2.0,Gap Road Clinic,Alice Springs Hospital
84,MOUNT BARKLY,-21.61391,132.441139999999,0.0,37927.0,159.0,54.0,107.0,5.0,340.0,308.0,130.0,-1.0,Willowra Health Centre,Alice Springs Hospital
85,KURIPPI,-22.1421099999999,132.053159999999,0.1,37927.0,86.0,34.0,36.0,5.0,328.0,233.0,34.0,-1.0,Yuendumu,Alice Springs Hospital
86,MOUNT LIEBIG,-23.26605,131.27319,0.0,37927.0,74.0,0.0,0.0,5.0,313.0,268.0,171.0,-1.0,Mt Liebig (Amunturrngu),Alice Springs Hospital
87,MOUNT NANCY,-23.66751,133.87001,0.0,37927.0,180.0,2.0,2.0,5.0,5.0,4.0,0.0,4.0,Purple House Primary Health Care,Alice Springs Hospital
88,KARRINYARRA,-22.66329,131.87876,0.1,37927.0,86.0,125.0,106.0,5.0,271.0,200.0,58.0,-1.0,Yuendumu,Alice Springs Hospital
89,PUTULU,-21.3438199999999,131.369969999999,0.0,37927.0,155.0,171.0,190.0,5.0,467.0,386.0,91.0,-1.0,Yuendumu Community Health Centre,Alice Springs Hospital
90,MULGA BORE,-22.45139,134.20944,0.1,37927.0,62.0,84.0,91.0,5.0,178.0,148.0,81.0,-1.0,Urapuntja (Utopia),Alice Springs Hospital
91,WANARKULA,-25.99663,131.58803,4.4,37927.0,69.0,172.0,157.0,5.0,431.0,314.0,78.0,-1.0,Imanpa(Mt Ebenezer),Alice Springs Hospital
92,MUTITJULU,-25.3523,131.066699999999,0.1,37927.0,75.0,0.0,1.0,5.0,467.0,303.0,1.0,303.0,Mutitjulu,Alice Springs Hospital
93,NEW BORE,-23.2217199999999,131.327689999999,0.0,37927.0,141.0,10.0,13.0,5.0,305.0,260.0,166.0,-1.0,Amunturrngu (Mt Liebig) Community Health Centre,Alice Springs Hospital
94,YUWERLI,-22.03566,131.65064,1.0,37927.0,86.0,45.0,79.0,5.0,338.0,275.0,44.0,-1.0,Yuendumu,Alice Springs Hospital
95,NGUMAN,-23.5421899999999,129.756939999999,4.9,37927.0,71.0,61.0,121.0,5.0,561.0,586.0,417.0,-1.0,Kintore,Alice Springs Hospital
96,NGKWARLERLANEM,-21.7274099999999,134.79113,0.1,37927.0,62.0,42.0,63.0,5.0,291.0,275.0,175.0,-1.0,Urapuntja (Utopia),Alice Springs Hospital
97,NTURIYA,-22.12379,133.265289999999,0.1,37927.0,78.0,0.0,0.0,5.0,211.0,150.0,16.0,-1.0,Nturiya(Ti-Tree Station),Alice Springs Hospital
98,NYIRRIPI,-22.6505,130.5532,0.1,37927.0,79.0,0.0,0.0,5.0,417.0,411.0,204.0,-1.0,Nyirippi(Waite Creek),Alice Springs Hospital
99,NYEWENTE,-23.68779,133.86285,0.1,37927.0,146.0,2.0,3.0,5.0,4.0,4.0,0.0,4.0,Joint Defence Facility - Pine Gap Medical Clinic (Jdfpg),Alice Springs Hospital
100,PAPUNYA,-23.20306,131.9111,0.0,37927.0,88.0,1.0,1.0,5.0,243.0,196.0,104.0,-1.0,Papunya Community Health Centre,Alice Springs Hospital
101,PHILLIPSON BORE,-24.0959299999999,134.43038,0.1,37927.0,72.0,8.0,15.0,5.0,88.0,85.0,57.0,-1.0,Ltyentye Apurte(Santa Teresa),Alice Springs Hospital
102,PINE HILL,-22.37949,133.05366,0.1,37927.0,80.0,68.0,55.0,5.0,184.0,125.0,33.0,-1.0,Pmara Jutunta(6 Mile),Alice Springs Hospital
103,PINPIRNGA,-23.1627499999999,129.46322,0.1,37927.0,71.0,20.0,22.0,5.0,504.0,461.0,365.0,-1.0,Kintore,Alice Springs Hospital
104,PMARA JUTUNTA,-22.2087799999999,133.430729999999,0.0,37927.0,80.0,0.0,0.0,5.0,186.0,113.0,0.0,113.0,Pmara Jutunta(6 Mile),Alice Springs Hospital
105,PULARDI,-22.5633199999999,132.379779999999,0.3,37927.0,86.0,78.0,66.0,5.0,235.0,169.0,9.0,-1.0,Yuendumu,Alice Springs Hospital
106,PUNRITJANTA,-24.6739199999999,129.293929999999,0.0,37927.0,161.0,38.0,61.0,5.0,682.0,519.0,135.0,-1.0,Kaltukatjara (Docker River) Community Health Centre,Alice Springs Hospital
107,PUTA PUTA,-25.0734499999999,129.640449999999,0.2,37927.0,161.0,68.0,68.0,5.0,606.0,421.0,60.0,-1.0,Kaltukatjara (Docker River) Community Health Centre,Alice Springs Hospital
108,PUYURRU,-21.33117,130.81753,0.6,37927.0,155.0,153.0,125.0,5.0,449.0,321.0,73.0,-1.0,Yuendumu Community Health Centre,Alice Springs Hospital
109,RODNA,-23.7621299999999,132.67042,0.1,37927.0,76.0,32.0,47.0,5.0,157.0,141.0,18.0,-1.0,Hermannsburg (Ntaria),Alice Springs Hospital
110,SANTA TERESA,-24.1307,134.3733,0.0,37927.0,72.0,0.0,0.0,5.0,81.0,72.0,49.0,-1.0,Ltyentye Apurte(Santa Teresa),Alice Springs Hospital
111,ATNARARA,-22.0262199999999,134.78721,1.1,37927.0,62.0,8.0,8.0,5.0,257.0,220.0,151.0,-1.0,Urapuntja (Utopia),Alice Springs Hospital
112,ARAWERR,-22.01371,134.84618,0.0,37927.0,62.0,15.0,17.0,5.0,264.0,229.0,155.0,-1.0,Urapuntja (Utopia),Alice Springs Hospital
113,TITJIKALA,-24.67389,134.075839999999,0.0,37927.0,81.0,0.0,0.0,5.0,203.0,164.0,101.0,-1.0,Titjikala (Maryvale),Alice Springs Hospital
114,TJAMANGKURRA,-23.9689,132.80529,2.2,37927.0,76.0,9.0,17.0,5.0,134.0,111.0,6.0,-1.0,Hermannsburg (Ntaria),Alice Springs Hospital
115,TJULPUNGU,-21.83419,131.413479999999,0.0,37927.0,155.0,97.0,96.0,5.0,393.0,292.0,23.0,-1.0,Yuendumu Community Health Centre,Alice Springs Hospital
116,TJUNTI,-25.01763,129.401129999999,0.5,37927.0,161.0,42.0,42.0,5.0,632.0,447.0,85.0,-1.0,Kaltukatjara (Docker River) Community Health Centre,Alice Springs Hospital
117,TJUNTINANTA,-24.8518699999999,129.23084,0.1,37927.0,161.0,18.0,19.0,5.0,661.0,478.0,114.0,-1.0,Kaltukatjara (Docker River) Community Health Centre,Alice Springs Hospital
118,TNAWURTA,-23.9989,132.838349999999,0.2,37927.0,76.0,10.0,19.0,5.0,124.0,108.0,12.0,-1.0,Hermannsburg (Ntaria),Alice Springs Hospital
119,TNYIMIPURTA,-23.8877899999999,132.67113,0.0,37927.0,76.0,17.0,15.0,5.0,141.0,109.0,2.0,-1.0,Hermannsburg (Ntaria),Alice Springs Hospital
120,URLAMPE,-22.4931699999999,137.74252,0.2,37927.0,66.0,196.0,203.0,5.0,549.0,457.0,374.0,-1.0,Bonya,Alice Springs Hospital
121,UKAKA,-24.59261,132.37395,0.1,37927.0,84.0,110.0,86.0,5.0,222.0,172.0,92.0,-1.0,Watarrka(Kings Canyon),Alice Springs Hospital
122,UKATJUPU,-25.9094899999999,129.10549,0.1,37927.0,161.0,145.0,290.0,5.0,763.0,708.0,216.0,-1.0,Kaltukatjara (Docker River) Community Health Centre,Alice Springs Hospital
123,ULPANYALI,-24.2309099999999,131.50075,0.1,37927.0,84.0,3.0,5.0,5.0,332.0,258.0,103.0,-1.0,Watarrka(Kings Canyon),Alice Springs Hospital
124,UNDURANA 1C,-23.75723,132.127219999999,0.1,37927.0,76.0,83.0,93.0,5.0,208.0,186.0,24.0,-1.0,Hermannsburg (Ntaria),Alice Springs Hospital
125,ARLPARRA,-22.0877899999999,134.77476,0.2,37927.0,62.0,0.0,1.0,5.0,250.0,213.0,151.0,-1.0,Urapuntja (Utopia),Alice Springs Hospital
126,ANKERRAPW,-22.2300399999999,134.56306,0.2,37927.0,62.0,30.0,39.0,5.0,222.0,188.0,125.0,-1.0,Urapuntja (Utopia),Alice Springs Hospital
127,WALLACE ROCKHOLE,-24.1245,133.086299999999,0.1,37927.0,83.0,0.0,0.0,5.0,109.0,103.0,16.0,-1.0,Wallace Rockhole,Alice Springs Hospital
128,WALYTJATJATA,-25.9766699999999,129.46583,0.4,37927.0,161.0,176.0,351.0,5.0,656.0,649.0,165.0,-1.0,Kaltukatjara (Docker River) Community Health Centre,Alice Springs Hospital
129,WANGKARI,-25.1316899999999,129.019329999999,0.0,37927.0,161.0,35.0,70.0,5.0,686.0,555.0,140.0,-1.0,Kaltukatjara (Docker River) Community Health Centre,Alice Springs Hospital
130,WANMARRA,-24.38841,131.80347,0.1,37927.0,84.0,41.0,33.0,5.0,293.0,228.0,103.0,-1.0,Watarrka(Kings Canyon),Alice Springs Hospital
131,WARREN CREEK,-23.2657199999999,131.178679999999,0.1,37927.0,74.0,13.0,18.0,5.0,322.0,277.0,183.0,-1.0,Mt Liebig (Amunturrngu),Alice Springs Hospital
132,WARUMPI,-23.1851,131.97514,0.1,37927.0,88.0,8.0,14.0,5.0,241.0,199.0,102.0,-1.0,Papunya Community Health Centre,Alice Springs Hospital
133,WAYILILINYPA,-22.50196,131.446689999999,0.1,37927.0,155.0,54.0,103.0,5.0,342.0,294.0,50.0,-1.0,Yuendumu Community Health Centre,Alice Springs Hospital
134,WELERE,-22.02194,135.191689999999,0.1,37927.0,62.0,67.0,95.0,5.0,317.0,307.0,200.0,-1.0,Urapuntja (Utopia),Alice Springs Hospital
135,WELMALA,-25.6827799999999,133.261159999999,0.0,37927.0,69.0,131.0,90.0,5.0,257.0,159.0,3.0,-1.0,Imanpa(Mt Ebenezer),Alice Springs Hospital
136,WEST WATERHOUSE,-23.9957299999999,133.113389999999,0.1,37927.0,76.0,42.0,36.0,5.0,93.0,75.0,4.0,-1.0,Hermannsburg (Ntaria),Alice Springs Hospital
137,WILLOWRA,-21.24446,132.6139,0.2,37927.0,85.0,0.0,1.0,5.0,338.0,255.0,128.0,-1.0,Willowra,Alice Springs Hospital
138,WILORA,-21.7410999999999,133.731099999999,0.1,37927.0,89.0,0.0,1.0,5.0,252.0,153.0,0.0,153.0,Wilora Community Health Centre,Alice Springs Hospital
139,YATJALU,-22.40643,131.16216,0.2,37927.0,155.0,82.0,126.0,5.0,378.0,322.0,59.0,-1.0,Yuendumu Community Health Centre,Alice Springs Hospital
140,YATEMANS BORE,-23.6862199999999,131.614409999999,0.1,37927.0,84.0,86.0,102.0,5.0,266.0,302.0,82.0,-1.0,Watarrka(Kings Canyon),Alice Springs Hospital
141,YINYIRIPALANGU,-22.2104599999999,130.205579999999,0.2,37927.0,194.0,82.0,164.0,5.0,547.0,547.0,172.0,-1.0,Nyirripi Health Centre,Alice Springs Hospital
142,YUWALKI,-23.5634699999999,129.53922,0.0,37927.0,71.0,39.0,77.0,5.0,539.0,542.0,400.0,-1.0,Kintore,Alice Springs Hospital
143,YUELAMU,-22.25835,132.205569999999,0.1,37927.0,86.0,70.0,86.0,5.0,281.0,224.0,28.0,-1.0,Yuendumu,Alice Springs Hospital
144,YUENDUMU,-22.2538899999999,131.795289999999,0.0,37927.0,86.0,0.0,0.0,5.0,294.0,197.0,1.0,-1.0,Yuendumu,Alice Springs Hospital
145,YUMURRPA,-21.6273099999999,130.78047,1.4,37927.0,155.0,149.0,145.0,5.0,445.0,341.0,68.0,-1.0,Yuendumu Community Health Centre,Alice Springs Hospital
146,ALI CURUNG,-21.0033299999999,134.406939999999,0.0,37927.0,54.0,0.0,0.0,3.0,173.0,108.0,0.0,108.0,Ali Curung,Tennant Creek Hospital
147,ALPURRURULAM,-20.9841699999999,137.847489999999,0.1,37927.0,55.0,0.0,0.0,3.0,570.0,400.0,141.0,-1.0,Alpurrurulam (Lake Nash),Tennant Creek Hospital
148,GULUNGURU,-19.3543899999999,136.038549999999,0.1,37927.0,60.0,259.0,160.0,3.0,260.0,161.0,1.0,-1.0,Tennant Creek Outstations,Tennant Creek Hospital
149,BAJAMINYI,-17.7748899999999,137.712429999999,0.5,37927.0,48.0,288.0,444.0,3.0,679.0,656.0,261.0,-1.0,Robinson River,Tennant Creek Hospital
150,BAUHINIA DOWNS,-16.2151199999999,135.469679999999,0.0,37927.0,32.0,113.0,129.0,2.0,624.0,448.0,79.0,-1.0,Borroloola,Katherine Hospital
151,WADA WARRA,-15.74902,136.25224,0.1,37927.0,109.0,45.0,47.0,2.0,700.0,466.0,10.0,-1.0,Borroloola Community Health Centre,Katherine Hospital
152,MUNJI-MARLA,-19.6476499999999,134.18279,0.1,37927.0,204.0,1.0,1.0,3.0,1.0,1.0,0.0,1.0,Tennant Creek Hospital General Practice,Tennant Creek Hospital
153,YANGULINYINA,-16.8888599999999,137.208959999999,0.1,37927.0,48.0,112.0,162.0,3.0,719.0,570.0,302.0,-1.0,Robinson River,Tennant Creek Hospital
154,CANTEEN CREEK,-20.64508,135.58678,0.1,37927.0,56.0,0.0,0.0,3.0,267.0,277.0,178.0,-1.0,Canteen Creek,Tennant Creek Hospital
155,CORELLA CREEK,-18.3668499999999,135.856709999999,0.0,37927.0,32.0,328.0,226.0,3.0,381.0,246.0,4.0,-1.0,Borroloola,Tennant Creek Hospital
156,MARA,-16.05085,136.304739999999,0.1,37927.0,109.0,1.0,1.0,2.0,661.0,425.0,0.0,425.0,Borroloola Community Health Centre,Katherine Hospital
157,MARLA MARLA,-19.655,134.179,0.1,37927.0,60.0,2.0,2.0,3.0,2.0,2.0,0.0,2.0,Tennant Creek Outstations,Tennant Creek Hospital
158,ELLIOTT SOUTH CAMP,-17.5621799999999,133.557459999999,0.0,37927.0,57.0,2.0,2.0,3.0,252.0,152.0,0.0,152.0,Elliot,Tennant Creek Hospital
159,ELLIOTT NORTH CAMP,-17.5498899999999,133.535969999999,0.1,37927.0,57.0,1.0,1.0,3.0,255.0,154.0,0.0,154.0,Elliot,Tennant Creek Hospital
160,WUTUNUGURRA,-20.4615599999999,135.252409999999,0.1,37927.0,58.0,0.0,0.0,3.0,209.0,175.0,120.0,-1.0,Epenarra (Wutunugurra),Tennant Creek Hospital
161,GARAWA 1,-16.06879,136.32129,0.1,37927.0,32.0,4.0,5.0,2.0,660.0,423.0,0.0,423.0,Borroloola,Katherine Hospital
162,JARRA JARRA,-20.8476499999999,133.22064,0.0,37927.0,85.0,79.0,157.0,3.0,266.0,321.0,115.0,-1.0,Willowra,Tennant Creek Hospital
163,JINGALOO,-17.1131099999999,133.614329999999,0.1,37927.0,57.0,69.0,67.0,3.0,323.0,219.0,18.0,-1.0,Elliot,Tennant Creek Hospital
164,KALUMPURLPA,-19.0038699999999,133.91809,2.3,37927.0,60.0,113.0,101.0,3.0,114.0,102.0,21.0,-1.0,Tennant Creek Outstations,Tennant Creek Hospital
165,KANGAROO ISLAND,-15.8884799999999,136.53951,1.2,37927.0,109.0,49.0,46.0,2.0,704.0,465.0,29.0,-1.0,Borroloola Community Health Centre,Katherine Hospital
166,KARGARU,-19.6586099999999,134.198059999999,0.2,37927.0,60.0,2.0,3.0,3.0,3.0,4.0,0.0,4.0,Tennant Creek Outstations,Tennant Creek Hospital
167,KUNAYUNGKU,-19.7420899999999,133.724639999999,0.0,37927.0,60.0,56.0,103.0,3.0,56.0,104.0,49.0,-1.0,Tennant Creek Outstations,Tennant Creek Hospital
168,MUNGKARTA,-20.3370199999999,134.19843,0.0,37927.0,60.0,81.0,54.0,3.0,81.0,55.0,4.0,-1.0,Tennant Creek Outstations,Tennant Creek Hospital
169,NGALPA NGALPA,-19.6352899999999,134.193629999999,0.0,37927.0,60.0,2.0,1.0,3.0,2.0,2.0,0.0,2.0,Tennant Creek Outstations,Tennant Creek Hospital
170,MUNGALAWURRU,-19.3825299999999,133.595519999999,0.1,37927.0,60.0,79.0,93.0,3.0,79.0,94.0,27.0,-1.0,Tennant Creek Outstations,Tennant Creek Hospital
171,MUNYALINI,-16.0925899999999,136.18938,0.1,37927.0,32.0,18.0,15.0,2.0,644.0,413.0,1.0,-1.0,Borroloola,Katherine Hospital
172,IMANGARA,-21.0496099999999,134.68117,0.0,37927.0,54.0,33.0,34.0,3.0,205.0,142.0,32.0,-1.0,Ali Curung,Tennant Creek Hospital
173,NUDJABARRA,-17.9799799999999,137.969439999999,0.1,37927.0,48.0,310.0,487.0,3.0,721.0,742.0,305.0,-1.0,Robinson River,Tennant Creek Hospital
174,MARLINJA,-17.3711099999999,133.40305,0.0,37927.0,57.0,28.0,18.0,3.0,282.0,171.0,0.0,-1.0,Elliot,Tennant Creek Hospital
175,NURADIDGEE,-20.1143699999999,134.508489999999,0.2,37927.0,60.0,73.0,100.0,3.0,73.0,101.0,40.0,-1.0,Tennant Creek Outstations,Tennant Creek Hospital
176,PINGALA,-19.0932,133.882689999999,0.1,37927.0,60.0,100.0,142.0,3.0,101.0,143.0,54.0,-1.0,Tennant Creek Outstations,Tennant Creek Hospital
177,WANDANGULA,-16.0547699999999,136.345579999999,0.0,37927.0,32.0,12.0,15.0,2.0,667.0,433.0,8.0,-1.0,Borroloola,Katherine Hospital
178,BUJAN,-16.2690099999999,136.879149999999,0.0,37927.0,32.0,78.0,81.0,2.0,734.0,499.0,75.0,-1.0,Borroloola,Katherine Hospital
179,ROBINSON RIVER,-16.75974,136.98057,0.1,37927.0,48.0,0.0,0.0,2.0,800.0,610.0,141.0,-1.0,Robinson River,Katherine Hospital
180,WOGYALA,-19.00617,135.17821,0.0,37927.0,60.0,157.0,143.0,3.0,158.0,144.0,35.0,-1.0,Tennant Creek Outstations,Tennant Creek Hospital
181,JILUNDARINA,-17.60557,137.57665,1.9,37927.0,48.0,232.0,332.0,3.0,696.0,597.0,278.0,-1.0,Robinson River,Tennant Creek Hospital
182,SOUTH WEST ISLAND,-15.6890199999999,136.688209999999,22.0,3.0,-1.0,-1.0,-1.0,-1.0,-1.0,-1.0,0.0,-1.0,,
183,TARA,-21.50658,133.99669,0.1,37927.0,59.0,0.0,0.0,3.0,227.0,153.0,11.0,-1.0,Tara(Neutral Junction),Tennant Creek Hospital
184,TJOUNGOURI,-16.17126,136.04365,0.1,37927.0,32.0,36.0,28.0,2.0,630.0,406.0,3.0,-1.0,Borroloola,Katherine Hospital
185,VILLAGE CAMP,-19.656,134.1842,0.0,37927.0,60.0,2.0,1.0,3.0,1.0,1.0,0.0,1.0,Tennant Creek Outstations,Tennant Creek Hospital
186,WEST ISLAND,-15.64251,136.50235,7.5,37927.0,109.0,59.0,89.0,2.0,714.0,507.0,28.0,-1.0,Borroloola Community Health Centre,Katherine Hospital
187,WOLLOGORANG,-17.21828,137.988839999999,0.0,37927.0,48.0,212.0,260.0,3.0,734.0,583.0,318.0,-1.0,Robinson River,Tennant Creek Hospital
188,YANYULA,-16.0612999999999,136.3083,0.0,37927.0,109.0,1.0,1.0,2.0,660.0,424.0,0.0,424.0,Borroloola Community Health Centre,Katherine Hospital
189,ACACIA LARRAKIA,-12.8142,131.1715,0.1,37927.0,167.0,32.0,25.0,1.0,51.0,37.0,4.0,-1.0,Remote Territory Healthcare,Palmerston Regional Hospital
190,ALAMIRRA,-11.0674499999999,132.528349999999,0.1,62.0,144.0,12.0,23.0,-1.0,-1.0,-1.0,0.0,-1.0,Red Lily Health Service,
191,PARADISE FARM,-12.9391,132.53271,0.1,37927.0,183.0,58.0,41.0,2.0,249.0,162.0,1.0,-1.0,Jabiru Health Centre,Katherine Hospital
192,AMATJATPALK,-11.59488,133.45508,0.1,45.0,13.0,14.0,28.0,-1.0,-1.0,-1.0,0.0,-1.0,Warruwi,
193,ANKABADBIRRI,-12.25695,134.41973,0.1,37927.0,215.0,39.0,43.0,1.0,468.0,380.0,201.0,-1.0,Mala'la Primary Health Care Centre,Palmerston Regional Hospital
194,ARARU POINT,-11.19364,131.877829999999,0.1,37927.0,3.0,292.0,444.0,1.0,570.0,631.0,303.0,-1.0,Gunbalanya (Oenpelli),Palmerston Regional Hospital
195,BAGOT,-12.4161299999999,130.85515,0.1,37927.0,178.0,0.0,0.0,0.0,9.0,8.0,0.0,8.0,Danila Dilba - Bagot Clinic,Royal Darwin Hospital
196,WALKA,-11.17957,132.588429999999,0.1,62.0,7.0,9.0,18.0,-1.0,-1.0,-1.0,0.0,-1.0,Minjilang,
197,BELYUEN,-12.5386,130.6999,0.1,37927.0,2.0,0.0,0.0,1.0,96.0,64.0,0.0,64.0,Belyuen,Palmerston Regional Hospital
198,BERRAJA,-12.0719499999999,134.50486,0.0,37927.0,215.0,49.0,79.0,1.0,508.0,445.0,241.0,-1.0,Mala'la Primary Health Care Centre,Palmerston Regional Hospital
199,BOLKDJAM,-12.41151,134.41998,0.0,37927.0,215.0,53.0,70.0,1.0,468.0,392.0,201.0,-1.0,Mala'la Primary Health Care Centre,Palmerston Regional Hospital
200,BULGUL,-13.0838699999999,130.122029999999,0.0,37927.0,167.0,141.0,188.0,1.0,176.0,211.0,66.0,-1.0,Remote Territory Healthcare,Palmerston Regional Hospital
201,BULUHKADURU,-12.4324699999999,134.423069999999,0.0,37927.0,215.0,52.0,69.0,1.0,467.0,391.0,200.0,-1.0,Mala'la Primary Health Care Centre,Palmerston Regional Hospital
202,YILAN,-12.04251,134.62196,0.1,8.0,-1.0,-1.0,-1.0,-1.0,-1.0,-1.0,0.0,-1.0,,
203,CANNON HILL,-12.3575799999999,132.94593,0.1,37927.0,154.0,34.0,41.0,1.0,272.0,197.0,11.0,-1.0,Gunbalanya Community Health Centre,Palmerston Regional Hospital
204,TIGERS CAMP,-11.4740699999999,132.77662,0.0,37927.0,3.0,157.0,175.0,1.0,436.0,361.0,169.0,-1.0,Gunbalanya (Oenpelli),Palmerston Regional Hospital
205,DAMDAM,-12.1655599999999,134.645289999999,0.1,37927.0,211.0,60.0,62.0,4.0,467.0,420.0,438.0,-1.0,Ramingining Community Health Centre - Milbrim Road,Gove District Hospital
206,GUMERAGI,-11.1688,132.1647,0.1,37927.0,3.0,252.0,365.0,1.0,531.0,551.0,264.0,-1.0,Gunbalanya (Oenpelli),Palmerston Regional Hospital
207,DITCHI,-14.30373,129.408549999999,0.0,37927.0,12.0,27.0,53.0,1.0,404.0,357.0,165.0,-1.0,Wadeye (Port Keats),Palmerston Regional Hospital
208,JI-BENA,-12.1441799999999,134.526399999999,0.1,37927.0,215.0,40.0,60.0,1.0,499.0,427.0,232.0,-1.0,Mala'la Primary Health Care Centre,Palmerston Regional Hospital
209,GAMARDI,-12.27398,134.68321,0.1,37927.0,211.0,45.0,45.0,4.0,453.0,403.0,423.0,-1.0,Ramingining Community Health Centre - Milbrim Road,Gove District Hospital
210,GAMARGAWAN,-12.6491399999999,134.076459999999,10.7,37927.0,215.0,97.0,135.0,1.0,468.0,414.0,190.0,-1.0,Mala'la Primary Health Care Centre,Palmerston Regional Hospital
211,GOCHAN JINY JIRRA,-12.1992499999999,134.45751,0.0,37927.0,215.0,40.0,50.0,1.0,478.0,396.0,211.0,-1.0,Mala'la Primary Health Care Centre,Palmerston Regional Hospital
212,GORRONG-GORRONG,-12.12294,134.495319999999,2.3,37927.0,215.0,36.0,52.0,1.0,494.0,418.0,225.0,-1.0,Mala'la Primary Health Care Centre,Palmerston Regional Hospital
213,MARLWON,-12.13453,133.863069999999,1.7,37927.0,3.0,105.0,109.0,1.0,384.0,295.0,115.0,-1.0,Gunbalanya (Oenpelli),Palmerston Regional Hospital
214,KAKODBABULDI,-12.40779,134.15779,0.0,37927.0,215.0,66.0,74.0,1.0,437.0,353.0,170.0,-1.0,Mala'la Primary Health Care Centre,Palmerston Regional Hospital
215,GUMARRIRNBANG,-12.32945,133.996949999999,0.1,37927.0,215.0,96.0,112.0,1.0,422.0,345.0,155.0,-1.0,Mala'la Primary Health Care Centre,Palmerston Regional Hospital
216,GUNBALANYA,-12.324,133.056,0.1,37927.0,3.0,0.0,0.0,1.0,284.0,193.0,12.0,-1.0,Gunbalanya (Oenpelli),Palmerston Regional Hospital
217,GUPANGA,-12.0752,134.5843,0.1,37927.0,215.0,50.0,79.0,1.0,508.0,446.0,241.0,-1.0,Mala'la Primary Health Care Centre,Palmerston Regional Hospital
218,GURRGURR,-12.2064399999999,134.009039999999,0.0,37927.0,215.0,90.0,93.0,1.0,402.0,312.0,135.0,-1.0,Mala'la Primary Health Care Centre,Palmerston Regional Hospital
219,HUMPTY DOO,-12.63105,131.26078,0.0,37927.0,169.0,20.0,15.0,1.0,39.0,27.0,0.0,27.0,Danila Dilba Health Service Humpty Doo Clinic,Palmerston Regional Hospital
220,ARARLAGU,-11.52722,133.39848,9.7,45.0,13.0,19.0,37.0,-1.0,-1.0,-1.0,0.0,-1.0,Warruwi,
221,INJILATPARRI,-11.6111299999999,133.41363,0.7,45.0,13.0,10.0,19.0,-1.0,-1.0,-1.0,0.0,-1.0,Warruwi,
222,JI-BALBAL,-12.2975499999999,134.619889999999,0.1,37927.0,211.0,51.0,53.0,1.0,493.0,406.0,226.0,-1.0,Ramingining Community Health Centre - Milbrim Road,Palmerston Regional Hospital
223,JI-MARDA,-12.05613,134.615009999999,0.1,8.0,-1.0,-1.0,-1.0,-1.0,-1.0,-1.0,0.0,-1.0,,
224,NDJUDDA,-11.98809,134.247729999999,0.1,37927.0,215.0,27.0,43.0,1.0,503.0,426.0,236.0,-1.0,Mala'la Primary Health Care Centre,Palmerston Regional Hospital
225,KNUCKEY LAGOON INDIGENOUS VILLAGE,-12.4365399999999,130.937489999999,0.0,37927.0,165.0,2.0,2.0,1.0,11.0,10.0,0.0,10.0,Berrimah Family Practice,Palmerston Regional Hospital
226,KOLORBIDAHDAH,-12.61309,134.325389999999,0.2,37927.0,215.0,77.0,118.0,1.0,471.0,421.0,204.0,-1.0,Mala'la Primary Health Care Centre,Palmerston Regional Hospital
227,KULALUK,-12.39279,130.8489,0.0,37927.0,116.0,1.0,2.0,0.0,8.0,7.0,0.0,7.0,Territory Medical Pty Ltd T/a Territory Medical Group,Royal Darwin Hospital
228,KULTCHILL,-14.42586,129.57391,0.0,37927.0,12.0,24.0,47.0,1.0,401.0,350.0,162.0,-1.0,Wadeye (Port Keats),Palmerston Regional Hospital
229,MAMADAWERRE,-12.25629,133.65782,0.1,37927.0,3.0,97.0,113.0,1.0,375.0,300.0,108.0,-1.0,Gunbalanya (Oenpelli),Palmerston Regional Hospital
230,MANDILBARRENG,-12.27402,133.58456,0.9,37927.0,3.0,73.0,104.0,1.0,351.0,291.0,83.0,-1.0,Gunbalanya (Oenpelli),Palmerston Regional Hospital
231,MANKORLOD,-12.5650099999999,134.270669999999,0.0,37927.0,215.0,78.0,120.0,1.0,463.0,404.0,196.0,-1.0,Mala'la Primary Health Care Centre,Palmerston Regional Hospital
232,MANGARDUBU,-12.0937,133.1864,16.9,37927.0,3.0,39.0,58.0,1.0,318.0,244.0,34.0,-1.0,Gunbalanya (Oenpelli),Palmerston Regional Hospital
233,MANINGRIDA,-12.0508499999999,134.22363,0.1,37927.0,5.0,1.0,1.0,1.0,491.0,402.0,222.0,-1.0,Maningrida,Palmerston Regional Hospital
234,MANMOYI,-12.54064,134.110009999999,0.2,37927.0,215.0,85.0,112.0,1.0,456.0,391.0,189.0,-1.0,Mala'la Primary Health Care Centre,Palmerston Regional Hospital
235,MARRKOLIDJBAN,-12.23751,134.064459999999,0.1,37927.0,215.0,82.0,86.0,1.0,409.0,320.0,142.0,-1.0,Mala'la Primary Health Care Centre,Palmerston Regional Hospital
236,PANDAYAL,-13.0747799999999,130.55589,0.0,2.0,-1.0,-1.0,-1.0,-1.0,-1.0,-1.0,0.0,-1.0,,
237,MEWIRNBI,-12.12529,134.768059999999,0.0,37927.0,211.0,69.0,81.0,4.0,477.0,439.0,447.0,-1.0,Ramingining Community Health Centre - Milbrim Road,Gove District Hospital
238,MIKGINJ VALLEY,-12.4796599999999,133.074649999999,0.1,37927.0,154.0,29.0,42.0,1.0,285.0,211.0,18.0,-1.0,Gunbalanya Community Health Centre,Palmerston Regional Hospital
239,MILIKAPITI,-11.4216699999999,130.67418,0.0,159.0,6.0,0.0,0.0,-1.0,-1.0,-1.0,0.0,-1.0,Milikapiti,
240,MALGAWA,-12.83887,133.91826,0.0,37927.0,215.0,127.0,196.0,1.0,498.0,475.0,231.0,-1.0,Mala'la Primary Health Care Centre,Palmerston Regional Hospital
241,MUDGINBERRI,-12.5977199999999,132.873339999999,0.1,37927.0,183.0,15.0,12.0,1.0,240.0,162.0,1.0,-1.0,Jabiru Health Centre,Palmerston Regional Hospital
242,WAIDABOONAR,-11.9382199999999,132.78225,0.1,37927.0,3.0,68.0,131.0,1.0,347.0,318.0,80.0,-1.0,Gunbalanya (Oenpelli),Palmerston Regional Hospital
243,MUMEKA,-12.3630599999999,134.135789999999,0.2,37927.0,215.0,65.0,68.0,1.0,427.0,337.0,160.0,-1.0,Mala'la Primary Health Care Centre,Palmerston Regional Hospital
244,WAUK,-11.5486299999999,132.925009999999,0.0,37927.0,3.0,123.0,125.0,1.0,402.0,312.0,135.0,-1.0,Gunbalanya (Oenpelli),Palmerston Regional Hospital
245,NAMUGARDABU,-12.15779,134.02473,0.2,37927.0,215.0,95.0,103.0,1.0,403.0,321.0,136.0,-1.0,Mala'la Primary Health Care Centre,Palmerston Regional Hospital
246,KUNGARREWARL,-12.34346,133.05617,0.0,37927.0,3.0,4.0,6.0,1.0,282.0,192.0,15.0,-1.0,Gunbalanya (Oenpelli),Palmerston Regional Hospital
247,NANGAK,-12.21148,134.28387,0.1,37927.0,215.0,22.0,25.0,1.0,473.0,384.0,206.0,-1.0,Mala'la Primary Health Care Centre,Palmerston Regional Hospital
248,NANGU,-14.3731399999999,129.373349999999,0.1,37927.0,12.0,32.0,62.0,1.0,409.0,365.0,170.0,-1.0,Wadeye (Port Keats),Palmerston Regional Hospital
249,NABARLEK,-12.30829,133.292159999999,0.1,37927.0,3.0,38.0,55.0,1.0,317.0,242.0,50.0,-1.0,Gunbalanya (Oenpelli),Palmerston Regional Hospital
250,NADIRRI,-13.9537599999999,129.76657,0.1,37927.0,103.0,52.0,104.0,1.0,356.0,340.0,137.0,-1.0,Peppimenarti Health Centre,Palmerston Regional Hospital
251,NAUIYU,-13.7505399999999,130.688929999999,0.0,37927.0,8.0,0.0,0.0,1.0,205.0,142.0,0.0,142.0,Nauiyu Nambiyu (Daly River),Palmerston Regional Hospital
252,WURRUMIYANGA,-11.75831,130.63747,0.1,128.0,15.0,1.0,1.0,-1.0,-1.0,-1.0,0.0,-1.0,Wurrumiyanga (Nguiu),
253,PALMERSTON INDIGENOUS VILLAGE,-12.4881,131.01168,0.0,37927.0,179.0,3.0,3.0,1.0,7.0,6.0,0.0,6.0,Arafura Medical - Zuccoli,Palmerston Regional Hospital
254,NGANMARRIYANGA,-14.3511099999999,129.87889,0.1,37927.0,9.0,0.0,0.0,1.0,339.0,267.0,99.0,-1.0,Palumpa,Palmerston Regional Hospital
255,PERREDERR,-14.0196299999999,129.826609999999,0.2,37927.0,103.0,44.0,87.0,1.0,347.0,323.0,128.0,-1.0,Peppimenarti Health Centre,Palmerston Regional Hospital
256,PARU,-11.74982,130.64642,0.1,159.0,117.0,42.0,50.0,-1.0,-1.0,-1.0,0.0,-1.0,Milikapiti Community Health Centre,
257,PATONGA (AIRSTRIP),-12.9482599999999,132.569009999999,1.2,37927.0,183.0,58.0,45.0,2.0,251.0,169.0,4.0,-1.0,Jabiru Health Centre,Katherine Hospital
258,PEPPIMENARTI,-14.1503,130.0763,0.0,37927.0,10.0,0.0,0.0,1.0,304.0,237.0,85.0,-1.0,Peppimenarti,Palmerston Regional Hospital
259,PIRLANGIMPI,-11.4059,130.4172,0.0,159.0,11.0,0.0,0.0,-1.0,-1.0,-1.0,0.0,-1.0,Pirlangimpi,
260,RAILWAY DAM,-12.4540399999999,130.8439,0.1,37927.0,160.0,1.0,1.0,0.0,15.0,12.0,0.0,12.0,Vmg Clinics,Royal Darwin Hospital
261,REDCLIFF,-14.01484,129.708129999999,1.7,37927.0,138.0,46.0,80.0,1.0,401.0,361.0,160.0,-1.0,Wadeye Community Health Centre,Palmerston Regional Hospital
262,SPRING PEAK,-12.96266,132.454239999999,0.1,37927.0,183.0,69.0,51.0,1.0,202.0,162.0,77.0,-1.0,Jabiru Health Centre,Palmerston Regional Hospital
263,TREE POINT,-12.3083899999999,131.01819,0.2,37927.0,172.0,45.0,42.0,1.0,52.0,46.0,9.0,-1.0,Howard Springs Medical Centre,Palmerston Regional Hospital
264,TARACUMBI,-11.60806,130.711309999999,4.8,159.0,117.0,33.0,45.0,-1.0,-1.0,-1.0,0.0,-1.0,Milikapiti Community Health Centre,
265,WADEYE,-14.2404,129.520499999999,0.1,37927.0,12.0,0.0,0.0,1.0,383.0,311.0,142.0,-1.0,Wadeye (Port Keats),Palmerston Regional Hospital
266,AMANGAL INDIGENOUS VILLAGE,-13.2445,131.1041,0.0,37927.0,0.0,2.0,2.0,1.0,96.0,59.0,0.0,59.0,Adelaide River,Palmerston Regional Hospital
267,WAMINARI,-11.7686099999999,133.397539999999,10.3,45.0,13.0,16.0,31.0,-1.0,-1.0,-1.0,0.0,-1.0,Warruwi,
268,WARRUWI,-11.6489599999999,133.38935,0.1,45.0,13.0,0.0,0.0,-1.0,-1.0,-1.0,0.0,-1.0,Warruwi,
269,NGARDINITCHI,-14.1928799999999,129.484309999999,1.2,37927.0,12.0,13.0,25.0,1.0,395.0,335.0,151.0,-1.0,Wadeye (Port Keats),Palmerston Regional Hospital
270,WIGU,-11.6135299999999,133.43225,0.1,45.0,13.0,11.0,21.0,-1.0,-1.0,-1.0,0.0,-1.0,Warruwi,
271,WILGI,-11.49601,132.74947,0.3,37927.0,3.0,152.0,164.0,1.0,430.0,350.0,163.0,-1.0,Gunbalanya (Oenpelli),Palmerston Regional Hospital
272,WOODYCUPALDIYA,-13.8592599999999,130.001149999999,0.0,37927.0,14.0,0.0,0.0,1.0,313.0,299.0,94.0,-1.0,Woodyculpaldiya,Palmerston Regional Hospital
273,WUDAPULI,-14.2135099999999,129.853149999999,0.1,37927.0,9.0,24.0,39.0,1.0,361.0,303.0,122.0,-1.0,Palumpa,Palmerston Regional Hospital
274,WURDEJA,-12.17057,134.660849999999,0.1,37927.0,211.0,58.0,58.0,4.0,466.0,416.0,436.0,-1.0,Ramingining Community Health Centre - Milbrim Road,Gove District Hospital
275,ALHARRGAN,-13.67507,136.05261,0.2,37927.0,45.0,96.0,135.0,4.0,398.0,408.0,382.0,-1.0,Numbulwar,Gove District Hospital
276,ALYINGBERRMA,-13.8093399999999,136.81691,3.1,2.0,-1.0,-1.0,-1.0,-1.0,-1.0,-1.0,0.0,-1.0,,
277,AMANBURNUNGA,-13.9264099999999,136.69486,0.1,247.0,26.0,19.0,22.0,-1.0,-1.0,-1.0,0.0,-1.0,Umbakumba,
278,AMIRRABA,-13.9086799999999,136.857869999999,0.1,247.0,26.0,8.0,15.0,-1.0,-1.0,-1.0,0.0,-1.0,Umbakumba,
279,ANDANANGKI,-13.60962,135.765029999999,0.2,37927.0,45.0,89.0,88.0,4.0,327.0,298.0,312.0,-1.0,Numbulwar,Gove District Hospital
280,ANGURUGU,-13.9822399999999,136.460569999999,0.1,247.0,98.0,0.0,0.0,-1.0,-1.0,-1.0,0.0,-1.0,Angurugu Primary Health Centre,
281,BALMA,-13.24939,135.848569999999,0.1,37927.0,21.0,100.0,113.0,4.0,269.0,253.0,254.0,-1.0,Gapuwiyak,Gove District Hospital
282,BANTHULA,-11.8358499999999,135.873649999999,0.1,108.0,133.0,45.0,89.0,-1.0,-1.0,-1.0,0.0,-1.0,Galiwin'ku Health Centre,
283,BANIYALA,-13.2004,136.2261,0.1,37927.0,21.0,123.0,173.0,4.0,206.0,237.0,190.0,-1.0,Gapuwiyak,Gove District Hospital
284,BAWAKA,-12.53365,136.764019999999,0.7,37927.0,23.0,48.0,65.0,4.0,52.0,67.0,36.0,-1.0,Laynhapuy Homelands,Gove District Hospital
285,BAYGURRTJI,-13.1578699999999,135.866539999999,0.1,37927.0,21.0,102.0,118.0,4.0,271.0,258.0,255.0,-1.0,Gapuwiyak,Gove District Hospital
286,BIRANY BIRANY,-12.8170299999999,136.476689999999,0.1,37927.0,21.0,104.0,109.0,4.0,141.0,135.0,126.0,-1.0,Gapuwiyak,Gove District Hospital
287,BODIA,-12.0768799999999,134.896279999999,0.1,38.0,28.0,5.0,8.0,-1.0,-1.0,-1.0,0.0,-1.0,Yurrwi (Milingimbi),
288,BUKUDAL,-12.9664699999999,136.613529999999,0.1,37927.0,21.0,135.0,171.0,4.0,172.0,197.0,157.0,-1.0,Gapuwiyak,Gove District Hospital
289,BULARRING,-12.04636,135.703419999999,0.0,37927.0,21.0,131.0,222.0,4.0,300.0,362.0,285.0,-1.0,Gapuwiyak,Gove District Hospital
290,BUNDATHARRI,-12.23568,134.84672,0.3,37927.0,211.0,26.0,38.0,4.0,434.0,395.0,404.0,-1.0,Ramingining Community Health Centre - Milbrim Road,Gove District Hospital
291,RORRUWUY,-12.2029199999999,136.295639999999,0.1,37927.0,23.0,136.0,203.0,4.0,139.0,204.0,124.0,-1.0,Laynhapuy Homelands,Gove District Hospital
292,BURRUM,-12.3094,135.960499999999,0.0,37927.0,188.0,36.0,72.0,4.0,254.0,260.0,237.0,-1.0,Gapuwiyak Community Health Centre,Gove District Hospital
293,DARRANGMURMANJA,-13.72486,136.59277,0.1,247.0,26.0,39.0,61.0,-1.0,-1.0,-1.0,0.0,-1.0,Umbakumba,
294,DHALINYBUY,-12.4125,136.387799999999,0.0,37927.0,23.0,81.0,92.0,4.0,84.0,94.0,69.0,-1.0,Laynhapuy Homelands,Gove District Hospital
295,DHAMIYAKA,-12.6564,135.85557,0.1,37927.0,21.0,20.0,27.0,4.0,211.0,187.0,195.0,-1.0,Gapuwiyak,Gove District Hospital
296,DHARRNI,-13.7498299999999,136.020049999999,0.1,37927.0,45.0,86.0,115.0,4.0,388.0,388.0,372.0,-1.0,Numbulwar,Gove District Hospital
297,DHIPIRRINJURA,-12.2480599999999,135.097569999999,9.2,37927.0,25.0,22.0,44.0,4.0,439.0,410.0,396.0,-1.0,Ramingining,Gove District Hospital
298,DHOLTJI,-11.94835,136.46161,6.7,37927.0,23.0,146.0,223.0,4.0,149.0,224.0,127.0,-1.0,Laynhapuy Homelands,Gove District Hospital
299,DHUPUWAMIRRI,-12.6679599999999,135.392179999999,0.0,37927.0,21.0,78.0,96.0,4.0,247.0,236.0,231.0,-1.0,Gapuwiyak,Gove District Hospital
300,RURRANGALA,-12.9042499999999,136.253819999999,0.0,37927.0,21.0,90.0,106.0,4.0,172.0,171.0,157.0,-1.0,Gapuwiyak,Gove District Hospital
301,BOROGOMARRA,-12.2415899999999,134.97834,2.6,37927.0,25.0,18.0,36.0,4.0,435.0,401.0,398.0,-1.0,Ramingining,Gove District Hospital
302,DJARRAKPI,-13.2969099999999,136.351619999999,0.0,37927.0,21.0,160.0,220.0,4.0,197.0,246.0,181.0,-1.0,Gapuwiyak,Gove District Hospital
303,DJURRANALPI,-11.84684,135.872919999999,0.5,108.0,133.0,45.0,88.0,-1.0,-1.0,-1.0,0.0,-1.0,Galiwin'ku Health Centre,
304,DONYDJI,-12.89045,135.47028,0.1,37927.0,21.0,84.0,81.0,4.0,253.0,221.0,237.0,-1.0,Gapuwiyak,Gove District Hospital
305,GALAWDJAPIN,-12.2869499999999,134.817509999999,1.0,37927.0,211.0,18.0,22.0,4.0,426.0,380.0,395.0,-1.0,Ramingining Community Health Centre - Milbrim Road,Gove District Hospital
306,GILIRRI,-12.33029,134.816949999999,0.1,37927.0,211.0,14.0,15.0,4.0,422.0,373.0,393.0,-1.0,Ramingining Community Health Centre - Milbrim Road,Gove District Hospital
307,GALIWINKU,-12.0235,135.5664,0.0,108.0,19.0,0.0,0.0,-1.0,-1.0,-1.0,0.0,-1.0,Galiwin'ku (Elcho Island),
308,BAYAGIDA,-12.04269,134.92821,5.3,38.0,28.0,10.0,18.0,-1.0,-1.0,-1.0,0.0,-1.0,Yurrwi (Milingimbi),
309,GALUPA,-12.1925,136.6892,0.1,37927.0,22.0,5.0,6.0,4.0,12.0,9.0,0.0,-1.0,Gunyangara,Gove District Hospital
310,GALARU,-12.16601,136.757319999999,0.4,37927.0,24.0,6.0,8.0,4.0,6.0,8.0,2.0,-1.0,Nhulunbuy Urban,Gove District Hospital
311,GUMURUGURU,-12.06001,134.763059999999,7.3,37927.0,211.0,76.0,95.0,4.0,484.0,453.0,447.0,-1.0,Ramingining Community Health Centre - Milbrim Road,Gove District Hospital
312,GAN GAN,-13.0460499999999,135.943539999999,0.1,37927.0,21.0,103.0,141.0,4.0,202.0,220.0,186.0,-1.0,Gapuwiyak,Gove District Hospital
313,GANPURA,-11.88523,135.812349999999,3.3,108.0,133.0,36.0,70.0,-1.0,-1.0,-1.0,0.0,-1.0,Galiwin'ku Health Centre,
314,GAPUWIYAK,-12.5032199999999,135.805869999999,0.0,37927.0,21.0,0.0,0.0,4.0,218.0,188.0,201.0,-1.0,Gapuwiyak,Gove District Hospital
315,MOORONGA,-11.9211899999999,135.0749,0.1,4.0,-1.0,-1.0,-1.0,-1.0,-1.0,-1.0,0.0,-1.0,,
316,GARRIYAK,-12.14861,135.562839999999,0.0,37927.0,21.0,112.0,185.0,4.0,281.0,324.0,266.0,-1.0,Gapuwiyak,Gove District Hospital
317,GARRTHALALA,-12.76305,136.569179999999,0.0,37927.0,23.0,119.0,126.0,4.0,122.0,128.0,107.0,-1.0,Laynhapuy Homelands,Gove District Hospital
318,GATJI,-12.2730599999999,134.82029,0.0,37927.0,211.0,20.0,25.0,4.0,428.0,383.0,398.0,-1.0,Ramingining Community Health Centre - Milbrim Road,Gove District Hospital
319,GAWA,-11.76032,135.90485,0.1,108.0,133.0,57.0,113.0,-1.0,-1.0,-1.0,0.0,-1.0,Galiwin'ku Health Centre,
320,GIKAL,-12.05218,136.320369999999,0.3,37927.0,23.0,134.0,198.0,4.0,137.0,200.0,121.0,-1.0,Laynhapuy Homelands,Gove District Hospital
321,GITAN,-11.91169,135.78183,0.1,108.0,133.0,35.0,68.0,-1.0,-1.0,-1.0,0.0,-1.0,Galiwin'ku Health Centre,
322,GULMARRI,-11.9170099999999,135.82229,0.1,108.0,133.0,33.0,65.0,-1.0,-1.0,-1.0,0.0,-1.0,Galiwin'ku Health Centre,
323,GUNYANGARA,-12.21542,136.70569,0.1,37927.0,22.0,0.0,0.0,4.0,13.0,11.0,0.0,11.0,Gunyangara,Gove District Hospital
324,GURKAWUY,-12.97616,136.50362,0.0,37927.0,21.0,123.0,145.0,4.0,160.0,171.0,144.0,-1.0,Gapuwiyak,Gove District Hospital
325,GURRUMURU,-12.5922399999999,136.231679999999,0.2,37927.0,21.0,104.0,119.0,4.0,160.0,161.0,144.0,-1.0,Gapuwiyak,Gove District Hospital
326,LANGARRA,-12.0991799999999,135.36168,16.4,37927.0,21.0,122.0,206.0,4.0,292.0,345.0,260.0,-1.0,Gapuwiyak,Gove District Hospital
327,MALKALA,-13.8914,136.442239999999,0.3,247.0,16.0,6.0,6.0,-1.0,-1.0,-1.0,0.0,-1.0,Alyangula,
328,MALNJANGARNAK,-12.66057,134.773349999999,0.1,37927.0,211.0,52.0,58.0,4.0,377.0,333.0,348.0,-1.0,Ramingining Community Health Centre - Milbrim Road,Gove District Hospital
329,MAPURU,-12.2531799999999,135.43779,0.1,37927.0,21.0,106.0,173.0,4.0,275.0,312.0,260.0,-1.0,Gapuwiyak,Gove District Hospital
330,MARRAYA,-13.83939,135.80099,0.1,37927.0,45.0,57.0,58.0,4.0,362.0,334.0,347.0,-1.0,Numbulwar,Gove District Hospital
331,MARTJANBA,-11.1700599999999,136.70702,69.2,6.0,-1.0,-1.0,-1.0,-1.0,-1.0,-1.0,0.0,-1.0,,
332,MATAMATA,-12.07676,136.27125,0.1,37927.0,23.0,135.0,201.0,4.0,138.0,203.0,123.0,-1.0,Laynhapuy Homelands,Gove District Hospital
333,MAWULYUMANJA,-13.8427799999999,136.723349999999,0.1,247.0,26.0,19.0,23.0,-1.0,-1.0,-1.0,0.0,-1.0,Umbakumba,
334,MILINGIMBI,-12.1036,134.9201,0.1,38.0,28.0,0.0,0.0,-1.0,-1.0,-1.0,0.0,-1.0,Yurrwi (Milingimbi),
335,MILYAKBURRA,-13.78389,136.19583,0.1,31.0,18.0,0.0,0.0,-1.0,-1.0,-1.0,0.0,-1.0,Milyakburra (Bickerton Island),
336,MIRRNATJA,-12.6577899999999,135.19307,0.1,37927.0,21.0,104.0,149.0,4.0,273.0,288.0,258.0,-1.0,Gapuwiyak,Gove District Hospital
337,MIWUL,-14.03209,135.912659999999,0.1,37927.0,45.0,50.0,63.0,4.0,392.0,376.0,377.0,-1.0,Numbulwar,Gove District Hospital
338,MULGURRAM,-12.4019599999999,134.960849999999,0.1,37927.0,211.0,23.0,31.0,4.0,411.0,369.0,382.0,-1.0,Ramingining Community Health Centre - Milbrim Road,Gove District Hospital
339,NALIYINDI,-12.54196,135.178629999999,13.0,37927.0,21.0,107.0,175.0,4.0,276.0,314.0,248.0,-1.0,Gapuwiyak,Gove District Hospital
340,NGANGALALA,-12.2983499999999,134.992239999999,0.1,37927.0,25.0,9.0,17.0,4.0,426.0,382.0,391.0,-1.0,Ramingining,Gove District Hospital
341,NANYINGBURRA,-11.76057,135.873649999999,0.1,108.0,133.0,59.0,116.0,-1.0,-1.0,-1.0,0.0,-1.0,Galiwin'ku Health Centre,
342,NGAYAWILLI,-11.9943,135.5745,0.0,108.0,133.0,6.0,11.0,-1.0,-1.0,-1.0,0.0,-1.0,Galiwin'ku Health Centre,
343,NGADUMIYERRKA,-13.82001,136.4564,0.0,247.0,16.0,8.0,11.0,-1.0,-1.0,-1.0,0.0,-1.0,Alyangula,
344,NGILIPITJI,-13.54468,135.52562,0.1,37927.0,21.0,140.0,161.0,4.0,310.0,300.0,294.0,-1.0,Gapuwiyak,Gove District Hospital
345,NIKAWU,-12.08962,135.545449999999,4.5,108.0,19.0,8.0,15.0,-1.0,-1.0,-1.0,0.0,-1.0,Galiwin'ku (Elcho Island),
346,WURWULA,-11.9764599999999,136.30349,8.9,37927.0,23.0,142.0,216.0,4.0,146.0,217.0,121.0,-1.0,Laynhapuy Homelands,Gove District Hospital
347,NUMBULWAR,-14.2791,135.7406,0.0,37927.0,45.0,0.0,0.0,2.0,467.0,384.0,199.0,-1.0,Numbulwar,Katherine Hospital
348,RAMINGINING,-12.32779,134.930009999999,0.1,37927.0,25.0,0.0,0.0,4.0,417.0,366.0,383.0,-1.0,Ramingining,Gove District Hospital
349,RAYMANGIRR,-12.3403099999999,136.00253,0.1,37927.0,188.0,39.0,78.0,4.0,257.0,266.0,240.0,-1.0,Gapuwiyak Community Health Centre,Gove District Hospital
350,DHURUPUTJPI,-13.0547799999999,136.176609999999,0.1,37927.0,21.0,105.0,147.0,4.0,205.0,226.0,189.0,-1.0,Gapuwiyak,Gove District Hospital
351,UMBAKUMBA,-13.8597399999999,136.811129999999,0.0,247.0,26.0,0.0,0.0,-1.0,-1.0,-1.0,0.0,-1.0,Umbakumba,
352,WALDNARR,-13.76563,135.805309999999,0.0,37927.0,45.0,70.0,73.0,4.0,353.0,327.0,338.0,-1.0,Numbulwar,Gove District Hospital
353,WANDAWUY,-12.89147,136.356359999999,0.1,37927.0,21.0,98.0,105.0,4.0,149.0,143.0,134.0,-1.0,Gapuwiyak,Gove District Hospital
354,WUMAJBARR,-14.16648,135.692409999999,0.1,37927.0,45.0,16.0,20.0,2.0,460.0,381.0,194.0,-1.0,Numbulwar,Katherine Hospital
355,WUNBURRI,-11.59498,136.07853,26.4,108.0,133.0,83.0,165.0,-1.0,-1.0,-1.0,0.0,-1.0,Galiwin'ku Health Centre,
356,WURRUMENBUMANJA,-14.1377899999999,136.515569999999,0.0,247.0,98.0,25.0,50.0,-1.0,-1.0,-1.0,0.0,-1.0,Angurugu Primary Health Centre,
357,WUYAGIBA,-14.62149,135.520359999999,0.0,37927.0,45.0,104.0,145.0,2.0,446.0,405.0,181.0,-1.0,Numbulwar,Katherine Hospital
358,YANUNGBI,-12.27975,136.65787,1.0,37927.0,23.0,57.0,65.0,4.0,60.0,67.0,44.0,-1.0,Laynhapuy Homelands,Gove District Hospital
359,YATHALAMARRA,-12.2744599999999,134.92196,0.0,37927.0,25.0,9.0,16.0,4.0,426.0,382.0,391.0,-1.0,Ramingining,Gove District Hospital
360,YEDIKBA,-14.08056,136.45703,0.2,247.0,98.0,13.0,25.0,-1.0,-1.0,-1.0,0.0,-1.0,Angurugu Primary Health Centre,
361,YANBAKWA,-14.21668,136.45613,0.1,247.0,98.0,31.0,62.0,-1.0,-1.0,-1.0,0.0,-1.0,Angurugu Primary Health Centre,
362,YIMIDARRA,-14.2175199999999,135.564629999999,0.1,37927.0,45.0,29.0,34.0,2.0,448.0,369.0,182.0,-1.0,Numbulwar,Katherine Hospital
363,YIRRINGA,-11.6453799999999,136.025779999999,18.4,108.0,133.0,75.0,149.0,-1.0,-1.0,-1.0,0.0,-1.0,Galiwin'ku Health Centre,
364,YIRRKALA,-12.2527899999999,136.89168,0.1,37927.0,23.0,0.0,0.0,4.0,18.0,14.0,0.0,14.0,Laynhapuy Homelands,Gove District Hospital
365,BADAWARRKA,-14.6960299999999,134.44378,0.0,37927.0,50.0,17.0,19.0,2.0,282.0,202.0,26.0,-1.0,Urapunga (Rittarangu),Katherine Hospital
366,BAMBOO SPRINGS,-16.95993,129.08393,0.0,37927.0,37.0,291.0,291.0,2.0,755.0,593.0,290.0,-1.0,Kalkaringi (Wave Hill),Katherine Hospital
367,BARRAPUNTA,-13.15658,134.85057,0.1,37927.0,35.0,88.0,76.0,4.0,329.0,278.0,299.0,-1.0,Gulin (Bulman),Gove District Hospital
368,BARUNGA,-14.5236299999999,132.86668,0.1,37927.0,30.0,0.0,1.0,2.0,84.0,54.0,0.0,54.0,Barunga (Bamyili),Katherine Hospital
369,BESWICK,-14.5548,133.1142,0.1,37927.0,200.0,0.0,0.0,2.0,114.0,73.0,0.0,73.0,Beswick Community Health Centre,Katherine Hospital
370,BINJARI,-14.5502,132.1815,0.1,37927.0,31.0,0.0,0.0,2.0,20.0,14.0,0.0,14.0,Binjari,Katherine Hospital
371,BOOMERANG LAGOON,-14.4506099999999,135.039249999999,0.1,37927.0,44.0,54.0,55.0,2.0,370.0,287.0,104.0,-1.0,Ngukurr (Roper River),Katherine Hospital
372,BUBBLE BUBBLE,-15.8103599999999,129.310219999999,0.1,37927.0,33.0,129.0,131.0,2.0,717.0,572.0,218.0,-1.0,Bulla,Katherine Hospital
373,BULLA,-15.76492,130.039359999999,0.0,37927.0,33.0,0.0,0.0,2.0,590.0,443.0,180.0,-1.0,Bulla,Katherine Hospital
374,BULMAN,-13.6652899999999,134.333349999999,0.1,37927.0,35.0,0.0,0.0,2.0,310.0,240.0,189.0,-1.0,Gulin (Bulman),Katherine Hospital
375,COSTELLO,-14.56453,134.88289,0.0,37927.0,44.0,27.0,35.0,2.0,342.0,267.0,77.0,-1.0,Ngukurr (Roper River),Katherine Hospital
376,DAGURAGU,-17.4005899999999,130.80491,0.0,37927.0,34.0,0.0,0.0,2.0,472.0,308.0,0.0,308.0,Daguragu (Wattie Creek),Katherine Hospital
377,JILKMINGGAN,-14.9530599999999,133.3,0.0,37927.0,36.0,0.0,0.0,2.0,147.0,97.0,0.0,97.0,Jilkminggan (Duck Creek),Katherine Hospital
378,MANYALLALUK,-14.2664899999999,132.827969999999,0.0,37927.0,40.0,0.0,0.0,2.0,107.0,80.0,35.0,-1.0,Manyallaluk (Eva Valley),Katherine Hospital
379,GORPULYUL,-13.3462099999999,134.14587,0.0,37927.0,115.0,67.0,129.0,2.0,368.0,361.0,247.0,-1.0,Bulman Health Centre,Katherine Hospital
380,GILWI,-15.7871099999999,130.532749999999,0.0,37927.0,49.0,18.0,14.0,2.0,529.0,409.0,187.0,-1.0,Timber Creek,Katherine Hospital
381,JODETLUK,-14.3599999999999,132.43333,0.1,37927.0,106.0,24.0,19.0,2.0,22.0,17.0,0.0,-1.0,Wurli Wurlinjang Health Service,Katherine Hospital
382,HODGSON RIVER STATION,-15.4747699999999,134.095529999999,5.5,37927.0,216.0,49.0,65.0,2.0,317.0,260.0,86.0,-1.0,Minyerri Health Centre,Katherine Hospital
383,JOWAR,-14.7274699999999,134.428809999999,0.0,37927.0,50.0,21.0,24.0,2.0,282.0,204.0,27.0,-1.0,Urapunga (Rittarangu),Katherine Hospital
384,KALKARINDJI,-17.4467499999999,130.83212,0.1,37927.0,37.0,0.0,0.0,2.0,464.0,302.0,0.0,302.0,Kalkaringi (Wave Hill),Katherine Hospital
385,PICININNY BORE,-19.8271099999999,129.78279,14.1,37927.0,38.0,248.0,267.0,5.0,662.0,514.0,262.0,-1.0,Lajamanu (Hooker Creek),Alice Springs Hospital
386,WALPIRI,-14.4736099999999,132.2693,0.1,37927.0,94.0,3.0,3.0,2.0,6.0,5.0,0.0,5.0,Katherine Community Health Centre,Katherine Hospital
387,KYBROOK FARM,-13.8631599999999,131.821959999999,0.1,37927.0,47.0,7.0,7.0,2.0,91.0,58.0,2.0,60.0,Pine Creek,Katherine Hospital
388,LAJAMANU,-18.3358399999999,130.638339999999,0.1,37927.0,38.0,0.0,0.0,2.0,560.0,401.0,102.0,-1.0,Lajamanu (Hooker Creek),Katherine Hospital
389,LIKU,-17.91141,130.504289999999,0.2,37927.0,37.0,79.0,144.0,2.0,543.0,446.0,78.0,-1.0,Kalkaringi (Wave Hill),Katherine Hospital
390,LINGARA,-16.48694,130.643329999999,0.0,37927.0,39.0,0.0,0.0,2.0,440.0,345.0,134.0,-1.0,Lingara via Yarralin,Katherine Hospital
391,LUL-TJU,-18.3767099999999,130.59313,0.1,37927.0,38.0,8.0,14.0,2.0,567.0,413.0,110.0,-1.0,Lajamanu (Hooker Creek),Katherine Hospital
392,MARIA LAGOON,-15.29989,135.444629999999,0.5,37927.0,50.0,181.0,195.0,2.0,458.0,390.0,201.0,-1.0,Urapunga (Rittarangu),Katherine Hospital
393,MARRALUM,-15.39109,129.250259999999,0.1,37927.0,33.0,243.0,310.0,2.0,831.0,751.0,297.0,-1.0,Bulla,Katherine Hospital
394,MATARANKA TOWN CAMP,-14.9261799999999,133.06738,0.1,37927.0,41.0,0.0,1.0,2.0,110.0,67.0,0.0,67.0,Mataranka,Katherine Hospital
395,MIALI BRUMBY,-14.4558299999999,132.2589,0.1,37927.0,175.0,3.0,2.0,2.0,6.0,5.0,0.0,5.0,Katherine Family Medical Practice,Katherine Hospital
396,AMANBIDJI,-16.4280599999999,129.618899999999,0.0,37927.0,29.0,0.0,0.0,2.0,689.0,588.0,242.0,-1.0,Amanbidji (Kildurk),Katherine Hospital
397,MINYERRI,-15.2216,134.082099999999,0.0,37927.0,43.0,0.0,0.0,2.0,269.0,196.0,43.0,-1.0,Minyerri (Hodgeson Downs),Katherine Hospital
398,MISTAKE CREEK,-17.1092699999999,129.04319,0.0,37927.0,37.0,263.0,242.0,2.0,727.0,544.0,262.0,-1.0,Kalkaringi (Wave Hill),Katherine Hospital
399,MOLE HILL,-14.8749899999999,133.83303,0.4,37927.0,36.0,70.0,58.0,2.0,208.0,142.0,2.0,-1.0,Jilkminggan (Duck Creek),Katherine Hospital
400,MOMOB,-13.35693,134.269149999999,0.1,37927.0,115.0,60.0,115.0,2.0,361.0,347.0,241.0,-1.0,Bulman Health Centre,Katherine Hospital
401,MOUNT CATT,-13.8001799999999,134.43241,0.0,37927.0,115.0,33.0,52.0,2.0,318.0,270.0,197.0,-1.0,Bulman Health Centre,Katherine Hospital
402,MUMPUMAMPU,-14.3841799999999,135.32835,0.1,37927.0,45.0,61.0,62.0,2.0,407.0,327.0,142.0,-1.0,Numbulwar,Katherine Hospital
403,DUCK PONDS,-18.7737699999999,131.277659999999,0.0,37927.0,38.0,98.0,195.0,2.0,658.0,595.0,199.0,-1.0,Lajamanu (Hooker Creek),Katherine Hospital
404,NULAWAN,-14.7872899999999,134.93128,0.0,37927.0,143.0,24.0,47.0,2.0,344.0,284.0,75.0,-1.0,Ngukurr Health Centre,Katherine Hospital
405,NGUKURR,-14.7317,134.7321,0.1,37927.0,44.0,0.0,0.0,2.0,320.0,236.0,52.0,-1.0,Ngukurr (Roper River),Katherine Hospital
406,NUMMERLOORI,-14.59159,134.97727,0.0,37927.0,44.0,35.0,35.0,2.0,350.0,268.0,85.0,-1.0,Ngukurr (Roper River),Katherine Hospital
407,PARNTA,-18.68438,130.651039999999,0.0,37927.0,38.0,47.0,91.0,2.0,606.0,491.0,148.0,-1.0,Lajamanu (Hooker Creek),Katherine Hospital
408,PIGEON HOLE,-16.8141199999999,131.22037,0.1,37927.0,46.0,0.0,1.0,2.0,425.0,329.0,40.0,-1.0,Nitjpurru (Pigeon Hole),Katherine Hospital
409,PINE CREEK COMPOUND,-13.8160099999999,131.83106,0.0,37927.0,47.0,1.0,1.0,2.0,95.0,59.0,0.0,59.0,Pine Creek,Katherine Hospital
410,RITTARANGU,-14.7101099999999,134.565259999999,0.1,37927.0,50.0,0.0,0.0,2.0,298.0,218.0,35.0,-1.0,Urapunga (Rittarangu),Katherine Hospital
411,ROCKHOLE,-14.5193499999999,132.186329999999,0.0,37927.0,175.0,13.0,10.0,2.0,16.0,13.0,0.0,13.0,Katherine Family Medical Practice,Katherine Hospital
412,JIWARANPA,-19.5554099999999,129.926739999999,0.0,37927.0,38.0,175.0,177.0,5.0,700.0,535.0,314.0,-1.0,Lajamanu (Hooker Creek),Alice Springs Hospital
413,MUNGURRUPA,-20.5848099999999,129.733129999999,0.3,37927.0,155.0,361.0,354.0,5.0,657.0,550.0,271.0,-1.0,Yuendumu Community Health Centre,Alice Springs Hospital
414,MURUNING,-15.6752699999999,130.484569999999,0.8,37927.0,49.0,2.0,2.0,2.0,532.0,409.0,180.0,-1.0,Timber Creek,Katherine Hospital
415,TURKEY LAGOON,-14.52938,134.750929999999,0.0,37927.0,44.0,36.0,53.0,2.0,352.0,286.0,86.0,-1.0,Ngukurr (Roper River),Katherine Hospital
416,WANMARRI,-14.4540099999999,135.22691,0.0,37927.0,45.0,75.0,76.0,2.0,395.0,313.0,129.0,-1.0,Numbulwar,Katherine Hospital
417,WEEMOL,-13.6441799999999,134.308629999999,0.0,37927.0,115.0,4.0,6.0,2.0,308.0,241.0,188.0,-1.0,Bulman Health Centre,Katherine Hospital
418,WERENBUN,-14.1825499999999,132.1611,0.1,37927.0,175.0,58.0,38.0,2.0,61.0,41.0,1.0,-1.0,Katherine Family Medical Practice,Katherine Hospital
419,YARRALIN,-16.4484099999999,130.88279,0.0,37927.0,52.0,0.0,0.0,2.0,412.0,303.0,107.0,-1.0,Yarralin,Katherine Hospital
420,YINGUWUNARRI,-16.6089099999999,131.82362,0.0,37927.0,37.0,169.0,123.0,2.0,308.0,207.0,13.0,-1.0,Kalkaringi (Wave Hill),Katherine Hospital
421,UN-MARR,-14.0644099999999,129.90879,0.1,37927.0,103.0,33.0,66.0,1.0,337.0,302.0,118.0,-1.0,Peppimenarti Health Centre,Palmerston Regional Hospital
422,DHUDUPU,-12.0033,135.569199999999,0.1,108.0,19.0,3.0,6.0,-1.0,-1.0,-1.0,0.0,-1.0,Galiwin'ku (Elcho Island),
423,GONGURUWUY,-12.0663799999999,136.150849999999,13.2,37927.0,23.0,148.0,227.0,4.0,152.0,229.0,123.0,-1.0,Laynhapuy Homelands,Gove District Hospital
424,DJARRUNG,-14.81311,131.537589999999,0.0,37927.0,208.0,111.0,85.0,2.0,128.0,94.0,38.0,-1.0,Binjari Community Health Centre,Katherine Hospital
425,YUDU YUDU,-12.23335,136.637239999999,0.1,37927.0,23.0,62.0,76.0,4.0,66.0,78.0,50.0,-1.0,Laynhapuy Homelands,Gove District Hospital
426,HOPPYS CAMP,-23.6840499999999,133.876579999999,0.0,37927.0,132.0,2.0,2.0,5.0,3.0,3.0,0.0,3.0,Nganampa Health Council - Umuwa Office,Alice Springs Hospital
427,ILPEYE ILPEYE ESTATE,-23.6999299999999,133.90699,0.0,37927.0,150.0,2.0,2.0,5.0,4.0,4.0,0.0,4.0,Sadadeen Clinic,Alice Springs Hospital
428,MYATT,-15.70656,130.48335,0.0,37927.0,49.0,6.0,4.0,2.0,527.0,405.0,180.0,-1.0,Timber Creek,Katherine Hospital
429,TINKARLI,-19.6372399999999,134.202509999999,0.1,37927.0,60.0,2.0,3.0,3.0,3.0,4.0,0.0,4.0,Tennant Creek Outstations,Tennant Creek Hospital
430,WUPPA,-19.6369599999999,134.19918,0.1,37927.0,60.0,2.0,2.0,3.0,3.0,3.0,0.0,3.0,Tennant Creek Outstations,Tennant Creek Hospital
431,FLICKS HOLE,-15.6160599999999,134.09331,0.3,37927.0,216.0,58.0,60.0,2.0,326.0,255.0,100.0,-1.0,Minyerri Health Centre,Katherine Hospital
432,BURRUMBURRU,-17.74229,137.781549999999,0.2,37927.0,48.0,278.0,423.0,3.0,690.0,679.0,273.0,-1.0,Robinson River,Tennant Creek Hospital
433,MANABURDURMA,-12.66638,132.843189999999,0.1,37927.0,183.0,2.0,3.0,1.0,235.0,158.0,0.0,158.0,Jabiru Health Centre,Palmerston Regional Hospital
434,MURTULKI,-19.9178399999999,134.38936,0.1,37927.0,60.0,53.0,62.0,3.0,53.0,63.0,21.0,-1.0,Tennant Creek Outstations,Tennant Creek Hospital
435,MURUN MURULA,-18.4990799999999,137.517539999999,0.3,37927.0,152.0,453.0,581.0,3.0,628.0,630.0,246.0,-1.0,Alpurrurulam (Lake Nash) Community Health Centre,Tennant Creek Hospital
436,WANGALINJI,-18.39639,137.46692,0.1,37927.0,152.0,436.0,548.0,3.0,611.0,596.0,229.0,-1.0,Alpurrurulam (Lake Nash) Community Health Centre,Tennant Creek Hospital
437,GUMULUJI,-17.93534,137.480379999999,0.1,37927.0,48.0,318.0,504.0,3.0,665.0,629.0,248.0,-1.0,Robinson River,Tennant Creek Hospital
438,ALATYEYE,-23.0973299999999,134.21897,0.6,37927.0,67.0,60.0,61.0,5.0,118.0,101.0,67.0,-1.0,Engawala (Alcoota),Alice Springs Hospital
439,MAMADI,-17.8495099999999,129.63515,0.1,37927.0,37.0,152.0,131.0,2.0,616.0,432.0,151.0,-1.0,Kalkaringi (Wave Hill),Katherine Hospital
440,JUNGARRAYI WARRNU,-22.6859399999999,131.43088,0.1,37927.0,155.0,79.0,152.0,5.0,367.0,343.0,74.0,-1.0,Yuendumu Community Health Centre,Alice Springs Hospital
441,LARRPAYANJI,-14.7833399999999,134.68017,0.1,37927.0,50.0,52.0,54.0,2.0,329.0,250.0,72.0,-1.0,Urapunga (Rittarangu),Katherine Hospital
442,WOOLANING,-13.10521,130.6589,0.4,37927.0,167.0,74.0,55.0,1.0,110.0,78.0,0.0,78.0,Remote Territory Healthcare,Palmerston Regional Hospital
443,BOBS YARD,-16.0094499999999,130.611249999999,0.0,37927.0,49.0,64.0,57.0,2.0,474.0,364.0,149.0,-1.0,Timber Creek,Katherine Hospital
444,BARRAK BARRAK,-15.8716,130.358759999999,0.0,37927.0,49.0,55.0,70.0,2.0,567.0,465.0,224.0,-1.0,Timber Creek,Katherine Hospital
445,BUCKET SPRINGS,-15.74001,129.164649999999,0.1,37927.0,33.0,165.0,155.0,2.0,753.0,596.0,220.0,-1.0,Bulla,Katherine Hospital
446,POLICEMANS HOLE,-15.77853,129.106539999999,0.1,37927.0,33.0,155.0,134.0,2.0,743.0,575.0,209.0,-1.0,Bulla,Katherine Hospital
447,MT MAIYO,-17.69491,129.397549999999,0.1,37927.0,37.0,188.0,186.0,2.0,652.0,488.0,187.0,-1.0,Kalkaringi (Wave Hill),Katherine Hospital
448,IRRERLIRRE,-22.8462,135.1345,0.2,37927.0,114.0,32.0,32.0,5.0,247.0,178.0,72.0,-1.0,Atitjere (Hearts Range) Community Health Centre,Alice Springs Hospital
449,JANGIRULU,-18.1256099999999,133.611109999999,0.1,37927.0,57.0,78.0,70.0,3.0,209.0,149.0,16.0,-1.0,Elliot,Tennant Creek Hospital
450,ULBULLA,-25.68357,133.196439999999,0.2,37927.0,69.0,133.0,95.0,5.0,260.0,164.0,5.0,-1.0,Imanpa(Mt Ebenezer),Alice Springs Hospital
451,WUNARA,-19.9898,136.618099999999,0.0,37927.0,60.0,305.0,185.0,3.0,306.0,186.0,1.0,-1.0,Tennant Creek Outstations,Tennant Creek Hospital
452,WERRE-THERRE,-23.5426499999999,133.634729999999,0.1,37927.0,180.0,44.0,32.0,5.0,47.0,34.0,3.0,-1.0,Purple House Primary Health Care,Alice Springs Hospital
453,ILPERLE,-22.92737,135.71575,0.1,37927.0,114.0,87.0,80.0,5.0,302.0,226.0,127.0,-1.0,Atitjere (Hearts Range) Community Health Centre,Alice Springs Hospital
454,JOMET (URPALARWN),-15.4206899999999,133.111459999999,0.1,37927.0,41.0,64.0,49.0,2.0,173.0,115.0,7.0,-1.0,Mataranka,Katherine Hospital
455,UNDOOLYA BORE,-23.7476199999999,134.117619999999,0.9,37927.0,210.0,24.0,19.0,5.0,35.0,27.0,0.0,27.0,Amoonguna Health Service,Alice Springs Hospital
456,ARTEKERRE,-23.2573899999999,133.7666,0.1,37927.0,180.0,52.0,32.0,5.0,54.0,34.0,1.0,-1.0,Purple House Primary Health Care,Alice Springs Hospital
457,BURT CREEK,-23.19652,133.74759,0.0,37927.0,180.0,59.0,36.0,5.0,62.0,38.0,1.0,-1.0,Purple House Primary Health Care,Alice Springs Hospital
458,ALKUPTIJA,-23.0653299999999,133.694359999999,3.3,37927.0,180.0,80.0,53.0,5.0,83.0,56.0,0.0,56.0,Purple House Primary Health Care,Alice Springs Hospital
459,WOOLIANA,-13.67483,130.64275,0.4,37927.0,8.0,22.0,19.0,1.0,213.0,148.0,2.0,-1.0,Nauiyu Nambiyu (Daly River),Palmerston Regional Hospital
460,NEMARLUK,-14.24122,130.00325,0.1,37927.0,9.0,30.0,33.0,1.0,322.0,261.0,101.0,-1.0,Palumpa,Palmerston Regional Hospital
461,MERREPEN,-14.22128,129.96735,0.2,37927.0,9.0,35.0,42.0,1.0,327.0,271.0,106.0,-1.0,Palumpa,Palmerston Regional Hospital
462,KUY,-14.0354599999999,129.597839999999,0.1,37927.0,138.0,50.0,87.0,1.0,404.0,368.0,165.0,-1.0,Wadeye Community Health Centre,Palmerston Regional Hospital
463,YEDERR,-14.0196499999999,129.72201,0.1,37927.0,138.0,45.0,77.0,1.0,399.0,358.0,160.0,-1.0,Wadeye Community Health Centre,Palmerston Regional Hospital
464,WALKABOUT BORE,-24.38261,133.816869999999,0.0,37927.0,81.0,56.0,58.0,5.0,150.0,112.0,49.0,-1.0,Titjikala (Maryvale),Alice Springs Hospital
465,LIKKAPARTA,-19.34336,134.53799,0.0,37927.0,60.0,65.0,44.0,3.0,65.0,45.0,3.0,-1.0,Tennant Creek Outstations,Tennant Creek Hospital
466,KIANA,-17.2423599999999,136.18411,0.1,37927.0,32.0,222.0,246.0,3.0,549.0,443.0,68.0,-1.0,Borroloola,Tennant Creek Hospital
467,GOOLMINYINI,-16.15829,136.09751,0.0,37927.0,32.0,31.0,25.0,2.0,633.0,407.0,2.0,-1.0,Borroloola,Katherine Hospital
468,MIMINA,-16.8021099999999,136.83428,0.0,37927.0,48.0,24.0,48.0,2.0,806.0,622.0,147.0,-1.0,Robinson River,Katherine Hospital
469,INKAWENYERRE,-21.8201599999999,134.84707,0.1,37927.0,62.0,32.0,41.0,5.0,281.0,253.0,164.0,-1.0,Urapuntja (Utopia),Alice Springs Hospital
470,IYLENTYE,-21.98676,134.72667,0.1,37927.0,62.0,16.0,23.0,5.0,265.0,235.0,160.0,-1.0,Urapuntja (Utopia),Alice Springs Hospital
471,CAMEL CAMP,-22.2718099999999,134.552419999999,2.0,37927.0,62.0,39.0,57.0,5.0,231.0,206.0,132.0,-1.0,Urapuntja (Utopia),Alice Springs Hospital
472,ATHELEY,-21.9175699999999,134.86766,0.5,37927.0,62.0,22.0,18.0,5.0,271.0,230.0,155.0,-1.0,Urapuntja (Utopia),Alice Springs Hospital
473,PUNGALINDUM,-22.0706099999999,134.688789999999,0.1,37927.0,62.0,14.0,21.0,5.0,252.0,224.0,155.0,-1.0,Urapuntja (Utopia),Alice Springs Hospital
474,NGAPPAMILARNU,-19.8618799999999,133.278459999999,0.1,37927.0,60.0,108.0,207.0,3.0,108.0,207.0,101.0,-1.0,Tennant Creek Outstations,Tennant Creek Hospital
475,PURRUKUWURRU,-19.9456199999999,135.69629,0.4,37927.0,58.0,82.0,162.0,3.0,254.0,198.0,31.0,-1.0,Epenarra (Wutunugurra),Tennant Creek Hospital
476,JUNKAJI,-20.4465599999999,134.14149,5.2,37927.0,60.0,112.0,100.0,3.0,113.0,101.0,18.0,-1.0,Tennant Creek Outstations,Tennant Creek Hospital
477,ARRAWAJIN,-20.5182499999999,134.975509999999,0.1,37927.0,58.0,40.0,49.0,3.0,182.0,157.0,94.0,-1.0,Epenarra (Wutunugurra),Tennant Creek Hospital
478,KALINJARRI,-20.39752,134.36571,0.1,37927.0,60.0,103.0,73.0,3.0,103.0,74.0,15.0,-1.0,Tennant Creek Outstations,Tennant Creek Hospital
479,ILLEUWURRU,-21.60913,134.39411,0.1,37927.0,59.0,52.0,104.0,3.0,264.0,238.0,56.0,-1.0,Tara(Neutral Junction),Tennant Creek Hospital
480,GUDJEKBIN,-12.2509699999999,133.801089999999,0.1,37927.0,3.0,124.0,146.0,1.0,402.0,332.0,135.0,-1.0,Gunbalanya (Oenpelli),Palmerston Regional Hospital
481,GUL GUL,-11.1304199999999,132.338419999999,0.1,37927.0,3.0,241.0,341.0,1.0,519.0,528.0,252.0,-1.0,Gunbalanya (Oenpelli),Palmerston Regional Hospital
482,PICKERTARAMOOR,-11.76667,130.9,0.8,159.0,117.0,56.0,65.0,-1.0,-1.0,-1.0,0.0,-1.0,Milikapiti Community Health Centre,
483,MIRRIDI,-19.0187299999999,130.77884,0.2,37927.0,38.0,92.0,181.0,2.0,651.0,581.0,193.0,-1.0,Lajamanu (Hooker Creek),Katherine Hospital
484,KULANG,-24.71557,129.00638,0.1,37927.0,161.0,24.0,44.0,5.0,689.0,523.0,141.0,-1.0,Kaltukatjara (Docker River) Community Health Centre,Alice Springs Hospital
485,WALU,-24.7371099999999,129.525589999999,0.2,37927.0,161.0,51.0,86.0,5.0,694.0,544.0,147.0,-1.0,Kaltukatjara (Docker River) Community Health Centre,Alice Springs Hospital
486,WALKALBA,-22.1624899999999,131.819909999999,0.1,37927.0,86.0,16.0,24.0,5.0,309.0,220.0,16.0,-1.0,Yuendumu,Alice Springs Hospital
487,WINPARKU,-23.4346499999999,131.46172,0.1,37927.0,74.0,37.0,73.0,5.0,276.0,283.0,107.0,-1.0,Mt Liebig (Amunturrngu),Alice Springs Hospital
488,PINJA,-18.80958,130.370949999999,0.7,37927.0,38.0,100.0,119.0,2.0,659.0,518.0,200.0,-1.0,Lajamanu (Hooker Creek),Katherine Hospital
489,KURRURLDUL,-12.4880599999999,134.240119999999,2.6,37927.0,215.0,93.0,128.0,1.0,464.0,407.0,194.0,-1.0,Mala'la Primary Health Care Centre,Palmerston Regional Hospital
490,AWUMBUNYJI,-14.4472299999999,135.43529,11.7,37927.0,45.0,78.0,92.0,2.0,420.0,352.0,143.0,-1.0,Numbulwar,Katherine Hospital
491,CHILLA WELL,-21.52777,130.970669999999,0.1,37927.0,155.0,123.0,94.0,5.0,419.0,290.0,43.0,-1.0,Yuendumu Community Health Centre,Alice Springs Hospital
492,5 MILE BORE,-23.23265,131.982959999999,0.0,37927.0,88.0,9.0,10.0,5.0,235.0,189.0,97.0,-1.0,Papunya Community Health Centre,Alice Springs Hospital
493,ULAMBARA,-23.2771499999999,131.92748,0.1,37927.0,88.0,9.0,16.0,5.0,250.0,211.0,111.0,-1.0,Papunya Community Health Centre,Alice Springs Hospital
494,AMUNDURNGUA,-23.2714299999999,131.423429999999,0.0,37927.0,141.0,23.0,29.0,5.0,300.0,258.0,160.0,-1.0,Amunturrngu (Mt Liebig) Community Health Centre,Alice Springs Hospital
495,TJINTIRTJINTIRPA,-23.2852199999999,131.270589999999,0.1,37927.0,74.0,2.0,4.0,5.0,315.0,272.0,173.0,-1.0,Mt Liebig (Amunturrngu),Alice Springs Hospital
496,NGUTJUL,-23.2967699999999,129.46752,0.0,37927.0,71.0,12.0,23.0,5.0,506.0,475.0,367.0,-1.0,Kintore,Alice Springs Hospital
497,MUYIN,-23.15972,129.004889999999,0.0,37927.0,71.0,44.0,88.0,5.0,548.0,542.0,409.0,-1.0,Kintore,Alice Springs Hospital
498,NGANKIRITJA,-23.4645899999999,131.87969,0.5,37927.0,68.0,2.0,4.0,5.0,228.0,189.0,60.0,-1.0,Haasts Bluff (Ikuntji),Alice Springs Hospital
499,TARAWARA,-23.5472599999999,131.413379999999,0.2,37927.0,68.0,54.0,108.0,5.0,281.0,293.0,112.0,-1.0,Haasts Bluff (Ikuntji),Alice Springs Hospital
500,CAMELS HUMP,-23.7517499999999,131.594349999999,0.1,37927.0,84.0,74.0,78.0,5.0,278.0,327.0,95.0,-1.0,Watarrka(Kings Canyon),Alice Springs Hospital
501,ALKNGARRIINTJA,-23.9560199999999,132.46233,0.1,37927.0,76.0,42.0,42.0,5.0,167.0,135.0,8.0,-1.0,Hermannsburg (Ntaria),Alice Springs Hospital
502,NTAKARRA,-23.8950099999999,132.680009999999,0.0,37927.0,76.0,17.0,16.0,5.0,142.0,110.0,2.0,-1.0,Hermannsburg (Ntaria),Alice Springs Hospital
503,IPALALA,-23.9255599999999,132.678079999999,2.5,37927.0,76.0,16.0,17.0,5.0,141.0,111.0,5.0,-1.0,Hermannsburg (Ntaria),Alice Springs Hospital
504,ULPUNDA,-23.9546,132.766,0.5,37927.0,76.0,3.0,4.0,5.0,128.0,98.0,0.0,-1.0,Hermannsburg (Ntaria),Alice Springs Hospital
505,PALM PADDOCK,-24.0853399999999,132.68126,0.1,37927.0,76.0,26.0,50.0,5.0,151.0,144.0,24.0,-1.0,Hermannsburg (Ntaria),Alice Springs Hospital
506,DELEYE,-13.76535,129.97667,0.2,37927.0,203.0,12.0,24.0,1.0,318.0,309.0,99.0,-1.0,Woodycupaldiya Community Health Centre,Palmerston Regional Hospital
507,KUWUMA,-13.5980499999999,130.36991,0.0,37927.0,203.0,79.0,159.0,1.0,325.0,323.0,107.0,-1.0,Woodycupaldiya Community Health Centre,Palmerston Regional Hospital
508,KWOMBOM,-13.95523,130.29075,0.0,37927.0,103.0,65.0,86.0,1.0,280.0,234.0,62.0,-1.0,Peppimenarti Health Centre,Palmerston Regional Hospital
509,WUDADUK,-14.0277099999999,129.943749999999,3.1,37927.0,103.0,28.0,54.0,1.0,331.0,291.0,109.0,-1.0,Peppimenarti Health Centre,Palmerston Regional Hospital
510,CHULUK,-13.665,130.267779999999,7.5,37927.0,203.0,80.0,160.0,1.0,325.0,324.0,100.0,-1.0,Woodycupaldiya Community Health Centre,Palmerston Regional Hospital
511,16 MILE CAMP,-23.4576399999999,133.83248,1.0,37927.0,180.0,28.0,18.0,5.0,31.0,20.0,0.0,20.0,Purple House Primary Health Care,Alice Springs Hospital
512,BLACKTANK BORE,-23.3235199999999,134.020489999999,1.0,37927.0,180.0,77.0,70.0,5.0,80.0,72.0,28.0,-1.0,Purple House Primary Health Care,Alice Springs Hospital
513,TURNERS CAMP,-23.3051399999999,134.069369999999,0.1,37927.0,180.0,81.0,78.0,5.0,84.0,80.0,33.0,-1.0,Purple House Primary Health Care,Alice Springs Hospital
514,WILLIAMS WELL,-23.6732699999999,134.278739999999,1.2,37927.0,210.0,43.0,34.0,5.0,54.0,42.0,0.0,42.0,Amoonguna Health Service,Alice Springs Hospital
515,AKARNENEHE WELL,-23.0599199999999,136.19361,0.0,37927.0,66.0,41.0,57.0,5.0,351.0,275.0,177.0,-1.0,Bonya,Alice Springs Hospital
516,ANTERE,-25.66309,134.409339999999,0.6,37927.0,64.0,21.0,22.0,5.0,401.0,294.0,126.0,-1.0,Aputula(Finke),Alice Springs Hospital
517,OAK VALLEY,-24.3849799999999,133.932179999999,0.2,37927.0,81.0,44.0,46.0,5.0,162.0,124.0,61.0,-1.0,Titjikala (Maryvale),Alice Springs Hospital
518,MOUNT PEACHY,-24.3941599999999,133.871809999999,0.1,37927.0,81.0,49.0,49.0,5.0,154.0,115.0,53.0,-1.0,Titjikala (Maryvale),Alice Springs Hospital
519,PWERTENTYE,-23.3729099999999,134.79239,0.1,37927.0,210.0,116.0,116.0,5.0,127.0,124.0,51.0,-1.0,Amoonguna Health Service,Alice Springs Hospital
520,BARRIDJOWKENG,-12.34863,134.175289999999,0.1,37927.0,215.0,62.0,65.0,1.0,432.0,343.0,165.0,-1.0,Mala'la Primary Health Care Centre,Palmerston Regional Hospital
521,JI-MALAWA,-12.12168,134.673339999999,0.1,8.0,-1.0,-1.0,-1.0,-1.0,-1.0,-1.0,0.0,-1.0,,
522,KABALYARRA,-12.0694599999999,134.212789999999,0.1,37927.0,215.0,3.0,5.0,1.0,494.0,407.0,224.0,-1.0,Mala'la Primary Health Care Centre,Palmerston Regional Hospital
523,YAMINYI,-12.79026,134.356989999999,6.2,37927.0,215.0,126.0,215.0,2.0,435.0,469.0,308.0,-1.0,Mala'la Primary Health Care Centre,Katherine Hospital
524,YIKARRAKKAL,-12.5036299999999,134.1114,0.2,37927.0,215.0,80.0,103.0,1.0,452.0,382.0,184.0,-1.0,Mala'la Primary Health Care Centre,Palmerston Regional Hospital
525,RED LILY,-12.86449,132.56967,0.2,37927.0,183.0,55.0,44.0,2.0,260.0,174.0,5.0,-1.0,Jabiru Health Centre,Katherine Hospital
526,HUNTERS CAMP,-12.65001,132.8291,0.1,37927.0,183.0,5.0,5.0,1.0,232.0,156.0,1.0,-1.0,Jabiru Health Centre,Palmerston Regional Hospital
527,MUMUKALA,-12.6113699999999,132.66648,0.1,37927.0,183.0,24.0,19.0,1.0,216.0,147.0,2.0,-1.0,Jabiru Health Centre,Palmerston Regional Hospital
528,NGIPIN,-11.60003,133.45832,0.1,45.0,13.0,14.0,27.0,-1.0,-1.0,-1.0,0.0,-1.0,Warruwi,
529,BUYMARR,-12.6982699999999,136.636529999999,0.0,37927.0,23.0,100.0,102.0,4.0,104.0,103.0,88.0,-1.0,Laynhapuy Homelands,Gove District Hospital
530,GUTJANGAN,-12.0839,136.80857,9.1,37927.0,24.0,14.0,26.0,4.0,14.0,26.0,1.0,-1.0,Nhulunbuy Urban,Gove District Hospital
531,DHARAWA,-11.84938,135.846929999999,0.1,108.0,133.0,43.0,84.0,-1.0,-1.0,-1.0,0.0,-1.0,Galiwin'ku Health Centre,
532,DHAYIRRI,-11.9612,135.6187,0.1,108.0,133.0,10.0,19.0,-1.0,-1.0,-1.0,0.0,-1.0,Galiwin'ku Health Centre,
533,GALAWARRA,-12.0444,135.593729999999,1.2,108.0,19.0,7.0,13.0,-1.0,-1.0,-1.0,0.0,-1.0,Galiwin'ku (Elcho Island),
534,MUDHAMUL,-12.16089,136.172079999999,8.3,37927.0,23.0,149.0,230.0,4.0,153.0,231.0,129.0,-1.0,Laynhapuy Homelands,Gove District Hospital
535,BISHOPS BORE,-14.6145199999999,133.070529999999,0.1,9.0,-1.0,-1.0,-1.0,-1.0,-1.0,-1.0,0.0,-1.0,,
536,BAGHETTI,-13.75874,134.463719999999,5.1,37927.0,115.0,36.0,58.0,2.0,320.0,275.0,195.0,-1.0,Bulman Health Centre,Katherine Hospital
537,DOOLGARINA,-16.22917,136.766109999999,0.0,37927.0,32.0,63.0,74.0,2.0,719.0,491.0,60.0,-1.0,Borroloola,Katherine Hospital
538,IJARRA,-16.2151999999999,136.005009999999,0.1,37927.0,32.0,43.0,35.0,2.0,637.0,414.0,10.0,-1.0,Borroloola,Katherine Hospital
539,NORTH ISLAND,-15.5629399999999,136.845269999999,42.9,37927.0,109.0,96.0,164.0,2.0,751.0,583.0,30.0,-1.0,Borroloola Community Health Centre,Katherine Hospital
540,WADA WADALLA,-15.92948,136.428859999999,0.0,37927.0,32.0,26.0,44.0,2.0,681.0,462.0,23.0,-1.0,Borroloola,Katherine Hospital
541,MANANGOORA,-16.0515,136.860849999999,0.1,37927.0,32.0,92.0,114.0,2.0,748.0,532.0,89.0,-1.0,Borroloola,Katherine Hospital
542,WURLBU,-16.0746399999999,136.28415,0.1,37927.0,32.0,6.0,7.0,2.0,655.0,420.0,1.0,-1.0,Borroloola,Katherine Hospital
543,DILLINYA,-15.85698,132.04505,0.1,37927.0,208.0,235.0,185.0,2.0,252.0,195.0,26.0,-1.0,Binjari Community Health Centre,Katherine Hospital
544,LIJA MUKUMPARLA,-17.3320799999999,135.080739999999,11.3,37927.0,32.0,268.0,267.0,3.0,563.0,449.0,54.0,-1.0,Borroloola,Tennant Creek Hospital
545,KURRAYA,-19.76559,134.475449999999,0.1,37927.0,60.0,41.0,66.0,3.0,42.0,67.0,27.0,-1.0,Tennant Creek Outstations,Tennant Creek Hospital
546,ANKWELEYELENGKWE,-21.59675,133.755169999999,0.0,2.0,-1.0,-1.0,-1.0,-1.0,-1.0,-1.0,0.0,-1.0,,
547,JEMELKE,-21.53389,133.87473,0.1,37927.0,124.0,14.0,23.0,3.0,226.0,138.0,0.0,-1.0,Tara Community Health Centre,Tennant Creek Hospital
548,MINMARAMA PARK,-12.41118,130.849179999999,0.0,37927.0,178.0,2.0,2.0,0.0,10.0,9.0,0.0,9.0,Danila Dilba - Bagot Clinic,Royal Darwin Hospital
549,IRON STONE,-12.89499,130.43571,0.3,37927.0,167.0,86.0,75.0,1.0,122.0,98.0,10.0,-1.0,Remote Territory Healthcare,Palmerston Regional Hospital
550,MOBARN,-13.57939,134.354989999999,0.1,37927.0,115.0,16.0,31.0,2.0,321.0,266.0,200.0,-1.0,Bulman Health Centre,Katherine Hospital
551,MARIAH,-11.22968,132.38022,0.1,37927.0,3.0,233.0,326.0,1.0,511.0,513.0,244.0,-1.0,Gunbalanya (Oenpelli),Palmerston Regional Hospital
552,BLUE BUSH,-19.02411,133.735829999999,2.4,37927.0,60.0,133.0,140.0,3.0,134.0,141.0,41.0,-1.0,Tennant Creek Outstations,Tennant Creek Hospital
553,MILMILNGKAN,-12.5231599999999,134.247309999999,3.2,37927.0,215.0,87.0,116.0,1.0,458.0,395.0,188.0,-1.0,Mala'la Primary Health Care Centre,Palmerston Regional Hospital
554,LAKE KATHERINE,-14.27374,135.068049999999,0.1,37927.0,44.0,78.0,94.0,2.0,393.0,327.0,128.0,-1.0,Ngukurr (Roper River),Katherine Hospital
555,SABINA,-13.8603,129.93195,0.1,37927.0,14.0,8.0,16.0,1.0,321.0,315.0,102.0,-1.0,Woodyculpaldiya,Palmerston Regional Hospital
556,WULKABIMIRRI,-12.35538,134.90591,0.0,37927.0,211.0,4.0,5.0,4.0,414.0,364.0,383.0,-1.0,Ramingining Community Health Centre - Milbrim Road,Gove District Hospital
557,NGUYARRAMINI,-20.0871299999999,134.38577,0.1,2.0,-1.0,-1.0,-1.0,-1.0,-1.0,-1.0,0.0,-1.0,,
558,PUNJARRIJI,-20.31062,134.50807,0.0,37927.0,60.0,108.0,107.0,3.0,109.0,108.0,30.0,-1.0,Tennant Creek Outstations,Tennant Creek Hospital
559,BLOODWOOD BORE,-25.76764,134.288299999999,0.4,37927.0,64.0,38.0,39.0,5.0,384.0,276.0,109.0,-1.0,Aputula(Finke),Alice Springs Hospital
560,BEER ST BORE,-25.58297,134.525649999999,3.3,37927.0,64.0,14.0,26.0,5.0,432.0,337.0,155.0,-1.0,Aputula(Finke),Alice Springs Hospital
561,HALFWAY CAMP,-25.69492,134.362629999999,0.1,37927.0,64.0,28.0,31.0,5.0,395.0,290.0,121.0,-1.0,Aputula(Finke),Alice Springs Hospital
562,CHARLOTTE WATERS,-25.9142399999999,134.89274,0.0,37927.0,64.0,60.0,89.0,5.0,479.0,401.0,205.0,-1.0,Aputula(Finke),Alice Springs Hospital
563,MCDONALDS YARD,-17.7823899999999,130.592109999999,0.0,37927.0,37.0,53.0,93.0,2.0,517.0,394.0,52.0,-1.0,Kalkaringi (Wave Hill),Katherine Hospital
564,MALLARRAMI,-11.7754099999999,136.535629999999,0.1,6.0,-1.0,-1.0,-1.0,-1.0,-1.0,-1.0,0.0,-1.0,,
565,ALICE WELL,-24.8812299999999,134.22962,0.0,37927.0,81.0,29.0,58.0,5.0,232.0,222.0,130.0,-1.0,Titjikala (Maryvale),Alice Springs Hospital
566,IRRMARNE,-21.6540499999999,136.394749999999,0.1,37927.0,130.0,146.0,150.0,3.0,454.0,389.0,280.0,-1.0,Ampilatwatja Health Centre,Tennant Creek Hospital
567,PANTYINTEME,-24.4501099999999,133.112069999999,0.0,37927.0,151.0,139.0,115.0,5.0,145.0,119.0,23.0,-1.0,Alukura Women's Health Clinic,Alice Springs Hospital
568,MT EAGLEBEAK,-22.9564,135.19891,0.2,37927.0,114.0,32.0,32.0,5.0,247.0,178.0,72.0,-1.0,Atitjere (Hearts Range) Community Health Centre,Alice Springs Hospital
569,LIZARD BORE,-23.3003399999999,131.134649999999,0.0,37927.0,74.0,17.0,20.0,5.0,326.0,280.0,187.0,-1.0,Mt Liebig (Amunturrngu),Alice Springs Hospital
570,MURRANJI,-16.8359799999999,132.810699999999,0.5,37927.0,57.0,185.0,154.0,2.0,389.0,277.0,75.0,-1.0,Elliot,Katherine Hospital
571,PERTARRATENGE,-24.4132599999999,133.319559999999,2.0,37927.0,151.0,111.0,79.0,5.0,117.0,83.0,7.0,-1.0,Alukura Women's Health Clinic,Alice Springs Hospital
572,PETYALE,-21.99972,133.433629999999,0.2,37927.0,90.0,19.0,15.0,5.0,214.0,132.0,4.0,-1.0,Ti Tree Community Health Centre,Alice Springs Hospital
573,RUTJINGKA,-23.91581,132.815269999999,0.0,37927.0,76.0,7.0,9.0,5.0,124.0,96.0,2.0,-1.0,Hermannsburg (Ntaria),Alice Springs Hospital
574,YULARA PULKA,-25.2545499999999,130.891079999999,0.0,37927.0,87.0,14.0,23.0,5.0,453.0,303.0,9.0,-1.0,Yulara(Uluru),Alice Springs Hospital
575,YALUKUN,-12.2625099999999,136.00585,0.1,37927.0,188.0,46.0,92.0,4.0,264.0,280.0,247.0,-1.0,Gapuwiyak Community Health Centre,Gove District Hospital
576,BARDALUMBA,-13.8244499999999,136.4489,0.0,247.0,16.0,7.0,9.0,-1.0,-1.0,-1.0,0.0,-1.0,Alyangula,
577,GULNGARRING,-13.13876,131.098109999999,0.0,37927.0,0.0,12.0,9.0,1.0,83.0,52.0,1.0,-1.0,Adelaide River,Palmerston Regional Hospital
578,WURANKUWU,-11.61652,130.277629999999,0.1,128.0,15.0,62.0,122.0,-1.0,-1.0,-1.0,0.0,-1.0,Wurrumiyanga (Nguiu),
579,NGARNKA,-20.17566,129.90876,0.1,37927.0,155.0,317.0,258.0,5.0,613.0,454.0,226.0,-1.0,Yuendumu Community Health Centre,Alice Springs Hospital
580,KATJUTARI,-23.7408499999999,132.004739999999,0.0,37927.0,76.0,96.0,120.0,5.0,221.0,214.0,38.0,-1.0,Hermannsburg (Ntaria),Alice Springs Hospital
581,LUNTHARRA,-23.7354299999999,132.04497,0.0,37927.0,76.0,92.0,112.0,5.0,217.0,206.0,34.0,-1.0,Hermannsburg (Ntaria),Alice Springs Hospital
582,MERRAL NTARRAKALA,-23.9141799999999,132.828649999999,0.1,37927.0,76.0,8.0,10.0,5.0,125.0,97.0,3.0,-1.0,Hermannsburg (Ntaria),Alice Springs Hospital
583,NATJITNAMA,-24.0211299999999,132.98113,0.1,2.0,-1.0,-1.0,-1.0,-1.0,-1.0,-1.0,0.0,-1.0,,
584,RARANGANTJUTA,-23.98488,133.14814,3.6,37927.0,76.0,47.0,41.0,5.0,86.0,70.0,0.0,70.0,Hermannsburg (Ntaria),Alice Springs Hospital
585,MOUNT TWELLAR,-23.5419799999999,133.62279,0.0,37927.0,180.0,45.0,34.0,5.0,48.0,36.0,4.0,-1.0,Purple House Primary Health Care,Alice Springs Hospital
586,WATARU,-24.85858,129.059359999999,0.1,37927.0,161.0,4.0,5.0,5.0,674.0,488.0,123.0,-1.0,Kaltukatjara (Docker River) Community Health Centre,Alice Springs Hospital
587,OONDALOO,-24.8871499999999,129.064539999999,0.0,37927.0,161.0,3.0,4.0,5.0,676.0,490.0,123.0,-1.0,Kaltukatjara (Docker River) Community Health Centre,Alice Springs Hospital
588,EAGLE VALLEY,-24.92999,129.09845,1.0,37927.0,161.0,8.0,16.0,5.0,681.0,502.0,127.0,-1.0,Kaltukatjara (Docker River) Community Health Centre,Alice Springs Hospital
589,TJAUWATA,-24.91526,129.12181,1.3,37927.0,161.0,9.0,18.0,5.0,682.0,504.0,128.0,-1.0,Kaltukatjara (Docker River) Community Health Centre,Alice Springs Hospital
590,EMU POINT,-14.1702099999999,130.327769999999,0.1,37927.0,103.0,43.0,59.0,1.0,291.0,239.0,73.0,-1.0,Peppimenarti Health Centre,Palmerston Regional Hospital
591,KELERRK,-13.95783,130.32647,0.2,37927.0,103.0,55.0,66.0,1.0,270.0,213.0,52.0,-1.0,Peppimenarti Health Centre,Palmerston Regional Hospital
592,MULINGI,-13.92666,129.95077,0.2,37927.0,203.0,16.0,32.0,1.0,323.0,319.0,105.0,-1.0,Woodycupaldiya Community Health Centre,Palmerston Regional Hospital
593,NADILMUK,-11.9938399999999,134.294539999999,0.1,37927.0,215.0,24.0,37.0,1.0,500.0,421.0,233.0,-1.0,Mala'la Primary Health Care Centre,Palmerston Regional Hospital
594,NABBARLA KUNINDABBA,-12.0612499999999,134.402249999999,0.0,37927.0,215.0,24.0,36.0,1.0,499.0,419.0,232.0,-1.0,Mala'la Primary Health Care Centre,Palmerston Regional Hospital
595,BARRKIRA,-12.0086,136.4649,0.1,37927.0,23.0,139.0,210.0,4.0,143.0,211.0,127.0,-1.0,Laynhapuy Homelands,Gove District Hospital
596,WATDAGAWUY,-11.93961,135.700739999999,0.1,108.0,133.0,23.0,44.0,-1.0,-1.0,-1.0,0.0,-1.0,Galiwin'ku Health Centre,
597,WANAKUTJA,-11.10539,132.511059999999,0.0,62.0,144.0,10.0,19.0,-1.0,-1.0,-1.0,0.0,-1.0,Red Lily Health Service,
598,TIMOR SPRINGS,-11.09665,132.57399,0.0,62.0,144.0,8.0,17.0,-1.0,-1.0,-1.0,0.0,-1.0,Red Lily Health Service,
599,SANDY BAY,-11.2071899999999,132.580269999999,0.5,62.0,7.0,9.0,18.0,-1.0,-1.0,-1.0,0.0,-1.0,Minjilang,
600,ARRGAMURRMUR,-11.17399,132.61015,0.0,62.0,7.0,13.0,25.0,-1.0,-1.0,-1.0,0.0,-1.0,Minjilang,
601,MARRAMARRANI,-11.30261,132.553409999999,0.1,62.0,7.0,21.0,41.0,-1.0,-1.0,-1.0,0.0,-1.0,Minjilang,
602,ADJAMARRAGU,-11.1518199999999,132.47559,0.1,62.0,7.0,14.0,28.0,-1.0,-1.0,-1.0,0.0,-1.0,Minjilang,
603,DHAMBALA,-12.0526,135.5609,0.0,108.0,19.0,4.0,6.0,-1.0,-1.0,-1.0,0.0,-1.0,Galiwin'ku (Elcho Island),
604,MANDEDJKADJANG,-12.26454,134.03056,0.1,37927.0,215.0,88.0,96.0,1.0,414.0,329.0,147.0,-1.0,Mala'la Primary Health Care Centre,Palmerston Regional Hospital
605,YILILA,-13.6820399999999,135.91308,0.0,37927.0,45.0,97.0,114.0,4.0,353.0,340.0,337.0,-1.0,Numbulwar,Gove District Hospital
606,MARRKALAWA,-13.57423,135.713099999999,0.1,37927.0,45.0,99.0,101.0,4.0,321.0,293.0,305.0,-1.0,Numbulwar,Gove District Hospital
607,PATONGA (HOMESTEAD),-12.9580299999999,132.580469999999,0.1,37927.0,183.0,54.0,50.0,2.0,255.0,176.0,9.0,-1.0,Jabiru Health Centre,Katherine Hospital
608,CONNELLS LAGOON,-18.89143,136.54802,0.0,37927.0,60.0,426.0,295.0,3.0,427.0,296.0,73.0,-1.0,Tennant Creek Outstations,Tennant Creek Hospital
609,MAPERTE,-22.5415899999999,136.38103,0.1,37927.0,187.0,43.0,86.0,5.0,402.0,351.0,228.0,-1.0,Bonya Community Health Centre,Alice Springs Hospital
610,HATCHES CREEK,-20.8460599999999,135.21349,0.0,37927.0,209.0,60.0,61.0,3.0,278.0,214.0,105.0,-1.0,Epenarra Health Centre,Tennant Creek Hospital
611,ILUWURRU,-19.0322199999999,136.65003,0.1,37927.0,152.0,330.0,307.0,3.0,446.0,315.0,91.0,-1.0,Alpurrurulam (Lake Nash) Community Health Centre,Tennant Creek Hospital
612,KURNTAPURRA,-19.3917699999999,135.397879999999,0.2,37927.0,60.0,160.0,103.0,3.0,161.0,104.0,5.0,-1.0,Tennant Creek Outstations,Tennant Creek Hospital
613,NAMERINNI,-18.5681799999999,133.715489999999,1.1,6.0,-1.0,-1.0,-1.0,-1.0,-1.0,-1.0,0.0,-1.0,,
614,NGURRARA,-19.42135,135.405529999999,0.1,37927.0,60.0,157.0,98.0,3.0,158.0,99.0,2.0,-1.0,Tennant Creek Outstations,Tennant Creek Hospital
615,WAKURLPU,-20.6322899999999,134.21688,0.0,37927.0,54.0,59.0,39.0,3.0,114.0,70.0,0.0,-1.0,Ali Curung,Tennant Creek Hospital
616,FOXALLS WELL,-23.0738299999999,134.82355,0.0,37927.0,114.0,25.0,36.0,5.0,218.0,166.0,50.0,-1.0,Atitjere (Hearts Range) Community Health Centre,Alice Springs Hospital
617,ARRUNGE,-22.49935,132.28147,0.1,37927.0,86.0,73.0,64.0,5.0,242.0,174.0,10.0,-1.0,Yuendumu,Alice Springs Hospital
618,FOSSIL HEAD,-14.53778,129.521269999999,0.2,37927.0,12.0,38.0,74.0,1.0,415.0,378.0,176.0,-1.0,Wadeye (Port Keats),Palmerston Regional Hospital
619,KUBUYIRR,-14.12168,129.784989999999,0.0,37927.0,138.0,57.0,100.0,1.0,411.0,381.0,172.0,-1.0,Wadeye Community Health Centre,Palmerston Regional Hospital
620,NGARINTHI,-14.46204,129.42257,0.1,2.0,-1.0,-1.0,-1.0,-1.0,-1.0,-1.0,0.0,-1.0,,
621,OLD MISSION,-14.12918,129.498069999999,0.1,37927.0,12.0,19.0,36.0,1.0,400.0,346.0,158.0,-1.0,Wadeye (Port Keats),Palmerston Regional Hospital
622,NGUNTHAK,-14.4044499999999,129.361829999999,0.1,37927.0,12.0,34.0,67.0,1.0,411.0,371.0,172.0,-1.0,Wadeye (Port Keats),Palmerston Regional Hospital
623,ANGATYEPE,-23.745,133.7275,0.3,37927.0,197.0,16.0,14.0,5.0,20.0,17.0,1.0,-1.0,Larapinta Clinic,Alice Springs Hospital
624,ANGKERLE ARRENGE (A),-23.7459899999999,133.480079999999,0.0,37927.0,197.0,44.0,38.0,5.0,47.0,41.0,1.0,-1.0,Larapinta Clinic,Alice Springs Hospital
625,ANGKERLE ARRENGE (B),-23.7389399999999,133.47969,0.1,37927.0,197.0,45.0,39.0,5.0,48.0,42.0,0.0,-1.0,Larapinta Clinic,Alice Springs Hospital
626,ARRILLHJERE,-23.7798099999999,133.62608,0.1,37927.0,197.0,27.0,22.0,5.0,31.0,25.0,1.0,-1.0,Larapinta Clinic,Alice Springs Hospital
627,ELITJIA,-23.7767699999999,133.615829999999,0.0,37927.0,197.0,27.0,21.0,5.0,31.0,24.0,1.0,-1.0,Larapinta Clinic,Alice Springs Hospital
628,IRRILTYERE (A),-23.7512899999999,133.69467,0.0,37927.0,197.0,19.0,15.0,5.0,22.0,18.0,0.0,-1.0,Larapinta Clinic,Alice Springs Hospital
629,IRRILTYERE (B),-23.7610499999999,133.68564,0.0,37927.0,197.0,21.0,17.0,5.0,24.0,20.0,1.0,-1.0,Larapinta Clinic,Alice Springs Hospital
630,ITEYEPINTYE,-23.7646599999999,133.59994,0.1,37927.0,197.0,29.0,23.0,5.0,33.0,26.0,1.0,-1.0,Larapinta Clinic,Alice Springs Hospital
631,ITPERLYENGE,-23.76361,133.61103,0.1,37927.0,197.0,29.0,23.0,5.0,33.0,26.0,1.0,-1.0,Larapinta Clinic,Alice Springs Hospital
632,KWALE KWALE,-23.76972,133.57451,0.0,37927.0,197.0,31.0,25.0,5.0,35.0,28.0,1.0,-1.0,Larapinta Clinic,Alice Springs Hospital
633,PAYEPERRENTYE (B),-23.77074,133.556209999999,0.1,37927.0,197.0,33.0,26.0,5.0,37.0,29.0,1.0,-1.0,Larapinta Clinic,Alice Springs Hospital
634,PERTE THERRE,-23.7581799999999,133.64573,0.0,37927.0,197.0,24.0,19.0,5.0,27.0,22.0,1.0,-1.0,Larapinta Clinic,Alice Springs Hospital
635,TNERTE,-23.7471499999999,133.72011,0.3,37927.0,197.0,17.0,15.0,5.0,21.0,18.0,1.0,-1.0,Larapinta Clinic,Alice Springs Hospital
636,TWETYE (A),-23.74034,133.705389999999,0.1,37927.0,197.0,18.0,14.0,5.0,21.0,17.0,1.0,-1.0,Larapinta Clinic,Alice Springs Hospital
637,TWETYE (B),-23.7429199999999,133.696329999999,0.1,37927.0,197.0,18.0,15.0,5.0,22.0,18.0,1.0,-1.0,Larapinta Clinic,Alice Springs Hospital
638,TYWENPE (A),-23.72634,133.729279999999,0.0,37927.0,197.0,15.0,13.0,5.0,19.0,16.0,1.0,-1.0,Larapinta Clinic,Alice Springs Hospital
639,INBINA ATWATYE,-23.74118,133.713239999999,0.2,37927.0,197.0,16.0,13.0,5.0,20.0,16.0,0.0,-1.0,Larapinta Clinic,Alice Springs Hospital
640,TYWENPE (C),-23.74426,133.68787,0.1,37927.0,197.0,19.0,16.0,5.0,23.0,19.0,1.0,-1.0,Larapinta Clinic,Alice Springs Hospital
641,TYWENPE (D),-23.7648,133.672259999999,0.0,37927.0,197.0,22.0,18.0,5.0,26.0,21.0,1.0,-1.0,Larapinta Clinic,Alice Springs Hospital
642,ITCHY KOO PARK,-23.7666699999999,133.65816,0.1,37927.0,197.0,24.0,20.0,5.0,27.0,23.0,1.0,-1.0,Larapinta Clinic,Alice Springs Hospital
643,KUDANTIGA,-14.4291799999999,129.42918,0.1,2.0,-1.0,-1.0,-1.0,-1.0,-1.0,-1.0,0.0,-1.0,,
644,WUMIRDIN,-14.1890699999999,129.563189999999,0.1,37927.0,138.0,29.0,45.0,1.0,384.0,326.0,145.0,-1.0,Wadeye Community Health Centre,Palmerston Regional Hospital
645,BARRARATJPI,-13.2185799999999,136.391379999999,2.1,37927.0,21.0,153.0,207.0,4.0,191.0,233.0,173.0,-1.0,Gapuwiyak,Gove District Hospital
646,YARTALU YARTALU,-20.57253,130.355279999999,0.1,37927.0,155.0,250.0,200.0,5.0,545.0,395.0,159.0,-1.0,Yuendumu Community Health Centre,Alice Springs Hospital
647,PWERTE MARNTE MARNTE,-24.3733799999999,133.719819999999,0.4,37927.0,81.0,66.0,71.0,5.0,142.0,106.0,41.0,-1.0,Titjikala (Maryvale),Alice Springs Hospital
648,KALUMBULANI,-16.8772,131.21949,0.1,37927.0,46.0,15.0,29.0,2.0,421.0,322.0,36.0,-1.0,Nitjpurru (Pigeon Hole),Katherine Hospital
649,DOOJUM,-15.72519,129.15921,0.1,37927.0,33.0,165.0,155.0,2.0,754.0,596.0,220.0,-1.0,Bulla,Katherine Hospital
650,BURTA WURTA,-17.5359699999999,130.47592,7.0,37927.0,37.0,59.0,59.0,2.0,523.0,360.0,51.0,-1.0,Kalkaringi (Wave Hill),Katherine Hospital
651,GIMBAT,-13.5785399999999,132.60772,0.1,37927.0,47.0,115.0,137.0,2.0,208.0,192.0,44.0,-1.0,Pine Creek,Katherine Hospital
652,BANATJARL,-14.47668,132.651399999999,0.1,37927.0,97.0,57.0,64.0,2.0,66.0,68.0,20.0,-1.0,Sunrise Health Barunga Clinic,Katherine Hospital
653,KALPITAPTA,-20.8993599999999,135.35397,0.0,37927.0,209.0,67.0,91.0,3.0,275.0,264.0,187.0,-1.0,Epenarra Health Centre,Tennant Creek Hospital
654,SNAKE WELL,-23.1594599999999,133.915289999999,0.1,37927.0,180.0,75.0,73.0,5.0,77.0,75.0,27.0,-1.0,Purple House Primary Health Care,Alice Springs Hospital
655,BUNHANURA,-12.37449,135.722209999999,0.0,37927.0,188.0,18.0,36.0,4.0,236.0,224.0,219.0,-1.0,Gapuwiyak Community Health Centre,Gove District Hospital
656,FITZROY STATION,-15.56298,130.93431,0.0,37927.0,49.0,71.0,49.0,2.0,549.0,424.0,185.0,-1.0,Timber Creek,Katherine Hospital
657,MENNGEN,-15.3569599999999,131.273069999999,0.1,37927.0,49.0,153.0,125.0,2.0,631.0,500.0,203.0,-1.0,Timber Creek,Katherine Hospital
658,WIITIN,-19.54493,134.23657,0.2,37927.0,60.0,14.0,11.0,3.0,15.0,12.0,1.0,-1.0,Tennant Creek Outstations,Tennant Creek Hospital
659,SPOTTED TIGER,-23.04308,134.917609999999,0.0,37927.0,65.0,8.0,16.0,5.0,222.0,162.0,53.0,-1.0,Harts Range (Atitjere),Alice Springs Hospital
660,DHULMULMIYA,-12.5278099999999,136.725329999999,0.1,37927.0,23.0,101.0,107.0,4.0,105.0,109.0,89.0,-1.0,Laynhapuy Homelands,Gove District Hospital
661,DHANIYA,-12.55007,136.737909999999,0.2,37927.0,23.0,101.0,107.0,4.0,105.0,109.0,89.0,-1.0,Laynhapuy Homelands,Gove District Hospital
662,DALIWUY BAY,-12.34085,136.91835,1.1,37927.0,23.0,22.0,36.0,4.0,26.0,37.0,13.0,-1.0,Laynhapuy Homelands,Gove District Hospital
663,MOUNT JEAN,-13.5325899999999,134.171909999999,0.1,37927.0,115.0,26.0,47.0,2.0,327.0,279.0,207.0,-1.0,Bulman Health Centre,Katherine Hospital
664,SCOTT POINT,-13.75212,136.84751,0.8,2.0,-1.0,-1.0,-1.0,-1.0,-1.0,-1.0,0.0,-1.0,,
665,AKWALIRRUMANJA,-13.86346,136.77866,0.0,247.0,26.0,5.0,6.0,-1.0,-1.0,-1.0,0.0,-1.0,Umbakumba,
666,ANGWURA,-13.9194199999999,136.726089999999,0.1,247.0,26.0,19.0,22.0,-1.0,-1.0,-1.0,0.0,-1.0,Umbakumba,
667,IMPERRENTH,-21.21086,134.96858,1.6,37927.0,54.0,71.0,73.0,3.0,244.0,180.0,69.0,-1.0,Ali Curung,Tennant Creek Hospital
668,UMINYULUK,-13.8307299999999,130.05311,0.1,37927.0,203.0,10.0,20.0,1.0,309.0,291.0,91.0,-1.0,Woodycupaldiya Community Health Centre,Palmerston Regional Hospital
669,GARANYDJIRR,-12.28204,135.020949999999,0.1,37927.0,25.0,13.0,26.0,4.0,430.0,392.0,396.0,-1.0,Ramingining,Gove District Hospital
670,MU-GURTA,-12.25897,134.508139999999,0.0,3.0,-1.0,-1.0,-1.0,-1.0,-1.0,-1.0,0.0,-1.0,,
671,DJINKARR,-12.2128699999999,134.296259999999,0.1,37927.0,215.0,22.0,24.0,1.0,470.0,381.0,203.0,-1.0,Mala'la Primary Health Care Centre,Palmerston Regional Hospital
672,JARRAMAGORNDARRA,-12.29072,134.653109999999,0.0,37927.0,211.0,55.0,62.0,1.0,498.0,415.0,231.0,-1.0,Ramingining Community Health Centre - Milbrim Road,Palmerston Regional Hospital
673,KUMURRULU,-12.2717099999999,134.07048,0.1,37927.0,215.0,79.0,83.0,1.0,413.0,325.0,146.0,-1.0,Mala'la Primary Health Care Centre,Palmerston Regional Hospital
674,ARMORRAN,-11.7557499999999,133.381419999999,8.5,45.0,13.0,14.0,28.0,-1.0,-1.0,-1.0,0.0,-1.0,Warruwi,
675,NGARLU NGARLU,-11.8662899999999,133.40906,21.0,45.0,13.0,27.0,53.0,-1.0,-1.0,-1.0,0.0,-1.0,Warruwi,
676,TOMMYHAWK SWAMP,-22.1943099999999,134.592739999999,0.1,37927.0,62.0,25.0,29.0,5.0,227.0,198.0,130.0,-1.0,Urapuntja (Utopia),Alice Springs Hospital
677,MULGGAN,-14.92004,133.0739,0.1,37927.0,41.0,2.0,2.0,2.0,110.0,68.0,0.0,68.0,Mataranka,Katherine Hospital
678,COW LAGOON,-16.2075099999999,135.949619999999,0.0,37927.0,32.0,52.0,46.0,2.0,645.0,424.0,19.0,-1.0,Borroloola,Katherine Hospital
679,HINGSTONS PLACE,-19.6177299999999,134.197029999999,0.1,37927.0,60.0,4.0,4.0,3.0,5.0,5.0,1.0,-1.0,Tennant Creek Outstations,Tennant Creek Hospital
680,NAPAGUNPA,-19.10426,133.61851,0.1,37927.0,60.0,101.0,143.0,3.0,101.0,144.0,55.0,-1.0,Tennant Creek Outstations,Tennant Creek Hospital
681,PAKULKI,-19.5043799999999,134.418459999999,0.0,37927.0,60.0,52.0,43.0,3.0,53.0,44.0,8.0,-1.0,Tennant Creek Outstations,Tennant Creek Hospital
682,BUNI-INWUNBULUK,-11.4061299999999,132.825539999999,0.2,37927.0,3.0,163.0,187.0,1.0,442.0,374.0,175.0,-1.0,Gunbalanya (Oenpelli),Palmerston Regional Hospital
683,MURGENELLA PLAINS,-11.71041,132.91239,0.1,37927.0,3.0,165.0,190.0,1.0,443.0,377.0,176.0,-1.0,Gunbalanya (Oenpelli),Palmerston Regional Hospital
684,IRGUL POINT,-11.34201,132.52876,0.1,37927.0,3.0,188.0,236.0,1.0,466.0,422.0,199.0,-1.0,Gunbalanya (Oenpelli),Palmerston Regional Hospital
685,ADBANAE,-11.2416699999999,131.97531,9.3,37927.0,3.0,298.0,456.0,1.0,576.0,643.0,300.0,-1.0,Gunbalanya (Oenpelli),Palmerston Regional Hospital
686,KAPALGA,-12.69876,132.371129999999,0.2,37927.0,183.0,58.0,46.0,1.0,187.0,132.0,5.0,-1.0,Jabiru Health Centre,Palmerston Regional Hospital
687,DJIRRBIYAK,-12.72945,132.76363,0.1,37927.0,183.0,18.0,15.0,1.0,246.0,167.0,2.0,-1.0,Jabiru Health Centre,Palmerston Regional Hospital
688,WALANGURRMINY,-12.9748199999999,130.776139999999,0.1,37927.0,167.0,51.0,38.0,1.0,86.0,61.0,0.0,-1.0,Remote Territory Healthcare,Palmerston Regional Hospital
689,YAKALA,-23.8866799999999,132.6639,0.0,37927.0,76.0,17.0,16.0,5.0,142.0,110.0,2.0,-1.0,Hermannsburg (Ntaria),Alice Springs Hospital
690,UNDURANA 2A,-23.75918,132.105289999999,0.1,37927.0,76.0,85.0,98.0,5.0,210.0,191.0,27.0,-1.0,Hermannsburg (Ntaria),Alice Springs Hospital
691,BUDJANGA,-16.1794499999999,136.76818,0.0,37927.0,32.0,59.0,61.0,2.0,714.0,478.0,56.0,-1.0,Borroloola,Katherine Hospital
692,MILIBUNTHURRA,-15.9623099999999,136.423329999999,0.0,37927.0,32.0,23.0,38.0,2.0,678.0,455.0,19.0,-1.0,Borroloola,Katherine Hospital
693,SANDRIDGE,-16.04184,136.34854,0.0,37927.0,32.0,12.0,17.0,2.0,668.0,434.0,9.0,-1.0,Borroloola,Katherine Hospital
694,JIMILAYA,-15.6088499999999,136.674669999999,24.5,37927.0,109.0,78.0,127.0,2.0,733.0,546.0,30.0,-1.0,Borroloola Community Health Centre,Katherine Hospital
695,MOOLOOWA,-15.62411,137.000529999999,39.1,37927.0,32.0,142.0,215.0,2.0,798.0,632.0,100.0,-1.0,Borroloola,Katherine Hospital
696,UGUIE,-15.83006,137.041419999999,23.2,37927.0,32.0,127.0,183.0,2.0,782.0,601.0,100.0,-1.0,Borroloola,Katherine Hospital
697,GARAWA 2,-16.0739,136.3189,0.0,37927.0,32.0,4.0,4.0,2.0,659.0,422.0,0.0,422.0,Borroloola,Katherine Hospital
698,GARRINJINNY,-16.6749599999999,135.64751,0.4,37927.0,32.0,127.0,91.0,2.0,540.0,348.0,4.0,-1.0,Borroloola,Katherine Hospital
699,MARINIRI,-16.6700099999999,136.901399999999,0.1,37927.0,48.0,14.0,27.0,2.0,786.0,583.0,128.0,-1.0,Robinson River,Katherine Hospital
700,WULABURRI,-16.4064,136.84162,0.0,37927.0,48.0,55.0,109.0,2.0,783.0,577.0,125.0,-1.0,Robinson River,Katherine Hospital
701,WUNDIGALLA,-16.4755699999999,137.04307,0.0,37927.0,48.0,58.0,105.0,2.0,763.0,526.0,104.0,-1.0,Robinson River,Katherine Hospital
702,PANTHARRPILENHE,-23.37058,134.789209999999,0.4,37927.0,210.0,116.0,117.0,5.0,127.0,125.0,51.0,-1.0,Amoonguna Health Service,Alice Springs Hospital
703,WARLPEYANGKRERE,-22.5489399999999,136.991749999999,0.1,37927.0,66.0,103.0,106.0,5.0,456.0,360.0,282.0,-1.0,Bonya,Alice Springs Hospital
704,YINYIKAY,-12.2102399999999,136.229209999999,0.0,37927.0,23.0,141.0,213.0,4.0,145.0,215.0,129.0,-1.0,Laynhapuy Homelands,Gove District Hospital
705,KUMUNU,-18.76418,133.639459999999,0.1,4.0,-1.0,-1.0,-1.0,-1.0,-1.0,-1.0,0.0,-1.0,,
706,MUCKATY,-18.6393199999999,133.8959,0.0,37927.0,60.0,128.0,86.0,3.0,129.0,87.0,6.0,-1.0,Tennant Creek Outstations,Tennant Creek Hospital
707,YIRRA BANDOO,-12.5729299999999,131.022379999999,0.1,37927.0,136.0,8.0,9.0,1.0,16.0,14.0,1.0,-1.0,Coolalinga Medical Centre,Palmerston Regional Hospital
708,DARRANDARRA,-12.7409799999999,130.95462,0.6,37927.0,167.0,10.0,8.0,1.0,46.0,32.0,0.0,32.0,Remote Territory Healthcare,Palmerston Regional Hospital
709,10 MILE OUTSTATION,-22.46667,132.376579999999,0.1,37927.0,86.0,88.0,87.0,5.0,246.0,189.0,20.0,-1.0,Yuendumu,Alice Springs Hospital
710,ILEPARRATYE,-22.0214499999999,133.429309999999,1.1,37927.0,90.0,21.0,18.0,5.0,215.0,136.0,5.0,-1.0,Ti Tree Community Health Centre,Alice Springs Hospital
711,4 MILE CAMP,-11.7779799999999,130.59548,0.1,128.0,15.0,6.0,9.0,-1.0,-1.0,-1.0,0.0,-1.0,Wurrumiyanga (Nguiu),
712,KABULWARNAMYO,-12.7648599999999,133.844719999999,6.0,37927.0,215.0,147.0,236.0,1.0,518.0,515.0,245.0,-1.0,Mala'la Primary Health Care Centre,Palmerston Regional Hospital
713,LEICHARDT,-13.84806,130.279069999999,2.7,37927.0,203.0,36.0,73.0,1.0,282.0,237.0,61.0,-1.0,Woodycupaldiya Community Health Centre,Palmerston Regional Hospital
714,CORKWOOD BORE,-23.3122499999999,133.867919999999,0.2,37927.0,180.0,60.0,47.0,5.0,63.0,49.0,12.0,-1.0,Purple House Primary Health Care,Alice Springs Hospital
715,YULBARA,-15.7777,136.9997,24.0,37927.0,32.0,127.0,185.0,2.0,783.0,602.0,100.0,-1.0,Borroloola,Katherine Hospital
716,BABUNGI,-15.7444399999999,136.978579999999,26.0,37927.0,32.0,129.0,189.0,2.0,785.0,606.0,100.0,-1.0,Borroloola,Katherine Hospital
717,CONDER POINT,-11.6508799999999,131.32757,0.1,159.0,117.0,117.0,191.0,-1.0,-1.0,-1.0,0.0,-1.0,Milikapiti Community Health Centre,
718,TAKAPIMILIYI,-11.81528,130.80161,0.1,159.0,117.0,69.0,90.0,-1.0,-1.0,-1.0,0.0,-1.0,Milikapiti Community Health Centre,
719,PENYEME,-22.78725,135.67273,4.5,37927.0,114.0,89.0,114.0,5.0,303.0,260.0,125.0,-1.0,Atitjere (Hearts Range) Community Health Centre,Alice Springs Hospital
720,ATJI CREEK,-23.3994499999999,131.98389,0.1,37927.0,139.0,18.0,21.0,5.0,217.0,178.0,49.0,-1.0,Ikuntji Health Clinic,Alice Springs Hospital
721,ULUPERTE,-23.76408,135.695439999999,0.0,37927.0,210.0,220.0,262.0,5.0,231.0,270.0,197.0,-1.0,Amoonguna Health Service,Alice Springs Hospital
722,KEWULYI,-14.92699,134.00927,0.1,37927.0,43.0,37.0,38.0,2.0,232.0,159.0,6.0,-1.0,Minyerri (Hodgeson Downs),Katherine Hospital
723,ILPURLA,-24.31521,132.71446,0.0,37927.0,76.0,79.0,158.0,5.0,215.0,201.0,85.0,-1.0,Hermannsburg (Ntaria),Alice Springs Hospital
724,BURUDU,-19.5987399999999,136.92545,0.1,37927.0,152.0,259.0,236.0,3.0,434.0,284.0,52.0,-1.0,Alpurrurulam (Lake Nash) Community Health Centre,Tennant Creek Hospital
725,PUTJAMIRRA,-11.22457,130.36849,0.1,159.0,11.0,32.0,60.0,-1.0,-1.0,-1.0,0.0,-1.0,Pirlangimpi,
726,ANNERRE,-21.2616899999999,134.001159999999,0.0,37927.0,124.0,40.0,49.0,3.0,201.0,132.0,7.0,-1.0,Tara Community Health Centre,Tennant Creek Hospital
727,10 MILE,-20.4062799999999,134.75934,0.6,37927.0,58.0,75.0,87.0,3.0,155.0,131.0,66.0,-1.0,Epenarra (Wutunugurra),Tennant Creek Hospital
728,ARKANTA,-24.52148,132.81995,3.9,37927.0,151.0,180.0,138.0,5.0,186.0,142.0,52.0,-1.0,Alukura Women's Health Clinic,Alice Springs Hospital
729,GANIYARRANG,-14.475,135.02131,0.0,37927.0,44.0,50.0,50.0,2.0,365.0,283.0,100.0,-1.0,Ngukurr (Roper River),Katherine Hospital
730,IRKLANCHA ATWACHA,-23.6941,133.9052,0.0,37927.0,150.0,1.0,2.0,5.0,4.0,3.0,0.0,3.0,Sadadeen Clinic,Alice Springs Hospital
731,NAMA,-14.22945,129.858789999999,0.0,37927.0,9.0,23.0,37.0,1.0,360.0,301.0,121.0,-1.0,Palumpa,Palmerston Regional Hospital
732,BUFFALO FARM,-12.8136899999999,132.593819999999,0.4,37927.0,183.0,55.0,50.0,2.0,275.0,191.0,12.0,-1.0,Jabiru Health Centre,Katherine Hospital
733,HAWK DREAMING,-12.3705299999999,132.93914,0.1,37927.0,154.0,32.0,38.0,1.0,270.0,193.0,9.0,-1.0,Gunbalanya Community Health Centre,Palmerston Regional Hospital
734,KUNOTH,-23.6905399999999,133.880259999999,0.0,37927.0,132.0,1.0,1.0,5.0,2.0,2.0,0.0,2.0,Nganampa Health Council - Umuwa Office,Alice Springs Hospital
735,ADELAIDE RIVER,-13.2378,131.104729999999,0.1,37927.0,176.0,0.0,1.0,1.0,94.0,58.0,0.0,58.0,Adelaide River Community Health Centre,Palmerston Regional Hospital
736,ALICE SPRINGS,-23.6994,133.8807,0.1,37927.0,145.0,1.0,1.0,5.0,1.0,2.0,0.0,2.0,Central Clinic - Alice Springs,Alice Springs Hospital
737,ALYANGULA,-13.8506,136.4191,0.1,247.0,16.0,0.0,0.0,-1.0,-1.0,-1.0,0.0,-1.0,Alyangula,
738,BATCHELOR,-13.0462899999999,131.028829999999,0.0,37927.0,1.0,0.0,0.0,1.0,79.0,51.0,0.0,51.0,Batchelor,Palmerston Regional Hospital
739,BORROLOOLA,-16.0676,136.3069,0.0,37927.0,32.0,0.0,1.0,2.0,659.0,423.0,0.0,423.0,Borroloola,Katherine Hospital
740,CATTLE CREEK,-17.5974699999999,131.545209999999,0.2,37927.0,37.0,103.0,167.0,2.0,501.0,422.0,72.0,-1.0,Kalkaringi (Wave Hill),Katherine Hospital
741,DALY WATERS,-16.2533299999999,133.36932,0.0,37927.0,57.0,153.0,93.0,2.0,277.0,168.0,0.0,168.0,Elliot,Katherine Hospital
742,DARWIN,-12.46153,130.84244,0.0,37927.0,181.0,0.0,1.0,0.0,16.0,13.0,0.0,13.0,Sonic Health Plus Darwin Cbd,Royal Darwin Hospital
743,ELLIOTT,-17.5527,133.5408,0.1,37927.0,57.0,0.0,0.0,3.0,255.0,154.0,0.0,154.0,Elliot,Tennant Creek Hospital
744,JABIRU,-12.6752,132.833699999999,0.2,37927.0,4.0,0.0,1.0,1.0,236.0,158.0,0.0,158.0,Jabiru,Palmerston Regional Hospital
745,KATHERINE,-14.4667599999999,132.26677,0.1,37927.0,94.0,1.0,1.0,2.0,4.0,3.0,0.0,3.0,Katherine Community Health Centre,Katherine Hospital
746,KULGERA,-25.84084,133.300479999999,0.1,37927.0,69.0,148.0,98.0,5.0,275.0,167.0,0.0,-1.0,Imanpa(Mt Ebenezer),Alice Springs Hospital
747,KURINELLI,-20.6114,135.039999999999,0.1,37927.0,209.0,46.0,65.0,3.0,199.0,191.0,111.0,-1.0,Epenarra Health Centre,Tennant Creek Hospital
748,LARRIMAH,-15.5757,133.2163,0.0,37927.0,41.0,76.0,46.0,2.0,185.0,112.0,0.0,-1.0,Mataranka,Katherine Hospital
749,MOOLOOLOO,-16.33559,131.51505,0.1,37927.0,52.0,90.0,95.0,2.0,335.0,234.0,34.0,-1.0,Yarralin,Katherine Hospital
750,NGURRUTIJI,-20.1167,134.5167,0.8,37927.0,60.0,74.0,101.0,3.0,74.0,102.0,40.0,-1.0,Tennant Creek Outstations,Tennant Creek Hospital
751,NHULUNBUY,-12.187,136.7763,0.1,37927.0,24.0,0.0,0.0,4.0,1.0,1.0,0.0,1.0,Nhulunbuy Urban,Gove District Hospital
752,PALMERSTON,-12.4808,130.9841,0.0,37927.0,214.0,1.0,1.0,1.0,4.0,4.0,0.0,4.0,Palmerston Medical Clinic,Palmerston Regional Hospital
753,PINE CREEK,-13.8227,131.8344,0.1,37927.0,47.0,0.0,0.0,2.0,94.0,58.0,0.0,58.0,Pine Creek,Katherine Hospital
754,TENNANT CREEK,-19.6478,134.1902,0.0,37927.0,60.0,0.0,0.0,3.0,1.0,1.0,0.0,1.0,Tennant Creek Outstations,Tennant Creek Hospital
755,TI TREE,-22.1279,133.4171,0.1,37927.0,90.0,0.0,0.0,5.0,195.0,118.0,0.0,118.0,Ti Tree Community Health Centre,Alice Springs Hospital
756,TIMBER CREEK,-15.6625,130.4804,0.1,37927.0,49.0,0.0,1.0,2.0,532.0,408.0,180.0,-1.0,Timber Creek,Katherine Hospital
757,WARBY,-16.1531,136.734399999999,0.9,37927.0,32.0,57.0,61.0,2.0,713.0,478.0,53.0,-1.0,Borroloola,Katherine Hospital
758,YULARA,-25.2413299999999,130.98766,0.2,37927.0,87.0,0.0,1.0,5.0,445.0,285.0,0.0,285.0,Yulara(Uluru),Alice Springs Hospital
759,IMPADNA,-25.1545199999999,133.569469999999,0.2,37927.0,69.0,135.0,111.0,5.0,235.0,165.0,49.0,-1.0,Imanpa(Mt Ebenezer),Alice Springs Hospital
760,WOLLAGALONNG OUTSTATION,-21.36721,133.4395,0.6,37927.0,89.0,69.0,121.0,3.0,303.0,262.0,56.0,-1.0,Wilora Community Health Centre,Tennant Creek Hospital
761,NEWCASTLE WATERS,-17.3718,133.4103,0.1,37927.0,57.0,27.0,17.0,3.0,281.0,170.0,0.0,170.0,Elliot,Tennant Creek Hospital
762,MATARANKA,-14.9243499999999,133.067949999999,0.0,37927.0,41.0,0.0,0.0,2.0,109.0,66.0,0.0,66.0,Mataranka,Katherine Hospital
763,NGARILIKIRLANGU,-22.12594,131.77302,2.0,37927.0,86.0,31.0,50.0,5.0,324.0,247.0,29.0,-1.0,Yuendumu,Alice Springs Hospital
764,DOUBLE D,-21.2317699999999,134.94684,3.3,37927.0,54.0,69.0,72.0,3.0,241.0,180.0,65.0,-1.0,Ali Curung,Tennant Creek Hospital
765,SANDY BORE,-24.5575,132.524329999999,8.5,37927.0,82.0,81.0,159.0,5.0,210.0,190.0,71.0,-1.0,Utju(Areonga),Alice Springs Hospital
766,BLACK ROCK LANDING,-15.92062,136.51042,0.1,37927.0,109.0,44.0,40.0,2.0,699.0,459.0,25.0,-1.0,Borroloola Community Health Centre,Katherine Hospital
767,NGUNGA,-23.26484,131.2545,0.3,37927.0,74.0,3.0,5.0,5.0,315.0,272.0,173.0,-1.0,Mt Liebig (Amunturrngu),Alice Springs Hospital
768,CRABHOLE,-16.2152499999999,137.09915,0.0,37927.0,32.0,98.0,125.0,2.0,753.0,543.0,94.0,-1.0,Borroloola,Katherine Hospital
769,SNAKE LAGOON,-16.2032199999999,136.913029999999,0.1,37927.0,32.0,76.0,81.0,2.0,731.0,499.0,72.0,-1.0,Borroloola,Katherine Hospital
770,WALLACES LAGOON,-16.1226699999999,136.6356,2.0,37927.0,32.0,44.0,46.0,2.0,699.0,464.0,39.0,-1.0,Borroloola,Katherine Hospital
771,BRUMBY PLAINS,-16.9602,129.10889,2.7,37927.0,37.0,294.0,296.0,2.0,757.0,598.0,290.0,-1.0,Kalkaringi (Wave Hill),Katherine Hospital
772,GULARDI,-15.71326,130.48399,0.0,37927.0,49.0,7.0,5.0,2.0,526.0,405.0,180.0,-1.0,Timber Creek,Katherine Hospital
773,IRROWA,-24.6251499999999,132.331029999999,0.6,37927.0,84.0,104.0,80.0,5.0,227.0,176.0,97.0,245.0,Watarrka(Kings Canyon),Alice Springs Hospital
774,ILJITJARRI,-24.5340099999999,132.492149999999,9.1,37927.0,84.0,122.0,107.0,5.0,226.0,184.0,87.0,-1.0,Watarrka(Kings Canyon),Alice Springs Hospital
775,ALYARPERE,-23.70776,134.493319999999,1.0,37927.0,210.0,73.0,68.0,5.0,84.0,76.0,49.0,-1.0,Amoonguna Health Service,Alice Springs Hospital
776,URRERMERNE,-23.9629,134.06913,0.8,37927.0,151.0,33.0,28.0,5.0,39.0,32.0,11.0,-1.0,Alukura Women's Health Clinic,Alice Springs Hospital
777,20 MILE,-16.0853499999999,136.548259999999,0.3,37927.0,32.0,31.0,32.0,2.0,686.0,449.0,27.0,-1.0,Borroloola,Katherine Hospital
778,BUSHCAMP,-19.7171099999999,134.154079999999,0.7,37927.0,60.0,10.0,11.0,3.0,10.0,12.0,3.0,-1.0,Tennant Creek Outstations,Tennant Creek Hospital
779,ATNARPA,-23.5235799999999,134.789109999999,0.1,37927.0,210.0,112.0,108.0,5.0,123.0,116.0,47.0,-1.0,Amoonguna Health Service,Alice Springs Hospital
780,LILY HOLE,-17.24737,133.74957,1.3,37927.0,57.0,57.0,89.0,3.0,311.0,242.0,38.0,-1.0,Elliot,Tennant Creek Hospital
781,MINJILANG,-11.1507,132.578599999999,0.0,62.0,7.0,0.0,0.0,-1.0,-1.0,-1.0,0.0,-1.0,Minjilang,
782,BRUMBY PLAINS,-17.053,129.01,2.3,37927.0,37.0,272.0,253.0,2.0,735.0,554.0,269.0,-1.0,Kalkaringi (Wave Hill),Katherine Hospital
