community,community_type,lat,lon,coverage_2021,on_mobile_sheet,snap_km,clinic_road_km,clinic_minutes,hospital_road_km,hospital_minutes,hospital_unsealed_km,hospital_minutes_sealed_only,nearest_clinic,nearest_hospital_ed,sealed_route_exists,far_from_road,cyclones_200km,severe_cyclones_100km,nearest_2022_site_km,nearest_2022_site,cell_type_2022,provider_2022,population_2022,nearest_2025_site_km,nearest_2025_carrier,nearest_2025_gen,can_call,nearest_own_clinic,nearest_own_clinic_km,region
Adelaide Bore,Family Outstation,-22.2148499999999,133.93607,Never recorded,False,0.1,59.0,64.0,252.0,180.0,57.0,,Ti Tree Community Health Centre,Alice Springs Hospital,False,False,2,0,52.03,,,,,53.06,Telstra,4G,Never recorded,Pmara Jutunta(6 Mile),52.03,Central Australia
Alyuen,Family Outstation,-22.66949,133.35147,Never recorded,False,0.1,54.0,35.0,135.0,84.0,2.0,,Pmara Jutunta(6 Mile),Alice Springs Hospital,False,False,0,0,21.79,,,,,2.82,Optus,3G/2G,Macro cell nearby,Pmara Jutunta(6 Mile),51.87,Central Australia
Akngwertnarre,Town Camp,-23.6928,133.861199999999,Never recorded,False,0.0,2.0,2.0,4.0,4.0,0.0,4.0,Larapinta Clinic,Alice Springs Hospital,True,False,0,0,11.17,,,,,0.85,Telstra,5G,Macro cell nearby,Amoonguna,11.17,Central Australia
Alkipi,Family Outstation,-23.27356,131.829239999999,Never recorded,False,0.0,13.0,23.0,256.0,219.0,117.0,,Papunya Community Health Centre,Alice Springs Hospital,False,False,1,0,7.03,,,,,13.3,Telstra,4G,Tower within 15km (2025),Papunya Community Health Centre,11.2,
Red Sandhill,Family Outstation,-24.0097399999999,132.852789999999,Never recorded,False,0.2,12.0,23.0,122.0,105.0,10.0,,Hermannsburg (Ntaria),Alice Springs Hospital,False,False,0,0,6.64,,,,,10.78,Telstra,4G,Tower within 15km (2025),Hermannsburg (Ntaria),10.59,Central Australia
Alpara,Family Outstation,-25.91526,131.21242,Never recorded,False,9.4,103.0,205.0,567.0,506.0,95.0,,Mutitjulu,Alice Springs Hospital,False,False,1,0,64.28,,,,,26.28,Telstra,4G,Never recorded,Mutitjulu,64.28,Central Australia
Injulkama,Family Outstation,-23.0762599999999,133.106729999999,Never recorded,False,0.1,134.0,138.0,137.0,140.0,37.0,,Purple House Primary Health Care,Alice Springs Hospital,False,False,0,0,59.88,,,,,53.87,Optus,3G/2G,Never recorded,Laramba (Napperby),70.3,Central Australia
Amoonguna,Major,-23.76632,133.93599,Has coverage,True,0.0,0.0,0.0,15.0,11.0,0.0,11.0,Amoonguna,Alice Springs Hospital,True,False,0,0,0.0,Amoonguna,Near a cell,OPTUS/TELSTRA,229.0,5.18,Optus,4G,Tower within 15km (2025),Amoonguna,0.0,Central Australia
Ampilatwatja,Major,-21.6566399999999,135.225089999999,Has coverage,True,0.1,0.0,1.0,315.0,253.0,141.0,,Ampilatwatja Health Centre,Tennant Creek Hospital,False,False,4,0,0.0,Ampilatwatja,Macro cell,TELSTRA,439.0,0.25,Telstra,4G,Macro cell nearby,Aherrenge (Ampilawatja),0.0,Barkly
Amputjuta,Family Outstation,-24.9295599999999,129.12287,Never recorded,False,0.4,8.0,16.0,681.0,502.0,128.0,,Kaltukatjara (Docker River) Community Health Centre,Alice Springs Hospital,False,False,2,0,7.4,,,,,7.68,Telstra,4G,Tower within 15km (2025),Kaltukatjara (Docker River),7.4,Central Australia
Angula,Family Outstation,-22.55781,134.216749999999,Never recorded,False,0.1,49.0,98.0,187.0,165.0,89.0,,Engawala (Alcoota),Alice Springs Hospital,False,False,1,0,36.61,,,,,36.46,Telstra,4G,Never recorded,Engawala (Alcoota),36.61,Central Australia
Angas Downs,Family Outstation,-25.0344699999999,132.27377,Never recorded,False,0.1,69.0,51.0,328.0,209.0,1.0,,Imanpa(Mt Ebenezer),Alice Springs Hospital,False,False,0,0,31.69,,,,,31.57,Telstra,4G,Never recorded,Imanpa(Mt Ebenezer),31.69,Central Australia
Anningie,Family Outstation,-21.83473,133.14445,Never recorded,False,0.1,57.0,52.0,252.0,169.0,42.0,,Ti Tree Community Health Centre,Alice Springs Hospital,False,False,2,0,34.47,,,,,43.45,Optus,4G,Never recorded,Nturiya(Ti-Tree Station),34.47,Central Australia
Indaringinya,Family Outstation,-21.67707,134.71992,Never recorded,False,0.0,53.0,85.0,303.0,297.0,186.0,,Urapuntja (Utopia),Alice Springs Hospital,False,False,4,0,39.44,,,,,45.92,Telstra,5G,Never recorded,Urapuntja (Utopia),46.02,Barkly
Anthelk Ewlpaye,Town Camp,-23.6897899999999,133.87932,Never recorded,False,0.0,1.0,1.0,3.0,2.0,0.0,2.0,Nganampa Health Council - Umuwa Office,Alice Springs Hospital,True,False,0,0,10.28,,,,,0.73,Telstra,4G,Macro cell nearby,Amoonguna,10.28,Central Australia
Anthepe,Town Camp,-23.7575,133.865499999999,Never recorded,False,0.2,2.0,2.0,8.0,6.0,0.0,6.0,Alukura Women's Health Clinic,Alice Springs Hospital,True,False,0,0,7.24,,,,,0.96,Telstra,4G,Macro cell nearby,Amoonguna,7.24,Central Australia
Sugar Creek,Family Outstation,-23.9497399999999,132.57363,Never recorded,False,0.1,28.0,39.0,153.0,133.0,14.0,,Hermannsburg (Ntaria),Alice Springs Hospital,False,False,0,0,10.95,,,,,20.63,Optus,4G,Never recorded,Hermannsburg (Ntaria),20.85,Central Australia
Aper Alwerrknge,Town Camp,-23.66835,133.870849999999,Never recorded,False,0.0,3.0,2.0,5.0,4.0,0.0,4.0,Purple House Primary Health Care,Alice Springs Hospital,True,False,0,0,12.75,,,,,0.54,Telstra,5G,Macro cell nearby,Amoonguna,12.75,Central Australia
Areyonga,Major,-24.0736099999999,132.270829999999,No coverage,False,0.0,0.0,1.0,215.0,173.0,45.0,,Utju(Areonga),Alice Springs Hospital,False,False,0,0,44.52,,,,,47.67,Optus,4G,Listed: no coverage,Utju(Areonga),0.0,Central Australia
Arrkapa,Family Outstation,-23.9824799999999,132.829369999999,Never recorded,False,0.3,8.0,15.0,133.0,109.0,7.0,,Hermannsburg (Ntaria),Alice Springs Hospital,False,False,0,0,2.89,Tjamangkurra,Near a cell,TELSTRA,5.0,6.98,Telstra,4G,Tower within 15km (2025),Hermannsburg (Ntaria),6.79,Central Australia
Artekerr,Family Outstation,-22.2902199999999,134.543119999999,Never recorded,False,0.3,37.0,53.0,229.0,202.0,132.0,,Urapuntja (Utopia),Alice Springs Hospital,False,False,2,0,32.79,,,,,32.95,Telstra,5G,Never recorded,Urapuntja (Utopia),32.79,Barkly
Atnwengerrpe,Family Outstation,-21.86956,134.99411,Never recorded,False,0.0,38.0,35.0,287.0,247.0,171.0,,Urapuntja (Utopia),Alice Springs Hospital,False,False,4,0,27.55,,,,,33.01,Telstra,5G,Never recorded,Urapuntja (Utopia),33.17,Barkly
Utily,Family Outstation,-23.4887699999999,131.873189999999,Never recorded,False,0.2,5.0,10.0,232.0,195.0,63.0,,Haasts Bluff (Ikuntji),Alice Springs Hospital,False,False,1,0,24.17,,,,,33.52,Telstra,4G,Never recorded,Haasts Bluff (Ikuntji),4.68,Central Australia
Blackwater,Family Outstation,-23.26181,131.89688,Never recorded,False,0.1,7.0,11.0,249.0,207.0,108.0,,Papunya Community Health Centre,Alice Springs Hospital,False,False,1,0,0.0,Blackwater,Near a cell,TELSTRA,30.0,8.34,Telstra,4G,Tower within 15km (2025),Papunya Community Health Centre,6.5,
Orrtipa-Thurra,Minor,-22.7845799999999,136.16829,Never recorded,False,0.0,0.0,0.0,372.0,292.0,197.0,,Bonya,Alice Springs Hospital,False,False,4,0,128.37,,,,,127.83,Telstra,4G,Never recorded,Bonya,0.0,Central Australia
Atneltyey,Family Outstation,-22.0368299999999,134.61166,Never recorded,False,0.0,22.0,39.0,246.0,222.0,149.0,,Urapuntja (Utopia),Alice Springs Hospital,False,False,4,0,17.74,,,,,17.81,Telstra,5G,Never recorded,Urapuntja (Utopia),17.74,Barkly
Mala,Family Outstation,-21.6949399999999,130.853309999999,Never recorded,False,0.1,125.0,123.0,421.0,319.0,45.0,,Yuendumu Community Health Centre,Alice Springs Hospital,False,False,5,0,115.32,,,,,110.81,Telstra,4G,Never recorded,Nyirippi(Waite Creek),110.66,Central Australia
Town Bore,Family Outstation,-23.35473,132.06416,Never recorded,False,0.1,25.0,28.0,224.0,185.0,55.0,,Ikuntji Health Clinic,Alice Springs Hospital,False,False,1,0,16.41,,,,,23.22,Telstra,4G,Never recorded,Haasts Bluff (Ikuntji),21.31,Central Australia
Engawala,Minor,-22.8025699999999,134.455469999999,Has coverage,True,0.0,0.0,0.0,182.0,128.0,27.0,,Engawala (Alcoota),Alice Springs Hospital,False,False,1,0,0.0,Engawala,Small cell,TELSTRA,146.0,0.15,Telstra,4G,Macro cell nearby,Engawala (Alcoota),0.0,Central Australia
Eight Mile,Family Outstation,-23.8869899999999,132.68279,Never recorded,False,0.1,18.0,17.0,142.0,111.0,3.0,,Hermannsburg (Ntaria),Alice Springs Hospital,False,False,0,0,0.14,Eight Mile,Near a cell,TELSTRA,6.0,11.35,Telstra,4G,Tower within 15km (2025),Hermannsburg (Ntaria),11.55,Central Australia
Ewyenper Atwatye,Town Camp,-23.7081,133.89974,Never recorded,False,0.0,1.0,2.0,3.0,3.0,0.0,3.0,Sadadeen Clinic,Alice Springs Hospital,True,False,0,0,7.45,,,,,1.04,Telstra,5G,Macro cell nearby,Amoonguna,7.45,Central Australia
Finke,Major,-25.5821,134.5779,Has coverage,True,0.0,0.0,0.0,421.0,313.0,146.0,,Aputula(Finke),Alice Springs Hospital,False,False,0,0,112.93,,,,,0.57,Telstra,4G,Macro cell nearby,Aputula(Finke),0.0,Central Australia
Gilbert Springs,Family Outstation,-23.9717699999999,132.480729999999,Never recorded,False,1.8,45.0,47.0,170.0,140.0,8.0,,Hermannsburg (Ntaria),Alice Springs Hospital,False,False,0,0,20.7,,,,,27.95,Optus,4G,Never recorded,Utju(Areonga),24.14,Central Australia
Parrulyu,Family Outstation,-20.4527599999999,130.90912,Never recorded,False,0.1,308.0,318.0,604.0,513.0,218.0,,Yuendumu Community Health Centre,Alice Springs Hospital,False,False,7,0,59.24,,,,,60.96,Telstra,4G,Never recorded,Willowra,197.82,Central Australia
Haasts Bluff,Major,-23.4473299999999,131.88129,No coverage,False,0.1,0.0,0.0,227.0,185.0,58.0,,Haasts Bluff (Ikuntji),Alice Springs Hospital,False,False,1,0,19.5,,,,,28.84,Telstra,4G,Listed: no coverage,Haasts Bluff (Ikuntji),0.0,Central Australia
Atitjere,Major,-22.9843,134.9341,Has coverage,True,0.1,1.0,1.0,217.0,150.0,44.0,,Harts Range (Atitjere),Alice Springs Hospital,False,False,2,0,0.0,Atitjere,Macro cell,TELSTRA,157.0,1.1,Telstra,4G,Macro cell nearby,Harts Range (Atitjere),0.0,Central Australia
Hermannsburg,Major,-23.9427,132.7787,Has coverage,True,0.1,0.0,0.0,127.0,96.0,0.0,96.0,Hermannsburg (Ntaria),Alice Springs Hospital,True,False,0,0,0.0,Hermannsburg,Macro cell,TELSTRA,491.0,0.2,Telstra,4G,Macro cell nearby,Hermannsburg (Ntaria),0.0,Central Australia
Green Valley,Family Outstation,-23.15051,131.738169999999,Never recorded,False,0.1,21.0,27.0,264.0,223.0,125.0,,Papunya Community Health Centre,Alice Springs Hospital,False,False,1,0,18.62,,,,,19.45,Telstra,4G,Never recorded,Papunya Community Health Centre,18.45,
Ilkarralalama,Family Outstation,-23.96461,132.465039999999,Never recorded,False,0.0,43.0,43.0,168.0,137.0,8.0,,Hermannsburg (Ntaria),Alice Springs Hospital,False,False,0,0,22.08,,,,,29.72,Optus,4G,Never recorded,Utju(Areonga),23.15,Central Australia
Dons Bore,Family Outstation,-22.2623299999999,131.920269999999,Never recorded,False,8.5,30.0,60.0,321.0,255.0,22.0,,Yuendumu,Alice Springs Hospital,False,False,4,0,0.0,Dons Bore,Near a cell,TELSTRA,8.0,12.56,Telstra,4G,Tower within 15km (2025),Yuendumu,12.9,Central Australia
New Ilparpa,Town Camp,-23.76576,133.870679999999,Never recorded,False,0.0,2.0,2.0,8.0,6.0,0.0,6.0,Alukura Women's Health Clinic,Alice Springs Hospital,True,False,0,0,6.65,,,,,1.39,Telstra,4G,Macro cell nearby,Amoonguna,6.65,Central Australia
Ilperle-Tyathe,Town Camp,-23.6656,133.861099999999,Never recorded,False,0.1,3.0,3.0,6.0,5.0,0.0,5.0,Purple House Primary Health Care,Alice Springs Hospital,True,False,0,0,13.55,,,,,0.52,Optus,4G,Macro cell nearby,Amoonguna,13.55,Central Australia
Ilpili,Family Outstation,-23.32393,130.36045,Never recorded,False,0.4,99.0,105.0,408.0,365.0,268.0,,Mt Liebig (Amunturrngu),Alice Springs Hospital,False,False,1,0,79.1,,,,,77.29,Telstra,4G,Never recorded,Nyirippi(Waite Creek),77.44,Central Australia
Ilyiperenye,Town Camp,-23.7438199999999,133.87079,Never recorded,False,0.0,1.0,1.0,6.0,4.0,0.0,4.0,Alukura Women's Health Clinic,Alice Springs Hospital,True,False,0,0,7.09,,,,,0.96,Telstra,5G,Macro cell nearby,Amoonguna,7.09,Central Australia
Imanpa,Major,-25.1305099999999,132.569989999999,Has coverage,True,0.1,0.0,0.0,272.0,171.0,6.0,,Imanpa(Mt Ebenezer),Alice Springs Hospital,False,False,0,0,0.0,Imanpa,Macro cell,TELSTRA,106.0,0.17,Telstra,4G,Macro cell nearby,Imanpa(Mt Ebenezer),0.0,Central Australia
Importna,Family Outstation,-23.9404799999999,132.743409999999,Never recorded,False,0.3,6.0,5.0,131.0,99.0,0.0,182.0,Hermannsburg (Ntaria),Alice Springs Hospital,True,False,0,0,0.0,Importna,Near a cell,TELSTRA,5.0,3.4,Telstra,4G,Tower within 15km (2025),Hermannsburg (Ntaria),3.59,Central Australia
Ininti,Family Outstation,-23.16827,129.15249,Never recorded,False,0.1,29.0,57.0,532.0,510.0,393.0,,Kintore,Alice Springs Hospital,False,False,2,0,26.81,,,,,26.65,Telstra,4G,Never recorded,Kintore,26.81,Central Australia
Injirramurri,Family Outstation,-22.4652299999999,131.129109999999,Never recorded,False,0.1,85.0,125.0,381.0,309.0,169.0,,Yuendumu Community Health Centre,Alice Springs Hospital,False,False,3,0,72.42,,,,,62.84,Telstra,4G,Never recorded,Nyirippi(Waite Creek),62.62,Central Australia
Intjartnama,Family Outstation,-24.0629199999999,132.920559999999,Never recorded,False,0.1,29.0,38.0,123.0,109.0,13.0,,Hermannsburg (Ntaria),Alice Springs Hospital,False,False,0,0,15.71,,,,,18.29,Telstra,5G,Never recorded,Wallace Rockhole,18.16,Central Australia
Five Mile,Family Outstation,-23.9184799999999,132.84834,Never recorded,False,1.8,9.0,12.0,125.0,99.0,2.0,,Hermannsburg (Ntaria),Alice Springs Hospital,False,False,0,0,0.0,Five Mile,Near a cell,TELSTRA,5.0,7.73,Telstra,4G,Tower within 15km (2025),Hermannsburg (Ntaria),7.57,Central Australia
Inyilingi,Family Outstation,-23.24973,131.42488,Never recorded,False,0.1,20.0,24.0,297.0,252.0,158.0,,Amunturrngu (Mt Liebig) Community Health Centre,Alice Springs Hospital,False,False,1,0,15.6,,,,,15.08,Telstra,4G,Never recorded,Mt Liebig (Amunturrngu),15.6,Central Australia
Ipolera,Family Outstation,-23.9886199999999,132.374069999999,Never recorded,False,0.1,57.0,60.0,182.0,153.0,13.0,,Hermannsburg (Ntaria),Alice Springs Hospital,False,False,0,0,31.68,,,,,37.91,Optus,4G,Never recorded,Utju(Areonga),14.12,Central Australia
Tinki,Family Outstation,-23.2733099999999,129.55768,Never recorded,False,0.1,23.0,46.0,504.0,472.0,365.0,,Kintore,Alice Springs Hospital,False,False,2,0,17.41,,,,,17.44,Telstra,4G,Never recorded,Kintore,17.41,Central Australia
Irrultja,Minor,-21.9799699999999,135.111279999999,Never recorded,False,0.1,56.0,71.0,305.0,283.0,188.0,,Urapuntja (Utopia),Alice Springs Hospital,False,False,4,0,30.89,,,,,36.56,Telstra,5G,Never recorded,Urapuntja (Utopia),36.7,Barkly
Itwiyethwenge,Town Camp,-23.6636299999999,133.871679999999,Never recorded,False,0.0,3.0,2.0,6.0,5.0,0.0,,Purple House Primary Health Care,Alice Springs Hospital,False,False,0,0,13.16,,,,,0.97,Optus,4G,Macro cell nearby,Amoonguna,13.16,Central Australia
Iwupataka,Minor,-23.7906099999999,133.503269999999,Never recorded,False,0.1,40.0,31.0,43.0,34.0,1.0,,Larapinta Clinic,Alice Springs Hospital,False,False,0,0,5.79,,,,,8.36,Telstra,4G,Tower within 15km (2025),Amoonguna,44.11,Central Australia
Kaltukatjara,Major,-24.87611,129.07916,Has coverage,True,0.4,0.0,1.0,673.0,487.0,121.0,,Kaltukatjara (Docker River) Community Health Centre,Alice Springs Hospital,False,False,2,0,0.0,Kaltukatjara,Macro cell,TELSTRA,195.0,0.41,Telstra,4G,Macro cell nearby,Kaltukatjara (Docker River),0.0,Central Australia
Kaporilya,Family Outstation,-23.93974,132.72029,Never recorded,False,0.2,9.0,9.0,134.0,102.0,1.0,,Hermannsburg (Ntaria),Alice Springs Hospital,False,False,0,0,0.04,Kaporilya,Near a cell,TELSTRA,5.0,5.75,Telstra,4G,Tower within 15km (2025),Hermannsburg (Ntaria),5.95,Central Australia
Karnte,Town Camp,-23.76437,133.864739999999,Never recorded,False,0.1,3.0,3.0,9.0,7.0,0.0,7.0,Alukura Women's Health Clinic,Alice Springs Hospital,True,False,0,0,7.25,,,,,1.52,Telstra,4G,Macro cell nearby,Amoonguna,7.25,Central Australia
Kintore,Major,-23.27591,129.387249999999,Has coverage,True,0.1,0.0,0.0,517.0,468.0,368.0,,Kintore,Alice Springs Hospital,False,False,2,0,0.0,Kintore,Macro cell,TELSTRA,381.0,0.31,Telstra,4G,Macro cell nearby,Kintore,0.0,Central Australia
Kulpitharra,Family Outstation,-23.7397399999999,132.00279,Never recorded,False,0.2,96.0,120.0,221.0,214.0,38.0,,Hermannsburg (Ntaria),Alice Springs Hospital,False,False,1,0,52.01,,,,,54.76,Optus,4G,Never recorded,Haasts Bluff (Ikuntji),34.79,Central Australia
Kunapula,Family Outstation,-25.1569699999999,129.234109999999,Never recorded,False,0.2,45.0,89.0,662.0,507.0,115.0,,Kaltukatjara (Docker River) Community Health Centre,Alice Springs Hospital,False,False,2,0,34.92,,,,,35.24,Telstra,4G,Never recorded,Kaltukatjara (Docker River),34.92,Central Australia
Kungkayunti,Family Outstation,-23.6264699999999,131.243709999999,Never recorded,False,0.1,46.0,91.0,303.0,337.0,134.0,,Mt Liebig (Amunturrngu),Alice Springs Hospital,False,False,1,0,37.93,,,,,41.5,Telstra,4G,Never recorded,Mt Liebig (Amunturrngu),40.19,Central Australia
Armstrongs,Family Outstation,-23.8791799999999,132.680009999999,Never recorded,False,0.1,18.0,18.0,143.0,111.0,3.0,,Hermannsburg (Ntaria),Alice Springs Hospital,False,False,0,0,0.78,Eight Mile,Near a cell,TELSTRA,6.0,12.08,Telstra,4G,Tower within 15km (2025),Hermannsburg (Ntaria),12.27,Central Australia
Kurkutjara,Family Outstation,-25.9417799999999,129.411149999999,Never recorded,False,3.3,171.0,342.0,666.0,670.0,172.0,,Kaltukatjara (Docker River) Community Health Centre,Alice Springs Hospital,False,False,2,0,123.1,,,,,33.81,Telstra,4G,Never recorded,Kaltukatjara (Docker River),123.1,Central Australia
Inkwelaye,Family Outstation,-22.0795099999999,134.831529999999,Never recorded,False,0.1,8.0,13.0,257.0,225.0,156.0,,Urapuntja (Utopia),Alice Springs Hospital,False,False,4,0,0.0,Inkwelaye,Near a cell,TELSTRA,30.0,5.79,Telstra,5G,Tower within 15km (2025),Urapuntja (Utopia),5.92,Barkly
Kwala,Family Outstation,-23.9272399999999,132.889739999999,Never recorded,False,0.1,13.0,13.0,118.0,92.0,2.0,,Hermannsburg (Ntaria),Alice Springs Hospital,False,False,0,0,4.32,,,,,11.6,Telstra,4G,Tower within 15km (2025),Hermannsburg (Ntaria),11.42,Central Australia
Labrapuntja,Family Outstation,-23.9118399999999,132.939259999999,Never recorded,False,0.1,20.0,25.0,122.0,102.0,8.0,,Hermannsburg (Ntaria),Alice Springs Hospital,False,False,0,0,9.27,,,,,16.85,Telstra,4G,Never recorded,Hermannsburg (Ntaria),16.68,Central Australia
Laramba,Major,-22.5329699999999,132.75603,No coverage,False,0.0,0.0,0.0,226.0,199.0,37.0,,Laramba (Napperby),Alice Springs Hospital,False,False,0,0,34.66,,,,,0.17,Telstra,4G,Macro cell nearby,Laramba (Napperby),0.0,Central Australia
Larapinta Valley,Town Camp,-23.71104,133.8514,Never recorded,False,0.2,1.0,1.0,5.0,4.0,0.0,4.0,Larapinta Clinic,Alice Springs Hospital,True,False,0,0,10.58,,,,,0.75,Telstra,5G,Macro cell nearby,Amoonguna,10.58,Central Australia
Lilla,Family Outstation,-24.29728,131.60327,Never recorded,False,0.3,15.0,14.0,319.0,248.0,102.0,,Watarrka(Kings Canyon),Alice Springs Hospital,False,False,1,0,10.75,,,,,10.62,Optus,4G,Tower within 15km (2025),Watarrka(Kings Canyon),11.16,Central Australia
Inarlenge,Town Camp,-23.7288199999999,133.858959999999,Never recorded,False,0.1,3.0,2.0,5.0,4.0,0.0,4.0,Alukura Women's Health Clinic,Alice Springs Hospital,True,False,0,0,8.88,,,,,0.71,Optus,4G,Macro cell nearby,Amoonguna,8.88,Central Australia
Little Well,Family Outstation,-24.1354699999999,135.33314,Never recorded,False,1.3,179.0,191.0,190.0,199.0,155.0,,Amoonguna Health Service,Alice Springs Hospital,False,False,0,0,91.76,,,,,97.12,Telstra,4G,Never recorded,Ltyentye Apurte(Santa Teresa),97.4,Central Australia
Ltira,Family Outstation,-24.0570899999999,132.901819999999,Never recorded,False,0.0,19.0,38.0,125.0,112.0,15.0,,Hermannsburg (Ntaria),Alice Springs Hospital,False,False,0,0,13.88,,,,,16.44,Optus,4G,Never recorded,Hermannsburg (Ntaria),17.84,Central Australia
Liltjera,Family Outstation,-23.9364,132.637789999999,Never recorded,False,3.1,19.0,21.0,144.0,114.0,7.0,,Hermannsburg (Ntaria),Alice Springs Hospital,False,False,0,0,4.27,,,,,14.14,Telstra,4G,Tower within 15km (2025),Hermannsburg (Ntaria),14.34,Central Australia
Lyilyalanama,Family Outstation,-23.9472399999999,132.74474,Never recorded,False,0.0,5.0,6.0,130.0,99.0,1.0,,Hermannsburg (Ntaria),Alice Springs Hospital,False,False,0,0,0.0,Lyilyalanama,Near a cell,TELSTRA,5.0,3.31,Telstra,4G,Tower within 15km (2025),Hermannsburg (Ntaria),3.49,Central Australia
Mantapayika,Family Outstation,-25.47458,130.225609999999,Never recorded,False,0.1,105.0,150.0,547.0,432.0,56.0,,Yulara(Uluru),Alice Springs Hospital,False,False,2,0,80.84,,,,,77.79,Telstra,4G,Never recorded,Yulara(Uluru),80.84,Central Australia
Old Station,Family Outstation,-24.0191099999999,132.86345,Never recorded,False,0.2,13.0,25.0,123.0,106.0,11.0,,Hermannsburg (Ntaria),Alice Springs Hospital,False,False,0,0,8.14,,,,,12.28,Telstra,4G,Tower within 15km (2025),Hermannsburg (Ntaria),12.1,Central Australia
Mbalkanaka,Family Outstation,-23.9534899999999,132.87547,Never recorded,False,0.1,12.0,12.0,118.0,91.0,2.0,,Hermannsburg (Ntaria),Alice Springs Hospital,False,False,0,0,4.77,,,,,10.11,Telstra,4G,Tower within 15km (2025),Hermannsburg (Ntaria),9.91,Central Australia
Mbunghara,Family Outstation,-23.29071,132.35891,Never recorded,False,0.2,53.0,55.0,193.0,149.0,55.0,,Papunya Community Health Centre,Alice Springs Hospital,False,False,1,0,40.95,,,,,36.46,Optus,4G,Never recorded,Papunya Community Health Centre,46.97,
Amengernterneah,Family Outstation,-21.8976699999999,134.841659999999,Never recorded,False,0.1,25.0,24.0,274.0,236.0,158.0,,Urapuntja (Utopia),Alice Springs Hospital,False,False,4,0,15.36,,,,,22.1,Telstra,5G,Never recorded,Urapuntja (Utopia),22.24,Barkly
Morris Gap,Family Outstation,-24.11251,131.43922,Never recorded,False,3.9,17.0,18.0,347.0,271.0,101.0,335.0,Watarrka(Kings Canyon),Alice Springs Hospital,True,False,1,0,14.57,,,,,17.06,Optus,4G,Never recorded,Watarrka(Kings Canyon),16.24,Central Australia
Motnas,Family Outstation,-23.9497399999999,132.769459999999,Never recorded,False,0.0,3.0,3.0,128.0,97.0,0.0,97.0,Hermannsburg (Ntaria),Alice Springs Hospital,True,False,0,0,0.0,Motnas,Near a cell,TELSTRA,5.0,1.13,Telstra,4G,Macro cell nearby,Hermannsburg (Ntaria),1.22,Central Australia
Mpwetyerre,Town Camp,-23.71679,133.87412,Never recorded,False,0.0,1.0,1.0,2.0,2.0,0.0,2.0,Gap Road Clinic,Alice Springs Hospital,True,False,0,0,8.37,,,,,0.91,Telstra,5G,Macro cell nearby,Amoonguna,8.37,Central Australia
Mount Barkly,Family Outstation,-21.61391,132.441139999999,Never recorded,False,0.0,54.0,107.0,340.0,308.0,130.0,,Willowra Health Centre,Alice Springs Hospital,False,False,3,0,89.92,,,,,44.75,Telstra,4G,Never recorded,Willowra,44.8,Central Australia
Kurippi,Family Outstation,-22.1421099999999,132.053159999999,Never recorded,False,0.1,34.0,36.0,328.0,233.0,34.0,,Yuendumu,Alice Springs Hospital,False,False,4,0,19.13,,,,,20.29,Telstra,4G,Never recorded,Yuendumu,29.31,Central Australia
Mount Liebig,Major,-23.26605,131.27319,Has coverage,True,0.0,0.0,0.0,313.0,268.0,171.0,,Mt Liebig (Amunturrngu),Alice Springs Hospital,False,False,1,0,0.0,Mount Liebig,Macro cell,TELSTRA,234.0,1.35,Telstra,4G,Macro cell nearby,Mt Liebig (Amunturrngu),0.0,Central Australia
Mount Nancy,Town Camp,-23.66751,133.87001,Never recorded,False,0.0,2.0,2.0,5.0,4.0,0.0,4.0,Purple House Primary Health Care,Alice Springs Hospital,True,False,0,0,12.88,,,,,0.61,Optus,4G,Macro cell nearby,Amoonguna,12.88,Central Australia
Karrinyarra,Family Outstation,-22.66329,131.87876,Never recorded,False,0.1,125.0,106.0,271.0,200.0,58.0,,Yuendumu,Alice Springs Hospital,False,False,3,0,44.79,,,,,46.51,Telstra,4G,Never recorded,Yuendumu,46.32,Central Australia
Putulu,Family Outstation,-21.3438199999999,131.369969999999,Never recorded,False,0.0,171.0,190.0,467.0,386.0,91.0,,Yuendumu Community Health Centre,Alice Springs Hospital,False,False,4,0,110.31,,,,,110.22,Telstra,4G,Never recorded,Yuendumu,110.31,Central Australia
Mulga Bore,Family Outstation,-22.45139,134.20944,Never recorded,False,0.1,84.0,91.0,178.0,148.0,81.0,,Urapuntja (Utopia),Alice Springs Hospital,False,False,1,0,46.5,,,,,46.35,Telstra,4G,Never recorded,Engawala (Alcoota),46.5,Central Australia
Wanarkula,Family Outstation,-25.99663,131.58803,Never recorded,False,4.4,172.0,157.0,431.0,314.0,78.0,,Imanpa(Mt Ebenezer),Alice Springs Hospital,False,False,1,0,77.75,,,,,46.4,Telstra,4G,Never recorded,Mutitjulu,88.67,Central Australia
Mutitjulu,Major,-25.3523,131.066699999999,Has coverage,True,0.1,0.0,1.0,467.0,303.0,1.0,303.0,Mutitjulu,Alice Springs Hospital,True,False,1,0,0.0,Mutitjulu,Macro cell,OPTUS/TELSTRA,426.0,0.42,Telstra,4G,Macro cell nearby,Mutitjulu,0.0,Central Australia
New Bore,Family Outstation,-23.2217199999999,131.327689999999,Never recorded,False,0.0,10.0,13.0,305.0,260.0,166.0,,Amunturrngu (Mt Liebig) Community Health Centre,Alice Springs Hospital,False,False,1,0,7.44,,,,,6.3,Telstra,4G,Tower within 15km (2025),Mt Liebig (Amunturrngu),7.44,Central Australia
Yuwerli,Family Outstation,-22.03566,131.65064,Never recorded,False,1.0,45.0,79.0,338.0,275.0,44.0,,Yuendumu,Alice Springs Hospital,False,False,4,0,28.47,,,,,28.44,Telstra,4G,Never recorded,Yuendumu,28.47,Central Australia
Nguman,Family Outstation,-23.5421899999999,129.756939999999,Never recorded,False,4.9,61.0,121.0,561.0,586.0,417.0,,Kintore,Alice Springs Hospital,False,False,2,0,47.96,,,,,48.17,Telstra,4G,Never recorded,Kintore,47.96,Central Australia
Ngkwarlerlanem,Family Outstation,-21.7274099999999,134.79113,Never recorded,False,0.1,42.0,63.0,291.0,275.0,175.0,,Urapuntja (Utopia),Alice Springs Hospital,False,False,4,0,33.23,,,,,39.99,Telstra,5G,Never recorded,Urapuntja (Utopia),40.11,Barkly
Nturiya,Major,-22.12379,133.265289999999,Has coverage,True,0.1,0.0,0.0,211.0,150.0,16.0,,Nturiya(Ti-Tree Station),Alice Springs Hospital,False,False,2,0,0.0,Nturiya,Near a cell,TELSTRA,66.0,15.63,Optus,4G,Small cell or near a cell,Nturiya(Ti-Tree Station),0.0,Central Australia
Nyirripi,Major,-22.6505,130.5532,No coverage,False,0.1,0.0,0.0,417.0,411.0,204.0,,Nyirippi(Waite Creek),Alice Springs Hospital,False,False,3,0,93.62,,,,,0.22,Telstra,4G,Macro cell nearby,Nyirippi(Waite Creek),0.0,Central Australia
Nyewente,Town Camp,-23.68779,133.86285,Never recorded,False,0.1,2.0,3.0,4.0,4.0,0.0,4.0,Joint Defence Facility - Pine Gap Medical Clinic (Jdfpg),Alice Springs Hospital,True,False,0,0,11.48,,,,,1.07,Telstra,4G,Macro cell nearby,Amoonguna,11.48,Central Australia
Papunya,Major,-23.20306,131.9111,Has coverage,True,0.0,1.0,1.0,243.0,196.0,104.0,,Papunya Community Health Centre,Alice Springs Hospital,False,False,1,0,0.0,Papunya,Macro cell,TELSTRA,389.0,1.84,Telstra,4G,Macro cell nearby,Papunya Community Health Centre,0.27,
Phillipson Bore,Family Outstation,-24.0959299999999,134.43038,Never recorded,False,0.1,8.0,15.0,88.0,85.0,57.0,,Ltyentye Apurte(Santa Teresa),Alice Springs Hospital,False,False,0,0,0.04,Phillipson Bore,Near a cell,TELSTRA,5.0,6.7,Telstra,4G,Tower within 15km (2025),Ltyentye Apurte(Santa Teresa),6.96,Central Australia
Pine Hill,Family Outstation,-22.37949,133.05366,Never recorded,False,0.1,68.0,55.0,184.0,125.0,33.0,,Pmara Jutunta(6 Mile),Alice Springs Hospital,False,False,0,0,23.8,,,,,34.31,Telstra,4G,Never recorded,Laramba (Napperby),35.02,Central Australia
Pinpirnga,Family Outstation,-23.1627499999999,129.46322,Never recorded,False,0.1,20.0,22.0,504.0,461.0,365.0,,Kintore,Alice Springs Hospital,False,False,2,0,14.78,,,,,14.54,Telstra,4G,Tower within 15km (2025),Kintore,14.78,Central Australia
Pmara Jutunta,Major,-22.2087799999999,133.430729999999,Has coverage,True,0.0,0.0,0.0,186.0,113.0,0.0,113.0,Pmara Jutunta(6 Mile),Alice Springs Hospital,True,False,2,0,0.0,Pmara Jutunta,Macro cell,TELSTRA,144.0,1.25,Telstra,4G,Macro cell nearby,Pmara Jutunta(6 Mile),0.0,Central Australia
Pulardi,Family Outstation,-22.5633199999999,132.379779999999,Never recorded,False,0.3,78.0,66.0,235.0,169.0,9.0,,Yuendumu,Alice Springs Hospital,False,False,2,0,35.39,,,,,35.61,Telstra,4G,Never recorded,Laramba (Napperby),38.79,Central Australia
Punritjanta,Family Outstation,-24.6739199999999,129.293929999999,Never recorded,False,0.0,38.0,61.0,682.0,519.0,135.0,,Kaltukatjara (Docker River) Community Health Centre,Alice Springs Hospital,False,False,1,0,31.24,,,,,30.89,Telstra,4G,Never recorded,Kaltukatjara (Docker River),31.24,Central Australia
Puta Puta,Family Outstation,-25.0734499999999,129.640449999999,Never recorded,False,0.2,68.0,68.0,606.0,421.0,60.0,,Kaltukatjara (Docker River) Community Health Centre,Alice Springs Hospital,False,False,2,0,60.68,,,,,60.75,Telstra,4G,Never recorded,Kaltukatjara (Docker River),60.68,Central Australia
Puyurru,Family Outstation,-21.33117,130.81753,Never recorded,False,0.6,153.0,125.0,449.0,321.0,73.0,,Yuendumu Community Health Centre,Alice Springs Hospital,False,False,6,0,97.03,,,,,100.35,Telstra,4G,Never recorded,Yuendumu,143.94,Central Australia
Rodna,Family Outstation,-23.7621299999999,132.67042,Never recorded,False,0.1,32.0,47.0,157.0,141.0,18.0,,Hermannsburg (Ntaria),Alice Springs Hospital,False,False,0,0,8.58,,,,,8.56,Optus,3G/2G,Tower within 15km (2025),Hermannsburg (Ntaria),22.9,Central Australia
Santa Teresa,Major,-24.1307,134.3733,Has coverage,True,0.0,0.0,0.0,81.0,72.0,49.0,,Ltyentye Apurte(Santa Teresa),Alice Springs Hospital,False,False,0,0,0.0,Santa Teresa,Macro cell,TELSTRA,561.0,0.29,Telstra,4G,Macro cell nearby,Ltyentye Apurte(Santa Teresa),0.0,Central Australia
Atnarara,Family Outstation,-22.0262199999999,134.78721,Never recorded,False,1.1,8.0,8.0,257.0,220.0,151.0,,Urapuntja (Utopia),Alice Springs Hospital,False,False,4,0,0.0,Atnarara,Near a cell,TELSTRA,53.0,6.84,Telstra,5G,Tower within 15km (2025),Urapuntja (Utopia),6.97,Barkly
Arawerr,Minor,-22.01371,134.84618,Never recorded,False,0.0,15.0,17.0,264.0,229.0,155.0,,Urapuntja (Utopia),Alice Springs Hospital,False,False,4,0,6.24,,,,,10.89,Telstra,5G,Tower within 15km (2025),Urapuntja (Utopia),11.05,Barkly
Titjikala,Major,-24.67389,134.075839999999,Has coverage,True,0.0,0.0,0.0,203.0,164.0,101.0,,Titjikala (Maryvale),Alice Springs Hospital,False,False,0,0,0.0,Titjikala,Macro cell,TELSTRA,186.0,0.38,Telstra,4G,Macro cell nearby,Titjikala (Maryvale),0.0,Central Australia
Tjamangkurra,Family Outstation,-23.9689,132.80529,Never recorded,False,2.2,9.0,17.0,134.0,111.0,6.0,,Hermannsburg (Ntaria),Alice Springs Hospital,False,False,0,0,0.03,Tjamangkurra,Near a cell,TELSTRA,5.0,4.15,Telstra,4G,Tower within 15km (2025),Hermannsburg (Ntaria),3.97,Central Australia
Tjulpungu,Family Outstation,-21.83419,131.413479999999,Never recorded,False,0.0,97.0,96.0,393.0,292.0,23.0,,Yuendumu Community Health Centre,Alice Springs Hospital,False,False,4,0,61.05,,,,,61.08,Telstra,4G,Never recorded,Yuendumu,61.05,Central Australia
Tjunti,Family Outstation,-25.01763,129.401129999999,Never recorded,False,0.5,42.0,42.0,632.0,447.0,85.0,,Kaltukatjara (Docker River) Community Health Centre,Alice Springs Hospital,False,False,2,0,36.07,,,,,36.18,Telstra,4G,Never recorded,Kaltukatjara (Docker River),36.07,Central Australia
Tjuntinanta,Family Outstation,-24.8518699999999,129.23084,Never recorded,False,0.1,18.0,19.0,661.0,478.0,114.0,,Kaltukatjara (Docker River) Community Health Centre,Alice Springs Hospital,False,False,2,0,15.54,,,,,15.39,Telstra,4G,Never recorded,Kaltukatjara (Docker River),15.54,Central Australia
Tnawurta,Family Outstation,-23.9989,132.838349999999,Never recorded,False,0.2,10.0,19.0,124.0,108.0,12.0,,Hermannsburg (Ntaria),Alice Springs Hospital,False,False,0,0,4.75,,,,,8.89,Telstra,4G,Tower within 15km (2025),Hermannsburg (Ntaria),8.71,Central Australia
Tnyimipurta,Family Outstation,-23.8877899999999,132.67113,Never recorded,False,0.0,17.0,15.0,141.0,109.0,2.0,,Hermannsburg (Ntaria),Alice Springs Hospital,False,False,0,0,0.03,Tnyimipurta,Near a cell,TELSTRA,8.0,12.32,Telstra,4G,Tower within 15km (2025),Hermannsburg (Ntaria),12.52,Central Australia
Urlampe,Family Outstation,-22.4931699999999,137.74252,Never recorded,False,0.2,196.0,203.0,549.0,457.0,374.0,,Bonya,Alice Springs Hospital,False,False,3,0,168.14,,,,,34.05,Optus,4G,Never recorded,Bonya,164.78,Central Australia
Ukaka,Family Outstation,-24.59261,132.37395,Never recorded,False,0.1,110.0,86.0,222.0,172.0,92.0,,Watarrka(Kings Canyon),Alice Springs Hospital,False,False,0,0,60.09,,,,,59.99,Optus,4G,Never recorded,Utju(Areonga),58.65,Central Australia
Ukatjupu,Family Outstation,-25.9094899999999,129.10549,Never recorded,False,0.1,145.0,290.0,763.0,708.0,216.0,,Kaltukatjara (Docker River) Community Health Centre,Alice Springs Hospital,False,False,2,0,114.94,,,,,24.62,Telstra,4G,Never recorded,Kaltukatjara (Docker River),114.94,Central Australia
Ulpanyali,Family Outstation,-24.2309099999999,131.50075,Never recorded,False,0.1,3.0,5.0,332.0,258.0,103.0,,Watarrka(Kings Canyon),Alice Springs Hospital,False,False,1,0,0.0,Ulpanyali,Near a cell,TELSTRA,19.0,2.49,Optus,4G,Macro cell nearby,Watarrka(Kings Canyon),1.7,Central Australia
Undurana 1C,Family Outstation,-23.75723,132.127219999999,Never recorded,False,0.1,83.0,93.0,208.0,186.0,24.0,,Hermannsburg (Ntaria),Alice Springs Hospital,False,False,1,0,56.04,,,,,43.7,Optus,4G,Never recorded,Utju(Areonga),38.09,Central Australia
Arlparra,Family Outstation,-22.0877899999999,134.77476,Has coverage,True,0.2,0.0,1.0,250.0,213.0,151.0,,Urapuntja (Utopia),Alice Springs Hospital,False,False,4,0,0.0,Arlparra,Macro cell,TELSTRA,59.0,0.16,Telstra,5G,Macro cell nearby,Urapuntja (Utopia),0.0,Barkly
Ankerrapw,Family Outstation,-22.2300399999999,134.56306,Never recorded,False,0.2,30.0,39.0,222.0,188.0,125.0,,Urapuntja (Utopia),Alice Springs Hospital,False,False,3,0,26.93,,,,,27.09,Telstra,5G,Never recorded,Urapuntja (Utopia),26.93,Barkly
Wallace Rockhole,Major,-24.1245,133.086299999999,Has coverage,True,0.1,0.0,0.0,109.0,103.0,16.0,,Wallace Rockhole,Alice Springs Hospital,False,False,0,0,0.0,Wallace Rockhole,Macro cell,TELSTRA,82.0,0.13,Telstra,5G,Macro cell nearby,Wallace Rockhole,0.0,Central Australia
Walytjatjata,Family Outstation,-25.9766699999999,129.46583,Never recorded,False,0.4,176.0,351.0,656.0,649.0,165.0,,Kaltukatjara (Docker River) Community Health Centre,Alice Springs Hospital,False,False,2,0,128.39,,,,,35.49,Telstra,4G,Never recorded,Kaltukatjara (Docker River),128.39,Central Australia
Wangkari,Family Outstation,-25.1316899999999,129.019329999999,Never recorded,False,0.0,35.0,70.0,686.0,555.0,140.0,,Kaltukatjara (Docker River) Community Health Centre,Alice Springs Hospital,False,False,2,0,29.05,,,,,29.46,Telstra,4G,Never recorded,Kaltukatjara (Docker River),29.05,Central Australia
Wanmarra,Family Outstation,-24.38841,131.80347,Never recorded,False,0.1,41.0,33.0,293.0,228.0,103.0,,Watarrka(Kings Canyon),Alice Springs Hospital,False,False,0,0,0.07,Wanmarra,Near a cell,TELSTRA,14.0,0.08,Telstra,4G,Macro cell nearby,Watarrka(Kings Canyon),33.8,Central Australia
Warren Creek,Family Outstation,-23.2657199999999,131.178679999999,Never recorded,False,0.1,13.0,18.0,322.0,277.0,183.0,,Mt Liebig (Amunturrngu),Alice Springs Hospital,False,False,1,0,5.92,,,,,10.16,Telstra,4G,Tower within 15km (2025),Mt Liebig (Amunturrngu),9.65,Central Australia
Warumpi,Family Outstation,-23.1851,131.97514,Never recorded,False,0.1,8.0,14.0,241.0,199.0,102.0,,Papunya Community Health Centre,Alice Springs Hospital,False,False,1,0,0.02,Warumpi,Near a cell,TELSTRA,5.0,5.34,Telstra,4G,Tower within 15km (2025),Papunya Community Health Centre,7.11,
Wayililinypa,Family Outstation,-22.50196,131.446689999999,Never recorded,False,0.1,54.0,103.0,342.0,294.0,50.0,,Yuendumu Community Health Centre,Alice Springs Hospital,False,False,3,0,45.23,,,,,45.67,Telstra,4G,Never recorded,Yuendumu,45.23,Central Australia
Welere,Family Outstation,-22.02194,135.191689999999,Never recorded,False,0.1,67.0,95.0,317.0,307.0,200.0,,Urapuntja (Utopia),Alice Springs Hospital,False,False,4,0,37.67,,,,,41.01,Telstra,4G,Never recorded,Aherrenge (Ampilawatja),40.77,Barkly
Welmala,Family Outstation,-25.6827799999999,133.261159999999,Never recorded,False,0.0,131.0,90.0,257.0,159.0,3.0,,Imanpa(Mt Ebenezer),Alice Springs Hospital,False,False,0,0,18.01,,,,,17.72,Telstra,4G,Never recorded,Imanpa(Mt Ebenezer),92.68,Central Australia
West Waterhouse,Family Outstation,-23.9957299999999,133.113389999999,Never recorded,False,0.1,42.0,36.0,93.0,75.0,4.0,,Hermannsburg (Ntaria),Alice Springs Hospital,False,False,0,0,14.58,,,,,14.55,Telstra,5G,Tower within 15km (2025),Wallace Rockhole,14.58,Central Australia
Willowra,Major,-21.24446,132.6139,No coverage,False,0.2,0.0,1.0,338.0,255.0,128.0,,Willowra,Alice Springs Hospital,False,False,3,0,118.7,,,,,0.42,Telstra,4G,Macro cell nearby,Willowra,0.0,Central Australia
Wilora,Minor,-21.7410999999999,133.731099999999,No coverage,False,0.1,0.0,1.0,252.0,153.0,0.0,153.0,Wilora Community Health Centre,Alice Springs Hospital,True,False,3,0,27.41,,,,,0.17,Telstra,4G,Macro cell nearby,Wilora Community Health Centre,0.17,
Yatjalu,Family Outstation,-22.40643,131.16216,Never recorded,False,0.2,82.0,126.0,378.0,322.0,59.0,,Yuendumu Community Health Centre,Alice Springs Hospital,False,False,3,0,67.29,,,,,67.7,Telstra,4G,Never recorded,Yuendumu,67.29,Central Australia
Yatemans Bore,Family Outstation,-23.6862199999999,131.614409999999,Never recorded,False,0.1,86.0,102.0,266.0,302.0,82.0,,Watarrka(Kings Canyon),Alice Springs Hospital,False,False,1,0,55.29,,,,,59.04,Telstra,4G,Never recorded,Haasts Bluff (Ikuntji),38.02,Central Australia
Yinyiripalangu,Family Outstation,-22.2104599999999,130.205579999999,Never recorded,False,0.2,82.0,164.0,547.0,547.0,172.0,,Nyirripi Health Centre,Alice Springs Hospital,False,False,5,0,145.18,,,,,60.56,Telstra,4G,Never recorded,Nyirippi(Waite Creek),60.59,Central Australia
Yuwalki,Family Outstation,-23.5634699999999,129.53922,Never recorded,False,0.0,39.0,77.0,539.0,542.0,400.0,,Kintore,Alice Springs Hospital,False,False,2,0,35.54,,,,,35.83,Telstra,4G,Never recorded,Kintore,35.54,Central Australia
Yuelamu,Major,-22.25835,132.205569999999,No coverage,False,0.1,70.0,86.0,281.0,224.0,28.0,,Yuendumu,Alice Springs Hospital,False,False,4,0,29.36,,,,,0.05,Telstra,4G,Macro cell nearby,Yuendumu,42.23,Central Australia
Yuendumu,Major,-22.2538899999999,131.795289999999,Has coverage,True,0.0,0.0,0.0,294.0,197.0,1.0,,Yuendumu,Alice Springs Hospital,False,False,4,0,0.0,Yuendumu,Macro cell,TELSTRA,617.0,0.44,Telstra,4G,Macro cell nearby,Yuendumu,0.0,Central Australia
Yumurrpa,Family Outstation,-21.6273099999999,130.78047,Never recorded,False,1.4,149.0,145.0,445.0,341.0,68.0,,Yuendumu Community Health Centre,Alice Springs Hospital,False,False,5,0,125.27,,,,,116.3,Telstra,4G,Never recorded,Nyirippi(Waite Creek),116.16,Central Australia
Ali Curung,Major,-21.0033299999999,134.406939999999,Has coverage,True,0.0,0.0,0.0,173.0,108.0,0.0,108.0,Ali Curung,Tennant Creek Hospital,True,False,4,0,0.0,Ali Curung,Macro cell,TELSTRA,394.0,0.09,Telstra,4G,Macro cell nearby,Ali Curung,0.0,Barkly
Alpurrurulam,Major,-20.9841699999999,137.847489999999,Has coverage,True,0.1,0.0,0.0,570.0,400.0,141.0,,Alpurrurulam (Lake Nash),Tennant Creek Hospital,False,False,5,0,0.0,Alpurrurulam,Macro cell,TELSTRA,350.0,0.33,Telstra,4G,Macro cell nearby,Alpurrurulam (Lake Nash),0.0,Barkly
Gulunguru,Family Outstation,-19.3543899999999,136.038549999999,Never recorded,False,0.1,259.0,160.0,260.0,161.0,1.0,,Tennant Creek Outstations,Tennant Creek Hospital,False,False,11,0,93.06,,,,,45.38,Telstra,4G,Never recorded,Epenarra (Wutunugurra),148.03,Barkly
Bajaminyi,Family Outstation,-17.7748899999999,137.712429999999,Never recorded,False,0.5,288.0,444.0,679.0,656.0,261.0,,Robinson River,Tennant Creek Hospital,False,False,25,0,68.52,,,,,67.41,Telstra,4G,Never recorded,Robinson River,137.04,Big Rivers
Bauhinia Downs,Family Outstation,-16.2151199999999,135.469679999999,Never recorded,False,0.0,113.0,129.0,624.0,448.0,79.0,,Borroloola,Katherine Hospital,False,False,28,0,88.36,,,,,37.52,Telstra,4G,Never recorded,Borroloola,90.92,Big Rivers
Wada Warra,Family Outstation,-15.74902,136.25224,Never recorded,False,0.1,45.0,47.0,700.0,466.0,10.0,,Borroloola Community Health Centre,Katherine Hospital,False,False,34,2,35.9,,,,,34.36,Telstra,4G,Never recorded,Borroloola,35.9,Big Rivers
Munji-Marla,Town Camp,-19.6476499999999,134.18279,Never recorded,False,0.1,1.0,1.0,1.0,1.0,0.0,1.0,Tennant Creek Hospital General Practice,Tennant Creek Hospital,True,False,11,0,3.65,,,,,0.31,Optus,4G,Macro cell nearby,Tennant Creek Outstations,0.78,Barkly
Yangulinyina,Family Outstation,-16.8888599999999,137.208959999999,Never recorded,False,0.1,112.0,162.0,719.0,570.0,302.0,,Robinson River,Tennant Creek Hospital,False,False,30,2,28.23,,,,,27.98,Telstra,4G,Never recorded,Robinson River,28.23,Big Rivers
Canteen Creek,Major,-20.64508,135.58678,No coverage,False,0.1,0.0,0.0,267.0,277.0,178.0,,Canteen Creek,Tennant Creek Hospital,False,False,6,0,118.57,,,,,0.2,Telstra,4G,Macro cell nearby,Canteen Creek,0.0,Barkly
Corella Creek,Family Outstation,-18.3668499999999,135.856709999999,Never recorded,False,0.0,328.0,226.0,381.0,246.0,4.0,,Borroloola,Tennant Creek Hospital,False,False,17,0,197.3,,,,,0.09,Telstra,4G,Macro cell nearby,Robinson River,214.77,Big Rivers
Mara,Town Camp,-16.05085,136.304739999999,Never recorded,False,0.1,1.0,1.0,661.0,425.0,0.0,425.0,Borroloola Community Health Centre,Katherine Hospital,True,False,32,2,1.88,Borroloola,Macro cell,TELSTRA,755.0,0.34,Telstra,4G,Macro cell nearby,Borroloola,1.88,Big Rivers
Marla Marla,Town Camp,-19.655,134.179,Never recorded,False,0.1,2.0,2.0,2.0,2.0,0.0,2.0,Tennant Creek Outstations,Tennant Creek Hospital,True,False,11,0,4.55,,,,,0.67,Telstra,5G,Macro cell nearby,Tennant Creek Outstations,1.42,Barkly
Elliott South Camp,Town Camp,-17.5621799999999,133.557459999999,Never recorded,False,0.0,2.0,2.0,252.0,152.0,0.0,152.0,Elliot,Tennant Creek Hospital,True,False,21,0,2.06,Elliott,Macro cell,OPTUS/TELSTRA,244.0,1.24,Optus,3G/2G,Macro cell nearby,Elliot,2.06,Barkly
Elliott North Camp,Town Camp,-17.5498899999999,133.535969999999,Never recorded,False,0.1,1.0,1.0,255.0,154.0,0.0,154.0,Elliot,Tennant Creek Hospital,True,False,21,0,0.6,Elliott,Macro cell,OPTUS/TELSTRA,244.0,1.06,Telstra,4G,Macro cell nearby,Elliot,0.6,Barkly
Wutunugurra,Major,-20.4615599999999,135.252409999999,No coverage,False,0.1,0.0,0.0,209.0,175.0,120.0,,Epenarra (Wutunugurra),Tennant Creek Hospital,False,False,6,0,106.58,,,,,1.95,Telstra,4G,Macro cell nearby,Epenarra (Wutunugurra),0.0,Barkly
Garawa 1,Town Camp,-16.06879,136.32129,Never recorded,False,0.1,4.0,5.0,660.0,423.0,0.0,423.0,Borroloola,Katherine Hospital,True,False,32,2,1.54,Borroloola,Macro cell,TELSTRA,755.0,2.34,Telstra,4G,Macro cell nearby,Borroloola,1.54,Big Rivers
Jarra Jarra,Family Outstation,-20.8476499999999,133.22064,Never recorded,False,0.0,79.0,157.0,266.0,321.0,115.0,,Willowra,Tennant Creek Hospital,False,False,5,0,102.08,,,,,76.72,Telstra,4G,Never recorded,Willowra,76.89,Central Australia
Jingaloo,Family Outstation,-17.1131099999999,133.614329999999,Never recorded,False,0.1,69.0,67.0,323.0,219.0,18.0,,Elliot,Tennant Creek Hospital,False,False,18,0,35.94,,,,,22.14,Telstra,4G,Never recorded,Elliot,49.5,Barkly
Kalumpurlpa,Family Outstation,-19.0038699999999,133.91809,Never recorded,False,2.3,113.0,101.0,114.0,102.0,21.0,,Tennant Creek Outstations,Tennant Creek Hospital,False,False,15,0,56.88,,,,,56.97,Optus,3G/2G,Never recorded,Tennant Creek Outstations,77.08,Barkly
Kangaroo Island,Family Outstation,-15.8884799999999,136.53951,Never recorded,False,1.2,49.0,46.0,704.0,465.0,29.0,,Borroloola Community Health Centre,Katherine Hospital,False,False,33,3,31.86,,,,,30.98,Telstra,4G,Never recorded,Borroloola,31.86,Big Rivers
Kargaru,Town Camp,-19.6586099999999,134.198059999999,Never recorded,False,0.2,2.0,3.0,3.0,4.0,0.0,4.0,Tennant Creek Outstations,Tennant Creek Hospital,True,False,11,0,4.55,,,,,1.23,Telstra,4G,Macro cell nearby,Tennant Creek Outstations,1.46,Barkly
Kunayungku,Family Outstation,-19.7420899999999,133.724639999999,Never recorded,False,0.0,56.0,103.0,56.0,104.0,49.0,,Tennant Creek Outstations,Tennant Creek Hospital,False,False,10,0,51.36,,,,,49.12,Telstra,5G,Never recorded,Tennant Creek Outstations,49.85,Barkly
Mungkarta,Minor,-20.3370199999999,134.19843,Never recorded,False,0.0,81.0,54.0,81.0,55.0,4.0,,Tennant Creek Outstations,Tennant Creek Hospital,False,False,6,0,32.86,,,,,25.43,Optus,4G,Never recorded,Tennant Creek Outstations,76.64,Barkly
Ngalpa Ngalpa,Town Camp,-19.6352899999999,134.193629999999,Never recorded,False,0.0,2.0,1.0,2.0,2.0,0.0,2.0,Tennant Creek Outstations,Tennant Creek Hospital,True,False,11,0,1.98,Hingstons Place,Near a cell,OPTUS/TELSTRA,7.0,1.43,Telstra,4G,Macro cell nearby,Tennant Creek Outstations,1.44,Barkly
Mungalawurru,Family Outstation,-19.3825299999999,133.595519999999,Never recorded,False,0.1,79.0,93.0,79.0,94.0,27.0,,Tennant Creek Outstations,Tennant Creek Hospital,False,False,11,0,64.51,,,,,64.54,Optus,3G/2G,Never recorded,Tennant Creek Outstations,68.95,Barkly
Munyalini,Family Outstation,-16.0925899999999,136.18938,Never recorded,False,0.1,18.0,15.0,644.0,413.0,1.0,,Borroloola,Katherine Hospital,False,False,32,2,10.3,,,,,13.2,Telstra,4G,Tower within 15km (2025),Borroloola,12.86,Big Rivers
Imangara,Minor,-21.0496099999999,134.68117,No coverage,False,0.0,33.0,34.0,205.0,142.0,32.0,,Ali Curung,Tennant Creek Hospital,False,False,5,0,28.92,,,,,28.94,Telstra,4G,Listed: no coverage,Ali Curung,28.92,Barkly
Nudjabarra,Family Outstation,-17.9799799999999,137.969439999999,Never recorded,False,0.1,310.0,487.0,721.0,742.0,305.0,,Robinson River,Tennant Creek Hospital,False,False,21,0,84.75,,,,,71.41,Telstra,4G,Never recorded,Robinson River,171.53,Big Rivers
Marlinja,Minor,-17.3711099999999,133.40305,Never recorded,True,0.0,28.0,18.0,282.0,171.0,0.0,,Elliot,Tennant Creek Hospital,False,False,20,0,0.0,Marlinja,Near a cell,TELSTRA,36.0,0.65,Telstra,5G,Macro cell nearby,Elliot,24.92,Barkly
Nuradidgee,Family Outstation,-20.1143699999999,134.508489999999,Never recorded,False,0.2,73.0,100.0,73.0,101.0,40.0,,Tennant Creek Outstations,Tennant Creek Hospital,False,False,7,0,64.11,,,,,55.05,Optus,4G,Never recorded,Tennant Creek Outstations,61.64,Barkly
Pingala,Family Outstation,-19.0932,133.882689999999,Never recorded,False,0.1,100.0,142.0,101.0,143.0,54.0,,Tennant Creek Outstations,Tennant Creek Hospital,False,False,15,0,51.18,,,,,51.26,Optus,3G/2G,Never recorded,Tennant Creek Outstations,69.6,Barkly
Wandangula,Minor,-16.0547699999999,136.345579999999,Never recorded,False,0.0,12.0,15.0,667.0,433.0,8.0,,Borroloola,Katherine Hospital,False,False,32,2,4.37,,,,,4.22,Telstra,4G,Tower within 15km (2025),Borroloola,4.37,Big Rivers
Bujan,Family Outstation,-16.2690099999999,136.879149999999,Never recorded,False,0.0,78.0,81.0,734.0,499.0,75.0,,Borroloola,Katherine Hospital,False,False,31,3,55.63,,,,,55.52,Telstra,4G,Never recorded,Robinson River,55.63,Big Rivers
Robinson River,Major,-16.75974,136.98057,Has coverage,True,0.1,0.0,0.0,800.0,610.0,141.0,,Robinson River,Katherine Hospital,False,False,28,3,0.0,Robinson River,Small cell,TELSTRA,161.0,0.45,Telstra,4G,Macro cell nearby,Robinson River,0.0,Big Rivers
Wogyala,Family Outstation,-19.00617,135.17821,Never recorded,False,0.0,157.0,143.0,158.0,144.0,35.0,,Tennant Creek Outstations,Tennant Creek Hospital,False,False,13,0,112.52,,,,,100.89,Telstra,4G,Never recorded,Tennant Creek Outstations,125.85,Barkly
Jilundarina,Family Outstation,-17.60557,137.57665,Never recorded,False,1.9,232.0,332.0,696.0,597.0,278.0,,Robinson River,Tennant Creek Hospital,False,False,26,0,61.41,,,,,58.84,Telstra,4G,Never recorded,Robinson River,113.38,Big Rivers
South West Island,Family Outstation,-15.6890199999999,136.688209999999,Never recorded,False,22.0,,,,,,,,,False,True,35,3,58.61,,,,,57.56,Telstra,4G,Never recorded,Borroloola,58.61,Big Rivers
Tara,Minor,-21.50658,133.99669,No coverage,False,0.1,0.0,0.0,227.0,153.0,11.0,,Tara(Neutral Junction),Tennant Creek Hospital,False,False,4,0,11.47,,,,,0.14,Telstra,4G,Macro cell nearby,Tara(Neutral Junction),0.0,Barkly
Tjoungouri,Family Outstation,-16.17126,136.04365,Never recorded,False,0.1,36.0,28.0,630.0,406.0,3.0,,Borroloola,Katherine Hospital,False,False,31,2,27.82,,,,,29.78,Telstra,4G,Never recorded,Borroloola,30.39,Big Rivers
Village Camp,Town Camp,-19.656,134.1842,Never recorded,False,0.0,2.0,1.0,1.0,1.0,0.0,1.0,Tennant Creek Outstations,Tennant Creek Hospital,True,False,11,0,4.46,,,,,0.55,Telstra,5G,Macro cell nearby,Tennant Creek Outstations,1.11,Barkly
West Island,Family Outstation,-15.64251,136.50235,Never recorded,False,7.5,59.0,89.0,714.0,507.0,28.0,,Borroloola Community Health Centre,Katherine Hospital,False,False,35,3,51.68,,,,,50.3,Telstra,4G,Never recorded,Borroloola,51.68,Big Rivers
Wollogorang,Family Outstation,-17.21828,137.988839999999,Never recorded,False,0.0,212.0,260.0,734.0,583.0,318.0,,Robinson River,Tennant Creek Hospital,False,False,29,2,0.04,Wollogorang,Small cell,TELSTRA,7.0,4.57,Telstra,4G,Tower within 15km (2025),Robinson River,118.73,Big Rivers
Yanyula,Town Camp,-16.0612999999999,136.3083,Never recorded,False,0.0,1.0,1.0,660.0,424.0,0.0,424.0,Borroloola Community Health Centre,Katherine Hospital,True,False,32,2,0.72,Borroloola,Macro cell,TELSTRA,755.0,0.89,Telstra,4G,Macro cell nearby,Borroloola,0.72,Big Rivers
Acacia Larrakia,Family Outstation,-12.8142,131.1715,Has coverage,True,0.1,32.0,25.0,51.0,37.0,4.0,,Remote Territory Healthcare,Palmerston Regional Hospital,False,False,30,1,30.08,,,,,15.67,Telstra,5G,Listed: has coverage (2021),Batchelor,30.08,Top End
Alamirra,Family Outstation,-11.0674499999999,132.528349999999,Never recorded,False,0.1,12.0,23.0,,,,,Red Lily Health Service,,False,False,27,1,0.06,Alamirra,Near a cell,TELSTRA,5.0,10.24,Telstra,4G,Tower within 15km (2025),Minjilang,10.76,Top End
Paradise Farm,Family Outstation,-12.9391,132.53271,Never recorded,False,0.1,58.0,41.0,249.0,162.0,1.0,,Jabiru Health Centre,Katherine Hospital,False,False,28,0,0.03,Paradise Farm,Near a cell,TELSTRA,10.0,3.84,Telstra,5G,Tower within 15km (2025),Jabiru,43.89,Top End
Amatjatpalk,Family Outstation,-11.59488,133.45508,Never recorded,False,0.1,14.0,28.0,,,,,Warruwi,,False,False,28,3,9.35,,,,,9.68,Telstra,4G,Tower within 15km (2025),Warruwi,9.35,Top End
Ankabadbirri,Family Outstation,-12.25695,134.41973,Never recorded,False,0.1,39.0,43.0,468.0,380.0,201.0,,Mala'la Primary Health Care Centre,Palmerston Regional Hospital,False,False,20,3,31.3,,,,,30.4,Telstra,5G,Never recorded,Maningrida,31.3,Top End
Araru Point,Family Outstation,-11.19364,131.877829999999,Never recorded,False,0.1,292.0,444.0,570.0,631.0,303.0,,Gunbalanya (Oenpelli),Palmerston Regional Hospital,False,False,27,2,72.32,,,,,76.11,Telstra,4G,Never recorded,Minjilang,76.59,Top End
Bagot,Town Camp,-12.4161299999999,130.85515,Never recorded,False,0.1,0.0,0.0,9.0,8.0,0.0,8.0,Danila Dilba - Bagot Clinic,Royal Darwin Hospital,True,False,31,1,21.67,,,,,0.94,Optus,4G,Macro cell nearby,Belyuen,21.67,Top End
Walka,Family Outstation,-11.17957,132.588429999999,Never recorded,False,0.1,9.0,18.0,,,,,Minjilang,,False,False,27,1,3.19,,,,,3.86,Telstra,4G,Tower within 15km (2025),Minjilang,3.38,Top End
Belyuen,Major,-12.5386,130.6999,Has coverage,True,0.1,0.0,0.0,96.0,64.0,0.0,64.0,Belyuen,Palmerston Regional Hospital,True,False,29,1,0.0,Belyuen,Macro cell,TELSTRA,150.0,0.24,Telstra,4G,Macro cell nearby,Belyuen,0.0,Top End
Berraja,Family Outstation,-12.0719499999999,134.50486,Never recorded,False,0.0,49.0,79.0,508.0,445.0,241.0,,Mala'la Primary Health Care Centre,Palmerston Regional Hospital,False,False,21,3,24.41,,,,,29.85,Telstra,5G,Never recorded,Maningrida,30.67,Top End
Bolkdjam,Family Outstation,-12.41151,134.41998,Never recorded,False,0.0,53.0,70.0,468.0,392.0,201.0,,Mala'la Primary Health Care Centre,Palmerston Regional Hospital,False,False,21,2,45.35,,,,,44.62,Telstra,5G,Never recorded,Maningrida,45.43,Top End
Bulgul,Family Outstation,-13.0838699999999,130.122029999999,Never recorded,False,0.0,141.0,188.0,176.0,211.0,66.0,,Remote Territory Healthcare,Palmerston Regional Hospital,False,False,35,1,61.41,,,,,9.25,Telstra,4G,Tower within 15km (2025),Belyuen,87.19,Top End
Buluhkaduru,Family Outstation,-12.4324699999999,134.423069999999,Never recorded,False,0.0,52.0,69.0,467.0,391.0,200.0,,Mala'la Primary Health Care Centre,Palmerston Regional Hospital,False,False,21,2,45.8,,,,,46.85,Telstra,5G,Never recorded,Maningrida,47.65,Top End
Yilan,Family Outstation,-12.04251,134.62196,Never recorded,False,0.1,,,,,,,,,False,False,20,3,30.07,,,,,32.52,Telstra,4G,Never recorded,Yurrwi (Milingimbi),33.12,East Arnhem
Cannon Hill,Family Outstation,-12.3575799999999,132.94593,Never recorded,False,0.1,34.0,41.0,272.0,197.0,11.0,,Gunbalanya Community Health Centre,Palmerston Regional Hospital,False,False,25,1,12.08,,,,,7.79,Optus,4G,Tower within 15km (2025),Gunbalanya (Oenpelli),12.53,Top End
Tigers Camp,Family Outstation,-11.4740699999999,132.77662,Never recorded,False,0.0,157.0,175.0,436.0,361.0,169.0,,Gunbalanya (Oenpelli),Palmerston Regional Hospital,False,False,27,1,3.87,,,,,42.47,Telstra,4G,Never recorded,Minjilang,41.94,Top End
Damdam,Family Outstation,-12.1655599999999,134.645289999999,Never recorded,False,0.1,60.0,62.0,467.0,420.0,438.0,,Ramingining Community Health Centre - Milbrim Road,Gove District Hospital,False,False,20,3,23.08,,,,,29.14,Telstra,4G,Never recorded,Yurrwi (Milingimbi),30.66,East Arnhem
Gumeragi,Family Outstation,-11.1688,132.1647,Never recorded,False,0.1,252.0,365.0,531.0,551.0,264.0,,Gunbalanya (Oenpelli),Palmerston Regional Hospital,False,False,27,2,41.22,,,,,44.71,Telstra,4G,Never recorded,Minjilang,45.2,Top End
Ditchi,Family Outstation,-14.30373,129.408549999999,Never recorded,False,0.0,27.0,53.0,404.0,357.0,165.0,,Wadeye (Port Keats),Palmerston Regional Hospital,False,False,43,0,13.97,,,,,13.93,Telstra,5G,Tower within 15km (2025),Wadeye (Port Keats),13.97,Top End
Ji-Bena,Family Outstation,-12.1441799999999,134.526399999999,Never recorded,False,0.1,40.0,60.0,499.0,427.0,232.0,,Mala'la Primary Health Care Centre,Palmerston Regional Hospital,False,False,21,3,30.2,,,,,33.61,Telstra,5G,Never recorded,Maningrida,34.52,Top End
Gamardi,Family Outstation,-12.27398,134.68321,Never recorded,False,0.1,45.0,45.0,453.0,403.0,423.0,,Ramingining Community Health Centre - Milbrim Road,Gove District Hospital,False,False,21,3,14.66,,,,,27.1,Telstra,5G,Never recorded,Ramingining,27.47,East Arnhem
Gamargawan,Family Outstation,-12.6491399999999,134.076459999999,Never recorded,False,10.7,97.0,135.0,468.0,414.0,190.0,,Mala'la Primary Health Care Centre,Palmerston Regional Hospital,False,True,19,2,43.05,,,,,68.13,Telstra,5G,Never recorded,Maningrida,68.42,Top End
Gochan Jiny Jirra,Minor,-12.1992499999999,134.45751,Never recorded,False,0.0,40.0,50.0,478.0,396.0,211.0,,Mala'la Primary Health Care Centre,Palmerston Regional Hospital,False,False,21,3,28.86,,,,,29.38,Telstra,5G,Never recorded,Maningrida,30.31,Top End
Gorrong-Gorrong,Family Outstation,-12.12294,134.495319999999,Never recorded,False,2.3,36.0,52.0,494.0,418.0,225.0,,Mala'la Primary Health Care Centre,Palmerston Regional Hospital,False,False,21,3,26.08,,,,,29.72,Telstra,5G,Never recorded,Maningrida,30.61,Top End
Marlwon,Family Outstation,-12.13453,133.863069999999,Never recorded,False,1.7,105.0,109.0,384.0,295.0,115.0,,Gunbalanya (Oenpelli),Palmerston Regional Hospital,False,False,20,3,23.25,,,,,40.95,Telstra,5G,Never recorded,Maningrida,40.29,Top End
Kakodbabuldi,Family Outstation,-12.40779,134.15779,Never recorded,False,0.0,66.0,74.0,437.0,353.0,170.0,,Mala'la Primary Health Care Centre,Palmerston Regional Hospital,False,False,20,2,21.09,,,,,39.99,Telstra,5G,Never recorded,Maningrida,40.33,Top End
Gumarrirnbang,Family Outstation,-12.32945,133.996949999999,Never recorded,False,0.1,96.0,112.0,422.0,345.0,155.0,,Mala'la Primary Health Care Centre,Palmerston Regional Hospital,False,False,20,1,8.09,,,,,39.7,Telstra,5G,Never recorded,Maningrida,39.58,Top End
Gunbalanya,Major,-12.324,133.056,Has coverage,True,0.1,0.0,0.0,284.0,193.0,12.0,,Gunbalanya (Oenpelli),Palmerston Regional Hospital,False,False,26,1,0.0,Gunbalanya,Macro cell,TELSTRA,1008.0,0.07,Telstra,5G,Macro cell nearby,Gunbalanya (Oenpelli),0.0,Top End
Gupanga,Family Outstation,-12.0752,134.5843,Never recorded,False,0.1,50.0,79.0,508.0,446.0,241.0,,Mala'la Primary Health Care Centre,Palmerston Regional Hospital,False,False,20,3,32.73,,,,,35.77,Telstra,4G,Never recorded,Yurrwi (Milingimbi),36.65,East Arnhem
Gurrgurr,Family Outstation,-12.2064399999999,134.009039999999,Never recorded,False,0.0,90.0,93.0,402.0,312.0,135.0,,Mala'la Primary Health Care Centre,Palmerston Regional Hospital,False,False,19,3,6.87,,,,,29.4,Telstra,5G,Never recorded,Maningrida,29.04,Top End
Humpty Doo,Family Outstation,-12.63105,131.26078,Never recorded,False,0.0,20.0,15.0,39.0,27.0,0.0,27.0,Danila Dilba Health Service Humpty Doo Clinic,Palmerston Regional Hospital,True,False,29,1,52.58,,,,,5.36,Telstra,4G,Tower within 15km (2025),Batchelor,52.58,Top End
Ararlagu,Family Outstation,-11.52722,133.39848,Never recorded,False,9.7,19.0,37.0,,,,,Warruwi,,False,False,28,3,13.57,,,,,13.52,Telstra,4G,Tower within 15km (2025),Warruwi,13.57,Top End
Injilatparri,Family Outstation,-11.6111299999999,133.41363,Never recorded,False,0.7,10.0,19.0,,,,,Warruwi,,False,False,28,3,4.97,,,,,5.17,Telstra,4G,Tower within 15km (2025),Warruwi,4.97,Top End
Ji-Balbal,Family Outstation,-12.2975499999999,134.619889999999,Never recorded,False,0.1,51.0,53.0,493.0,406.0,226.0,,Ramingining Community Health Centre - Milbrim Road,Palmerston Regional Hospital,False,False,20,3,21.5,,,,,33.47,Telstra,5G,Never recorded,Ramingining,33.86,East Arnhem
Ji-Marda,Family Outstation,-12.05613,134.615009999999,Never recorded,False,0.1,,,,,,,,,False,False,20,3,30.67,,,,,32.88,Telstra,4G,Never recorded,Yurrwi (Milingimbi),33.59,East Arnhem
Ndjudda,Family Outstation,-11.98809,134.247729999999,Never recorded,False,0.1,27.0,43.0,503.0,426.0,236.0,,Mala'la Primary Health Care Centre,Palmerston Regional Hospital,False,False,22,4,5.18,,,,,7.7,Telstra,5G,Tower within 15km (2025),Maningrida,7.45,Top End
Knuckey Lagoon Indigenous Village,Town Camp,-12.4365399999999,130.937489999999,Never recorded,False,0.0,2.0,2.0,11.0,10.0,0.0,10.0,Berrimah Family Practice,Palmerston Regional Hospital,True,False,31,1,28.18,,,,,0.98,Telstra,5G,Macro cell nearby,Belyuen,28.18,Top End
Kolorbidahdah,Family Outstation,-12.61309,134.325389999999,Never recorded,False,0.2,77.0,118.0,471.0,421.0,204.0,,Mala'la Primary Health Care Centre,Palmerston Regional Hospital,False,False,20,2,50.27,,,,,62.86,Telstra,5G,Never recorded,Maningrida,63.49,Top End
Kulaluk,Town Camp,-12.39279,130.8489,Never recorded,False,0.0,1.0,2.0,8.0,7.0,0.0,7.0,Territory Medical Pty Ltd T/a Territory Medical Group,Royal Darwin Hospital,True,False,31,1,22.9,,,,,0.38,Optus,4G,Macro cell nearby,Belyuen,22.9,Top End
Kultchill,Family Outstation,-14.42586,129.57391,Never recorded,False,0.0,24.0,47.0,401.0,350.0,162.0,,Wadeye (Port Keats),Palmerston Regional Hospital,False,False,42,0,21.41,,,,,21.43,Telstra,5G,Never recorded,Wadeye (Port Keats),21.41,Top End
Mamadawerre,Family Outstation,-12.25629,133.65782,Never recorded,False,0.1,97.0,113.0,375.0,300.0,108.0,,Gunbalanya (Oenpelli),Palmerston Regional Hospital,False,False,24,3,40.51,,,,,65.74,Telstra,5G,Never recorded,Maningrida,65.61,Top End
Mandilbarreng,Family Outstation,-12.27402,133.58456,Never recorded,False,0.9,73.0,104.0,351.0,291.0,83.0,,Gunbalanya (Oenpelli),Palmerston Regional Hospital,False,False,25,2,48.47,,,,,57.62,Telstra,5G,Never recorded,Gunbalanya (Oenpelli),57.69,Top End
Mankorlod,Family Outstation,-12.5650099999999,134.270669999999,Never recorded,False,0.0,78.0,120.0,463.0,404.0,196.0,,Mala'la Primary Health Care Centre,Palmerston Regional Hospital,False,False,20,2,42.38,,,,,56.84,Telstra,5G,Never recorded,Maningrida,57.4,Top End
Mangardubu,Family Outstation,-12.0937,133.1864,Never recorded,False,16.9,39.0,58.0,318.0,244.0,34.0,,Gunbalanya (Oenpelli),Palmerston Regional Hospital,False,True,24,2,29.27,,,,,29.22,Telstra,5G,Never recorded,Gunbalanya (Oenpelli),29.27,Top End
Maningrida,Major,-12.0508499999999,134.22363,Has coverage,True,0.1,1.0,1.0,491.0,402.0,222.0,,Maningrida,Palmerston Regional Hospital,False,False,21,4,0.0,Maningrida,Macro cell,TELSTRA,2297.0,0.93,Telstra,5G,Macro cell nearby,Maningrida,0.0,Top End
Manmoyi,Minor,-12.54064,134.110009999999,Never recorded,False,0.2,85.0,112.0,456.0,391.0,189.0,,Mala'la Primary Health Care Centre,Palmerston Regional Hospital,False,False,20,2,31.89,,,,,55.54,Telstra,5G,Never recorded,Maningrida,55.84,Top End
Marrkolidjban,Family Outstation,-12.23751,134.064459999999,Never recorded,False,0.1,82.0,86.0,409.0,320.0,142.0,,Mala'la Primary Health Care Centre,Palmerston Regional Hospital,False,False,20,4,4.75,,,,,27.16,Telstra,5G,Never recorded,Maningrida,27.02,Top End
Pandayal,Family Outstation,-13.0747799999999,130.55589,Never recorded,False,0.0,,,,,,,,,False,False,29,1,15.95,,,,,16.06,Optus,4G,Never recorded,Batchelor,51.33,Top End
Mewirnbi,Family Outstation,-12.12529,134.768059999999,Never recorded,False,0.0,69.0,81.0,477.0,439.0,447.0,,Ramingining Community Health Centre - Milbrim Road,Gove District Hospital,False,False,21,3,14.94,,,,,15.4,Telstra,4G,Never recorded,Yurrwi (Milingimbi),16.7,East Arnhem
Mikginj Valley,Family Outstation,-12.4796599999999,133.074649999999,Never recorded,False,0.1,29.0,42.0,285.0,211.0,18.0,,Gunbalanya Community Health Centre,Palmerston Regional Hospital,False,False,25,1,15.28,,,,,13.93,Optus,4G,Tower within 15km (2025),Gunbalanya (Oenpelli),17.43,Top End
Milikapiti,Major,-11.4216699999999,130.67418,Has coverage,True,0.0,0.0,0.0,,,,,Milikapiti,,False,False,29,2,0.0,Milikapiti,Macro cell,TELSTRA,390.0,0.92,Telstra,4G,Macro cell nearby,Milikapiti,0.0,Top End
Malgawa,Family Outstation,-12.83887,133.91826,Never recorded,False,0.0,127.0,196.0,498.0,475.0,231.0,,Mala'la Primary Health Care Centre,Palmerston Regional Hospital,False,False,22,1,65.02,,,,,93.51,Telstra,5G,Never recorded,Maningrida,93.69,Top End
Mudginberri,Family Outstation,-12.5977199999999,132.873339999999,Never recorded,False,0.1,15.0,12.0,240.0,162.0,1.0,,Jabiru Health Centre,Palmerston Regional Hospital,False,False,25,0,0.05,Mudginberri,Near a cell,OPTUS/TELSTRA,50.0,9.02,Telstra,5G,Tower within 15km (2025),Jabiru,9.63,Top End
Waidaboonar,Family Outstation,-11.9382199999999,132.78225,Never recorded,False,0.1,68.0,131.0,347.0,318.0,80.0,,Gunbalanya (Oenpelli),Palmerston Regional Hospital,False,False,25,1,49.31,,,,,52.24,Telstra,5G,Never recorded,Gunbalanya (Oenpelli),52.21,Top End
Mumeka,Family Outstation,-12.3630599999999,134.135789999999,Never recorded,False,0.2,65.0,68.0,427.0,337.0,160.0,,Mala'la Primary Health Care Centre,Palmerston Regional Hospital,False,False,20,2,15.83,,,,,35.75,Telstra,5G,Never recorded,Maningrida,36.0,Top End
Wauk,Family Outstation,-11.5486299999999,132.925009999999,Never recorded,False,0.0,123.0,125.0,402.0,312.0,135.0,,Gunbalanya (Oenpelli),Palmerston Regional Hospital,False,False,26,3,20.05,,,,,51.28,Telstra,4G,Never recorded,Warruwi,51.79,Top End
Namugardabu,Family Outstation,-12.15779,134.02473,Never recorded,False,0.2,95.0,103.0,403.0,321.0,136.0,,Mala'la Primary Health Care Centre,Palmerston Regional Hospital,False,False,20,3,11.89,,,,,25.15,Telstra,5G,Never recorded,Maningrida,24.68,Top End
Kungarrewarl,Family Outstation,-12.34346,133.05617,Never recorded,False,0.0,4.0,6.0,282.0,192.0,15.0,,Gunbalanya (Oenpelli),Palmerston Regional Hospital,False,False,26,1,0.0,Kungarrewarl,Near a cell,TELSTRA,5.0,2.18,Telstra,5G,Macro cell nearby,Gunbalanya (Oenpelli),2.16,Top End
Nangak,Family Outstation,-12.21148,134.28387,Never recorded,False,0.1,22.0,25.0,473.0,384.0,206.0,,Mala'la Primary Health Care Centre,Palmerston Regional Hospital,False,False,20,3,19.02,,,,,18.29,Telstra,5G,Never recorded,Maningrida,19.02,Top End
Nangu,Family Outstation,-14.3731399999999,129.373349999999,Never recorded,False,0.1,32.0,62.0,409.0,365.0,170.0,,Wadeye (Port Keats),Palmerston Regional Hospital,False,False,44,0,21.66,,,,,21.63,Telstra,5G,Never recorded,Wadeye (Port Keats),21.66,Top End
Nabarlek,Family Outstation,-12.30829,133.292159999999,Never recorded,False,0.1,38.0,55.0,317.0,242.0,50.0,,Gunbalanya (Oenpelli),Palmerston Regional Hospital,False,False,25,1,25.71,,,,,25.64,Telstra,5G,Never recorded,Gunbalanya (Oenpelli),25.71,Top End
Nadirri,Family Outstation,-13.9537599999999,129.76657,Never recorded,False,0.1,52.0,104.0,356.0,340.0,137.0,,Peppimenarti Health Centre,Palmerston Regional Hospital,False,False,41,1,20.35,,,,,40.8,Telstra,4G,Never recorded,Woodyculpaldiya,27.41,Top End
Nauiyu,Major,-13.7505399999999,130.688929999999,Has coverage,True,0.0,0.0,0.0,205.0,142.0,0.0,142.0,Nauiyu Nambiyu (Daly River),Palmerston Regional Hospital,True,False,33,0,0.0,Nauiyu,Macro cell,TELSTRA,319.0,0.04,Telstra,5G,Macro cell nearby,Nauiyu Nambiyu (Daly River),0.0,Top End
Wurrumiyanga,Major,-11.75831,130.63747,Has coverage,True,0.1,1.0,1.0,,,,,Wurrumiyanga (Nguiu),,False,False,31,2,0.0,Wurrumiyanga,Macro cell,TELSTRA,1209.0,0.22,Telstra,4G,Macro cell nearby,Wurrumiyanga (Nguiu),0.0,Top End
Palmerston Indigenous Village,Town Camp,-12.4881,131.01168,Never recorded,False,0.0,3.0,3.0,7.0,6.0,0.0,6.0,Arafura Medical - Zuccoli,Palmerston Regional Hospital,True,False,30,1,34.31,,,,,1.0,TPG,4G,Macro cell nearby,Belyuen,34.31,Top End
Nganmarriyanga,Major,-14.3511099999999,129.87889,Has coverage,True,0.1,0.0,0.0,339.0,267.0,99.0,,Palumpa,Palmerston Regional Hospital,False,False,40,0,0.0,Nganmarriyanga,Macro cell,TELSTRA,328.0,0.34,Telstra,4G,Macro cell nearby,Palumpa,0.0,Top End
Perrederr,Family Outstation,-14.0196299999999,129.826609999999,Never recorded,False,0.2,44.0,87.0,347.0,323.0,128.0,,Peppimenarti Health Centre,Palmerston Regional Hospital,False,False,41,0,24.74,,,,,31.46,Telstra,4G,Never recorded,Woodyculpaldiya,25.94,Top End
Paru,Family Outstation,-11.74982,130.64642,Never recorded,False,0.1,42.0,50.0,,,,,Milikapiti Community Health Centre,,False,False,31,2,0.05,Paru,Near a cell,TELSTRA,5.0,1.26,Telstra,4G,Macro cell nearby,Wurrumiyanga (Nguiu),1.36,Top End
Patonga (Airstrip),Family Outstation,-12.9482599999999,132.569009999999,Never recorded,False,1.2,58.0,45.0,251.0,169.0,4.0,,Jabiru Health Centre,Katherine Hospital,False,False,28,0,4.04,,,,,1.59,Telstra,4G,Macro cell nearby,Jabiru,41.78,Top End
Peppimenarti,Major,-14.1503,130.0763,Has coverage,True,0.0,0.0,0.0,304.0,237.0,85.0,,Peppimenarti,Palmerston Regional Hospital,False,False,39,0,0.0,Peppimenarti,Macro cell,TELSTRA,171.0,0.91,Telstra,4G,Macro cell nearby,Peppimenarti,0.0,Top End
Pirlangimpi,Major,-11.4059,130.4172,Has coverage,True,0.0,0.0,0.0,,,,,Pirlangimpi,,False,False,30,2,0.0,Pirlangimpi,Macro cell,TELSTRA,289.0,0.41,Telstra,4G,Macro cell nearby,Pirlangimpi,0.0,Top End
Railway Dam,Town Camp,-12.4540399999999,130.8439,Never recorded,False,0.1,1.0,1.0,15.0,12.0,0.0,12.0,Vmg Clinics,Royal Darwin Hospital,True,False,30,1,18.24,,,,,0.47,Telstra,5G,Macro cell nearby,Belyuen,18.24,Top End
Redcliff,Family Outstation,-14.01484,129.708129999999,Never recorded,False,1.7,46.0,80.0,401.0,361.0,160.0,,Wadeye Community Health Centre,Palmerston Regional Hospital,False,False,41,0,12.12,,,,,32.25,Telstra,5G,Never recorded,Wadeye (Port Keats),32.22,Top End
Spring Peak,Family Outstation,-12.96266,132.454239999999,Never recorded,False,0.1,69.0,51.0,202.0,162.0,77.0,,Jabiru Health Centre,Palmerston Regional Hospital,False,False,28,0,8.93,,,,,9.72,Telstra,5G,Tower within 15km (2025),Jabiru,52.1,Top End
Tree Point,Family Outstation,-12.3083899999999,131.01819,Never recorded,False,0.2,45.0,42.0,52.0,46.0,9.0,,Howard Springs Medical Centre,Palmerston Regional Hospital,False,False,31,1,43.01,,,,,6.87,Optus,4G,Tower within 15km (2025),Belyuen,43.01,Top End
Taracumbi,Family Outstation,-11.60806,130.711309999999,Never recorded,False,4.8,33.0,45.0,,,,,Milikapiti Community Health Centre,,False,False,29,2,17.31,,,,,18.37,Telstra,4G,Never recorded,Wurrumiyanga (Nguiu),18.54,Top End
Wadeye,Major,-14.2404,129.520499999999,Has coverage,True,0.1,0.0,0.0,383.0,311.0,142.0,,Wadeye (Port Keats),Palmerston Regional Hospital,False,False,42,0,0.0,Wadeye,Macro cell,TELSTRA,1650.0,0.05,Telstra,5G,Macro cell nearby,Wadeye (Port Keats),0.0,Top End
Amangal Indigenous Village,Town Camp,-13.2445,131.1041,Never recorded,False,0.0,2.0,2.0,96.0,59.0,0.0,59.0,Adelaide River,Palmerston Regional Hospital,True,False,31,0,0.75,Adelaide River,Macro cell,OPTUS/TELSTRA,317.0,0.52,Telstra,4G,Macro cell nearby,Adelaide River,0.75,Top End
Waminari,Family Outstation,-11.7686099999999,133.397539999999,Never recorded,False,10.3,16.0,31.0,,,,,Warruwi,,False,True,27,3,2.26,Armorran,Near a cell,TELSTRA,8.0,13.48,Telstra,4G,Tower within 15km (2025),Warruwi,13.33,Top End
Warruwi,Major,-11.6489599999999,133.38935,Has coverage,True,0.1,0.0,0.0,,,,,Warruwi,,False,False,27,3,0.0,Warruwi,Macro cell,TELSTRA,391.0,0.51,Telstra,4G,Macro cell nearby,Warruwi,0.0,Top End
Ngardinitchi,Family Outstation,-14.1928799999999,129.484309999999,Never recorded,False,1.2,13.0,25.0,395.0,335.0,151.0,,Wadeye (Port Keats),Palmerston Regional Hospital,False,False,42,1,6.57,,,,,6.53,Telstra,5G,Tower within 15km (2025),Wadeye (Port Keats),6.57,Top End
Wigu,Family Outstation,-11.6135299999999,133.43225,Never recorded,False,0.1,11.0,21.0,,,,,Warruwi,,False,False,28,3,6.11,,,,,6.45,Telstra,4G,Tower within 15km (2025),Warruwi,6.11,Top End
Wilgi,Family Outstation,-11.49601,132.74947,Never recorded,False,0.3,152.0,164.0,430.0,350.0,163.0,,Gunbalanya (Oenpelli),Palmerston Regional Hospital,False,False,27,1,0.05,Wilgi,Near a cell,TELSTRA,6.0,43.18,Telstra,4G,Small cell or near a cell,Minjilang,42.68,Top End
Woodycupaldiya,Minor,-13.8592599999999,130.001149999999,Never recorded,False,0.0,0.0,0.0,313.0,299.0,94.0,,Woodyculpaldiya,Palmerston Regional Hospital,False,False,40,0,33.36,,,,,34.16,Telstra,4G,Never recorded,Woodyculpaldiya,0.0,Top End
Wudapuli,Family Outstation,-14.2135099999999,129.853149999999,Never recorded,False,0.1,24.0,39.0,361.0,303.0,122.0,,Palumpa,Palmerston Regional Hospital,False,False,41,0,15.55,,,,,15.61,Telstra,4G,Never recorded,Palumpa,15.55,Top End
Wurdeja,Family Outstation,-12.17057,134.660849999999,Never recorded,False,0.1,58.0,58.0,466.0,416.0,436.0,,Ramingining Community Health Centre - Milbrim Road,Gove District Hospital,False,False,20,3,21.38,,,,,27.58,Telstra,4G,Never recorded,Yurrwi (Milingimbi),29.15,East Arnhem
Alharrgan,Family Outstation,-13.67507,136.05261,Never recorded,False,0.2,96.0,135.0,398.0,408.0,382.0,,Numbulwar,Gove District Hospital,False,False,26,0,45.91,,,,,19.91,Telstra,4G,Never recorded,Milyakburra (Bickerton Island),19.64,East Arnhem
Alyingberrma,Family Outstation,-13.8093399999999,136.81691,Never recorded,False,3.1,,,,,,,,,False,False,30,0,5.64,,,,,5.32,Telstra,4G,Tower within 15km (2025),Umbakumba,5.64,East Arnhem
Amanburnunga,Family Outstation,-13.9264099999999,136.69486,Never recorded,False,0.1,19.0,22.0,,,,,Umbakumba,,False,False,31,0,14.58,,,,,14.86,Telstra,4G,Tower within 15km (2025),Umbakumba,14.58,East Arnhem
Amirraba,Family Outstation,-13.9086799999999,136.857869999999,Never recorded,False,0.1,8.0,15.0,,,,,Umbakumba,,False,False,31,0,7.42,,,,,7.54,Telstra,4G,Tower within 15km (2025),Umbakumba,7.42,East Arnhem
Andanangki,Family Outstation,-13.60962,135.765029999999,Never recorded,False,0.2,89.0,88.0,327.0,298.0,312.0,,Numbulwar,Gove District Hospital,False,False,25,0,74.49,,,,,50.74,Telstra,4G,Never recorded,Milyakburra (Bickerton Island),50.41,East Arnhem
Angurugu,Major,-13.9822399999999,136.460569999999,Has coverage,True,0.1,0.0,0.0,,,,,Angurugu Primary Health Centre,,False,False,31,0,0.0,Angurugu,Macro cell,TELSTRA,883.0,2.09,Telstra,4G,Macro cell nearby,Angurugu,0.0,East Arnhem
Balma,Family Outstation,-13.24939,135.848569999999,Never recorded,False,0.1,100.0,113.0,269.0,253.0,254.0,,Gapuwiyak,Gove District Hospital,False,False,24,0,83.1,,,,,70.47,Telstra,4G,Never recorded,Milyakburra (Bickerton Island),70.3,East Arnhem
Banthula,Family Outstation,-11.8358499999999,135.873649999999,Never recorded,False,0.1,45.0,89.0,,,,,Galiwin'ku Health Centre,,False,False,25,3,36.95,,,,,39.61,Telstra,5G,Never recorded,Galiwin'ku (Elcho Island),39.4,East Arnhem
Baniyala,Minor,-13.2004,136.2261,Never recorded,False,0.1,123.0,173.0,206.0,237.0,190.0,,Gapuwiyak,Gove District Hospital,False,False,26,0,73.24,,,,,64.92,Telstra,4G,Never recorded,Milyakburra (Bickerton Island),64.96,East Arnhem
Bawaka,Family Outstation,-12.53365,136.764019999999,Never recorded,False,0.7,48.0,65.0,52.0,67.0,36.0,,Laynhapuy Homelands,Gove District Hospital,False,False,27,1,30.46,,,,,17.22,Telstra,4G,Never recorded,Laynhapuy Homelands,34.17,East Arnhem
Baygurrtji,Family Outstation,-13.1578699999999,135.866539999999,Never recorded,False,0.1,102.0,118.0,271.0,258.0,255.0,,Gapuwiyak,Gove District Hospital,False,False,25,0,73.09,,,,,73.1,Telstra,4G,Never recorded,Gapuwiyak,73.09,East Arnhem
Birany Birany,Minor,-12.8170299999999,136.476689999999,Never recorded,False,0.1,104.0,109.0,141.0,135.0,126.0,,Gapuwiyak,Gove District Hospital,False,False,27,0,62.87,,,,,59.61,Telstra,4G,Never recorded,Gunyangara,71.37,East Arnhem
Bodia,Family Outstation,-12.0768799999999,134.896279999999,Never recorded,False,0.1,5.0,8.0,,,,,Yurrwi (Milingimbi),,False,False,21,3,0.0,Bodia,Near a cell,TELSTRA,29.0,5.26,Telstra,4G,Tower within 15km (2025),Yurrwi (Milingimbi),3.94,East Arnhem
Bukudal,Family Outstation,-12.9664699999999,136.613529999999,Never recorded,False,0.1,135.0,171.0,172.0,197.0,157.0,,Gapuwiyak,Gove District Hospital,False,False,27,0,76.48,,,,,67.97,Telstra,4G,Never recorded,Gunyangara,84.11,East Arnhem
Bularring,Family Outstation,-12.04636,135.703419999999,Never recorded,False,0.0,131.0,222.0,300.0,362.0,285.0,,Gapuwiyak,Gove District Hospital,False,False,24,3,11.93,,,,,15.24,Telstra,5G,Never recorded,Galiwin'ku (Elcho Island),15.12,East Arnhem
Bundatharri,Family Outstation,-12.23568,134.84672,Never recorded,False,0.3,26.0,38.0,434.0,395.0,404.0,,Ramingining Community Health Centre - Milbrim Road,Gove District Hospital,False,False,22,3,6.52,,,,,13.46,Telstra,5G,Tower within 15km (2025),Ramingining,13.67,East Arnhem
Rorruwuy,Minor,-12.2029199999999,136.295639999999,Never recorded,False,0.1,136.0,203.0,139.0,204.0,124.0,,Laynhapuy Homelands,Gove District Hospital,False,False,26,2,37.25,,,,,43.1,Telstra,4G,Never recorded,Gunyangara,44.59,East Arnhem
Burrum,Family Outstation,-12.3094,135.960499999999,Never recorded,False,0.0,36.0,72.0,254.0,260.0,237.0,,Gapuwiyak Community Health Centre,Gove District Hospital,False,False,26,2,26.88,,,,,27.48,Telstra,4G,Never recorded,Gapuwiyak,27.32,East Arnhem
Darrangmurmanja,Family Outstation,-13.72486,136.59277,Never recorded,False,0.1,39.0,61.0,,,,,Umbakumba,,False,False,27,0,18.17,,,,,21.87,Telstra,4G,Never recorded,Alyangula,23.39,East Arnhem
Dhalinybuy,Minor,-12.4125,136.387799999999,Never recorded,False,0.0,81.0,92.0,84.0,94.0,69.0,,Laynhapuy Homelands,Gove District Hospital,False,False,26,1,32.84,,,,,41.21,Telstra,4G,Never recorded,Gunyangara,40.9,East Arnhem
Dhamiyaka,Family Outstation,-12.6564,135.85557,Never recorded,False,0.1,20.0,27.0,211.0,187.0,195.0,,Gapuwiyak,Gove District Hospital,False,False,23,1,17.87,,,,,17.93,Telstra,4G,Never recorded,Gapuwiyak,17.87,East Arnhem
Dharrni,Family Outstation,-13.7498299999999,136.020049999999,Never recorded,False,0.1,86.0,115.0,388.0,388.0,372.0,,Numbulwar,Gove District Hospital,False,False,26,0,47.05,,,,,19.71,Telstra,4G,Never recorded,Milyakburra (Bickerton Island),19.36,East Arnhem
Dhipirrinjura,Family Outstation,-12.2480599999999,135.097569999999,Never recorded,False,9.2,22.0,44.0,439.0,410.0,396.0,,Ramingining,Gove District Hospital,False,False,21,3,0.0,Dhipirrinjura,Near a cell,TELSTRA,30.0,20.63,Telstra,5G,Small cell or near a cell,Ramingining,20.25,East Arnhem
Dholtji,Family Outstation,-11.94835,136.46161,Never recorded,False,6.7,146.0,223.0,149.0,224.0,127.0,,Laynhapuy Homelands,Gove District Hospital,False,False,24,3,36.95,,,,,36.82,Telstra,4G,Never recorded,Gunyangara,39.83,East Arnhem
Dhupuwamirri,Family Outstation,-12.6679599999999,135.392179999999,Never recorded,False,0.0,78.0,96.0,247.0,236.0,231.0,,Gapuwiyak,Gove District Hospital,False,False,24,1,48.46,,,,,48.26,Telstra,4G,Never recorded,Gapuwiyak,48.49,East Arnhem
Rurrangala,Family Outstation,-12.9042499999999,136.253819999999,Never recorded,False,0.0,90.0,106.0,172.0,171.0,157.0,,Gapuwiyak,Gove District Hospital,False,False,26,0,65.95,,,,,66.12,Telstra,4G,Never recorded,Gapuwiyak,65.95,East Arnhem
Borogomarra,Family Outstation,-12.2415899999999,134.97834,Never recorded,False,2.6,18.0,36.0,435.0,401.0,398.0,,Ramingining,Gove District Hospital,False,False,21,3,6.45,,,,,11.18,Telstra,5G,Tower within 15km (2025),Ramingining,10.93,East Arnhem
Djarrakpi,Family Outstation,-13.2969099999999,136.351619999999,Never recorded,False,0.0,160.0,220.0,197.0,246.0,181.0,,Gapuwiyak,Gove District Hospital,False,False,26,0,59.25,,,,,56.57,Telstra,4G,Never recorded,Milyakburra (Bickerton Island),56.71,East Arnhem
Djurranalpi,Family Outstation,-11.84684,135.872919999999,Never recorded,False,0.5,45.0,88.0,,,,,Galiwin'ku Health Centre,,False,False,25,3,36.31,,,,,38.91,Telstra,5G,Never recorded,Galiwin'ku (Elcho Island),38.7,East Arnhem
Donydji,Family Outstation,-12.89045,135.47028,Never recorded,False,0.1,84.0,81.0,253.0,221.0,237.0,,Gapuwiyak,Gove District Hospital,False,False,25,1,56.38,,,,,56.22,Telstra,4G,Never recorded,Gapuwiyak,56.38,East Arnhem
Galawdjapin,Family Outstation,-12.2869499999999,134.817509999999,Never recorded,False,1.0,18.0,22.0,426.0,380.0,395.0,,Ramingining Community Health Centre - Milbrim Road,Gove District Hospital,False,False,22,3,0.0,Galawdjapin,Near a cell,TELSTRA,12.0,12.69,Telstra,5G,Tower within 15km (2025),Ramingining,13.04,East Arnhem
Gilirri,Family Outstation,-12.33029,134.816949999999,Never recorded,False,0.1,14.0,15.0,422.0,373.0,393.0,,Ramingining Community Health Centre - Milbrim Road,Gove District Hospital,False,False,21,3,4.82,,,,,11.89,Telstra,5G,Tower within 15km (2025),Ramingining,12.28,East Arnhem
Galiwinku,Major,-12.0235,135.5664,Has coverage,True,0.0,0.0,0.0,,,,,Galiwin'ku (Elcho Island),,False,False,23,3,0.0,Galiwinku,Macro cell,TELSTRA,2027.0,0.21,Telstra,5G,Macro cell nearby,Galiwin'ku (Elcho Island),0.0,East Arnhem
Bayagida,Family Outstation,-12.04269,134.92821,Never recorded,False,5.3,10.0,18.0,,,,,Yurrwi (Milingimbi),,False,False,22,3,5.15,,,,,9.08,Telstra,4G,Tower within 15km (2025),Yurrwi (Milingimbi),6.83,East Arnhem
Galupa,Family Outstation,-12.1925,136.6892,Never recorded,False,0.1,5.0,6.0,12.0,9.0,0.0,,Gunyangara,Gove District Hospital,False,False,25,1,3.12,,,,,0.34,Telstra,4G,Macro cell nearby,Gunyangara,3.12,East Arnhem
Galaru,Family Outstation,-12.16601,136.757319999999,Never recorded,False,0.4,6.0,8.0,6.0,8.0,2.0,,Nhulunbuy Urban,Gove District Hospital,False,False,26,2,7.85,,,,,2.73,Optus,4G,Macro cell nearby,Nhulunbuy Urban,3.12,East Arnhem
Gumuruguru,Family Outstation,-12.06001,134.763059999999,Never recorded,False,7.3,76.0,95.0,484.0,453.0,447.0,,Ramingining Community Health Centre - Milbrim Road,Gove District Hospital,False,False,21,3,14.61,,,,,17.39,Telstra,4G,Never recorded,Yurrwi (Milingimbi),17.75,East Arnhem
Gan Gan,Minor,-13.0460499999999,135.943539999999,Never recorded,False,0.1,103.0,141.0,202.0,220.0,186.0,,Gapuwiyak,Gove District Hospital,False,False,27,0,62.18,,,,,62.23,Telstra,4G,Never recorded,Gapuwiyak,62.18,East Arnhem
Ganpura,Family Outstation,-11.88523,135.812349999999,Never recorded,False,3.3,36.0,70.0,,,,,Galiwin'ku Health Centre,,False,False,25,3,28.51,,,,,31.06,Telstra,5G,Never recorded,Galiwin'ku (Elcho Island),30.86,East Arnhem
Gapuwiyak,Major,-12.5032199999999,135.805869999999,Has coverage,True,0.0,0.0,0.0,218.0,188.0,201.0,,Gapuwiyak,Gove District Hospital,False,False,23,2,0.0,Gapuwiyak,Macro cell,TELSTRA,645.0,0.25,Telstra,4G,Macro cell nearby,Gapuwiyak,0.0,East Arnhem
Mooronga,Family Outstation,-11.9211899999999,135.0749,Never recorded,False,0.1,,,,,,,,,False,False,24,3,26.02,,,,,28.69,Telstra,4G,Never recorded,Yurrwi (Milingimbi),26.36,East Arnhem
Garriyak,Family Outstation,-12.14861,135.562839999999,Never recorded,False,0.0,112.0,185.0,281.0,324.0,266.0,,Gapuwiyak,Gove District Hospital,False,False,23,3,10.68,,,,,13.77,Telstra,5G,Tower within 15km (2025),Galiwin'ku (Elcho Island),13.92,East Arnhem
Garrthalala,Family Outstation,-12.76305,136.569179999999,Never recorded,False,0.0,119.0,126.0,122.0,128.0,107.0,,Laynhapuy Homelands,Gove District Hospital,False,False,26,1,54.57,,,,,49.09,Telstra,4G,Never recorded,Gunyangara,62.67,East Arnhem
Gatji,Family Outstation,-12.2730599999999,134.82029,Never recorded,False,0.0,20.0,25.0,428.0,383.0,398.0,,Ramingining Community Health Centre - Milbrim Road,Gove District Hospital,False,False,22,3,1.57,Galawdjapin,Near a cell,TELSTRA,12.0,13.06,Telstra,5G,Tower within 15km (2025),Ramingining,13.38,East Arnhem
Gawa,Family Outstation,-11.76032,135.90485,Never recorded,False,0.1,57.0,113.0,,,,,Galiwin'ku Health Centre,,False,False,25,3,44.31,,,,,47.25,Telstra,5G,Never recorded,Galiwin'ku (Elcho Island),47.04,East Arnhem
Gikal,Family Outstation,-12.05218,136.320369999999,Never recorded,False,0.3,134.0,198.0,137.0,200.0,121.0,,Laynhapuy Homelands,Gove District Hospital,False,False,25,2,39.86,,,,,43.25,Telstra,4G,Never recorded,Gunyangara,45.65,East Arnhem
Gitan,Family Outstation,-11.91169,135.78183,Never recorded,False,0.1,35.0,68.0,,,,,Galiwin'ku Health Centre,,False,False,25,3,24.29,,,,,26.73,Telstra,5G,Never recorded,Galiwin'ku (Elcho Island),26.53,East Arnhem
Gulmarri,Family Outstation,-11.9170099999999,135.82229,Never recorded,False,0.1,33.0,65.0,,,,,Galiwin'ku Health Centre,,False,False,25,3,28.23,,,,,30.45,Telstra,5G,Never recorded,Galiwin'ku (Elcho Island),30.25,East Arnhem
Gunyangara,Minor,-12.21542,136.70569,Has coverage,True,0.1,0.0,0.0,13.0,11.0,0.0,11.0,Gunyangara,Gove District Hospital,True,False,25,1,0.0,Gunyangara,Near a cell,OPTUS/TELSTRA,209.0,3.09,Telstra,4G,Tower within 15km (2025),Gunyangara,0.0,East Arnhem
Gurkawuy,Family Outstation,-12.97616,136.50362,Never recorded,False,0.0,123.0,145.0,160.0,171.0,144.0,,Gapuwiyak,Gove District Hospital,False,False,28,0,79.2,,,,,73.35,Telstra,4G,Never recorded,Gunyangara,87.39,East Arnhem
Gurrumuru,Minor,-12.5922399999999,136.231679999999,Never recorded,False,0.2,104.0,119.0,160.0,161.0,144.0,,Gapuwiyak,Gove District Hospital,False,False,25,1,47.27,,,,,47.5,Telstra,4G,Never recorded,Gapuwiyak,47.27,East Arnhem
Langarra,Family Outstation,-12.0991799999999,135.36168,Never recorded,False,16.4,122.0,206.0,292.0,345.0,260.0,,Gapuwiyak,Gove District Hospital,False,True,22,3,22.27,,,,,23.61,Telstra,5G,Never recorded,Galiwin'ku (Elcho Island),23.8,East Arnhem
Malkala,Family Outstation,-13.8914,136.442239999999,Never recorded,False,0.3,6.0,6.0,,,,,Alyangula,,False,False,29,0,0.0,Malkala,Near a cell,TELSTRA,71.0,4.99,Telstra,4G,Tower within 15km (2025),Alyangula,5.18,East Arnhem
Malnjangarnak,Family Outstation,-12.66057,134.773349999999,Never recorded,False,0.1,52.0,58.0,377.0,333.0,348.0,,Ramingining Community Health Centre - Milbrim Road,Gove District Hospital,False,False,22,1,40.72,,,,,40.51,Telstra,5G,Never recorded,Ramingining,40.72,East Arnhem
Mapuru,Minor,-12.2531799999999,135.43779,Never recorded,False,0.1,106.0,173.0,275.0,312.0,260.0,,Gapuwiyak,Gove District Hospital,False,False,22,3,26.01,,,,,28.91,Telstra,5G,Never recorded,Galiwin'ku (Elcho Island),29.12,East Arnhem
Marraya,Family Outstation,-13.83939,135.80099,Never recorded,False,0.1,57.0,58.0,362.0,334.0,347.0,,Numbulwar,Gove District Hospital,False,False,26,0,49.33,,,,,43.44,Telstra,4G,Never recorded,Milyakburra (Bickerton Island),43.08,East Arnhem
Martjanba,Family Outstation,-11.1700599999999,136.70702,Never recorded,False,69.2,,,,,,,,,False,True,24,3,102.21,,,,,112.71,Optus,4G,Never recorded,Nhulunbuy Urban,113.33,East Arnhem
Matamata,Family Outstation,-12.07676,136.27125,Never recorded,False,0.1,135.0,201.0,138.0,203.0,123.0,,Laynhapuy Homelands,Gove District Hospital,False,False,26,2,43.39,,,,,47.47,Telstra,4G,Never recorded,Gunyangara,49.68,East Arnhem
Mawulyumanja,Family Outstation,-13.8427799999999,136.723349999999,Never recorded,False,0.1,19.0,23.0,,,,,Umbakumba,,False,False,31,0,9.66,,,,,9.76,Telstra,4G,Tower within 15km (2025),Umbakumba,9.66,East Arnhem
Milingimbi,Major,-12.1036,134.9201,Has coverage,True,0.1,0.0,0.0,,,,,Yurrwi (Milingimbi),,False,False,21,3,0.0,Milingimbi,Macro cell,TELSTRA,1025.0,2.37,Telstra,4G,Macro cell nearby,Yurrwi (Milingimbi),0.0,East Arnhem
Milyakburra,Major,-13.78389,136.19583,No coverage,False,0.1,0.0,0.0,,,,,Milyakburra (Bickerton Island),,False,False,26,0,27.7,,,,,0.37,Telstra,4G,Macro cell nearby,Milyakburra (Bickerton Island),0.0,East Arnhem
Mirrnatja,Family Outstation,-12.6577899999999,135.19307,Never recorded,False,0.1,104.0,149.0,273.0,288.0,258.0,,Gapuwiyak,Gove District Hospital,False,False,24,1,45.58,,,,,46.69,Telstra,5G,Never recorded,Ramingining,46.5,East Arnhem
Miwul,Family Outstation,-14.03209,135.912659999999,Never recorded,False,0.1,50.0,63.0,392.0,376.0,377.0,,Numbulwar,Gove District Hospital,False,False,26,0,33.14,,,,,33.19,Telstra,4G,Never recorded,Numbulwar,33.14,Big Rivers
Mulgurram,Family Outstation,-12.4019599999999,134.960849999999,Never recorded,False,0.1,23.0,31.0,411.0,369.0,382.0,,Ramingining Community Health Centre - Milbrim Road,Gove District Hospital,False,False,20,3,8.9,,,,,9.0,Telstra,5G,Tower within 15km (2025),Ramingining,8.9,East Arnhem
Naliyindi,Family Outstation,-12.54196,135.178629999999,Never recorded,False,13.0,107.0,175.0,276.0,314.0,248.0,,Gapuwiyak,Gove District Hospital,False,True,24,1,33.59,,,,,36.26,Telstra,5G,Never recorded,Ramingining,36.0,East Arnhem
Ngangalala,Minor,-12.2983499999999,134.992239999999,Never recorded,False,0.1,9.0,17.0,426.0,382.0,391.0,,Ramingining,Gove District Hospital,False,False,21,3,0.05,Ngangalala,Near a cell,TELSTRA,55.0,7.89,Telstra,5G,Tower within 15km (2025),Ramingining,7.51,East Arnhem
Nanyingburra,Family Outstation,-11.76057,135.873649999999,Never recorded,False,0.1,59.0,116.0,,,,,Galiwin'ku Health Centre,,False,False,25,3,41.59,,,,,44.62,Telstra,5G,Never recorded,Galiwin'ku (Elcho Island),44.41,East Arnhem
Ngayawilli,Family Outstation,-11.9943,135.5745,Never recorded,False,0.0,6.0,11.0,,,,,Galiwin'ku Health Centre,,False,False,23,3,0.06,Ngayawilli,Near a cell,TELSTRA,13.0,3.55,Telstra,5G,Tower within 15km (2025),Galiwin'ku (Elcho Island),3.36,East Arnhem
Ngadumiyerrka,Family Outstation,-13.82001,136.4564,Never recorded,False,0.0,8.0,11.0,,,,,Alyangula,,False,False,29,0,0.04,Ngadumiyerrka,Near a cell,TELSTRA,24.0,3.86,Telstra,4G,Tower within 15km (2025),Alyangula,5.27,East Arnhem
Ngilipitji,Family Outstation,-13.54468,135.52562,Never recorded,False,0.1,140.0,161.0,310.0,300.0,294.0,,Gapuwiyak,Gove District Hospital,False,False,25,0,84.9,,,,,77.48,Telstra,4G,Never recorded,Milyakburra (Bickerton Island),77.15,East Arnhem
Nikawu,Family Outstation,-12.08962,135.545449999999,Never recorded,False,4.5,8.0,15.0,,,,,Galiwin'ku (Elcho Island),,False,False,23,3,4.45,,,,,7.51,Telstra,5G,Tower within 15km (2025),Galiwin'ku (Elcho Island),7.7,East Arnhem
Wurwula,Family Outstation,-11.9764599999999,136.30349,Never recorded,False,8.9,142.0,216.0,146.0,217.0,121.0,,Laynhapuy Homelands,Gove District Hospital,False,False,25,3,46.14,,,,,48.51,Telstra,4G,Never recorded,Gunyangara,51.17,East Arnhem
Numbulwar,Major,-14.2791,135.7406,Has coverage,True,0.0,0.0,0.0,467.0,384.0,199.0,,Numbulwar,Katherine Hospital,False,False,26,1,0.0,Numbulwar,Macro cell,TELSTRA,675.0,0.07,Telstra,4G,Macro cell nearby,Numbulwar,0.0,Big Rivers
Ramingining,Major,-12.32779,134.930009999999,Has coverage,True,0.1,0.0,0.0,417.0,366.0,383.0,,Ramingining,Gove District Hospital,False,False,20,3,0.0,Ramingining,Macro cell,TELSTRA,742.0,0.4,Telstra,5G,Macro cell nearby,Ramingining,0.0,East Arnhem
Raymangirr,Family Outstation,-12.3403099999999,136.00253,Never recorded,False,0.1,39.0,78.0,257.0,266.0,240.0,,Gapuwiyak Community Health Centre,Gove District Hospital,False,False,27,2,28.0,,,,,28.2,Telstra,4G,Never recorded,Gapuwiyak,28.0,East Arnhem
Dhuruputjpi,Family Outstation,-13.0547799999999,136.176609999999,Never recorded,False,0.1,105.0,147.0,205.0,226.0,189.0,,Gapuwiyak,Gove District Hospital,False,False,28,0,73.33,,,,,73.46,Telstra,4G,Never recorded,Gapuwiyak,73.33,East Arnhem
Umbakumba,Major,-13.8597399999999,136.811129999999,Has coverage,True,0.0,0.0,0.0,,,,,Umbakumba,,False,False,31,0,0.0,Umbakumba,Macro cell,TELSTRA,441.0,0.34,Telstra,4G,Macro cell nearby,Umbakumba,0.0,East Arnhem
Waldnarr,Family Outstation,-13.76563,135.805309999999,Never recorded,False,0.0,70.0,73.0,353.0,327.0,338.0,,Numbulwar,Gove District Hospital,False,False,25,0,57.52,,,,,42.59,Telstra,4G,Never recorded,Milyakburra (Bickerton Island),42.22,East Arnhem
Wandawuy,Family Outstation,-12.89147,136.356359999999,Never recorded,False,0.1,98.0,105.0,149.0,143.0,134.0,,Gapuwiyak,Gove District Hospital,False,False,26,0,73.69,,,,,73.88,Telstra,4G,Never recorded,Gapuwiyak,73.69,East Arnhem
Wumajbarr,Family Outstation,-14.16648,135.692409999999,Never recorded,False,0.1,16.0,20.0,460.0,381.0,194.0,,Numbulwar,Katherine Hospital,False,False,25,0,13.56,,,,,13.54,Telstra,4G,Tower within 15km (2025),Numbulwar,13.56,Big Rivers
Wunburri,Family Outstation,-11.59498,136.07853,Never recorded,False,26.4,83.0,165.0,,,,,Galiwin'ku Health Centre,,False,True,24,3,70.52,,,,,73.54,Telstra,5G,Never recorded,Galiwin'ku (Elcho Island),73.33,East Arnhem
Wurrumenbumanja,Family Outstation,-14.1377899999999,136.515569999999,Never recorded,False,0.0,25.0,50.0,,,,,Angurugu Primary Health Centre,,False,False,32,0,18.29,,,,,19.06,Telstra,4G,Never recorded,Angurugu,18.29,East Arnhem
Wuyagiba,Family Outstation,-14.62149,135.520359999999,Never recorded,False,0.0,104.0,145.0,446.0,405.0,181.0,,Numbulwar,Katherine Hospital,False,False,27,1,44.85,,,,,44.81,Telstra,4G,Never recorded,Numbulwar,44.85,Big Rivers
Yanungbi,Family Outstation,-12.27975,136.65787,Never recorded,False,1.0,57.0,65.0,60.0,67.0,44.0,,Laynhapuy Homelands,Gove District Hospital,False,False,26,1,0.03,Yanungbi,Near a cell,TELSTRA,5.0,10.54,Telstra,4G,Tower within 15km (2025),Gunyangara,8.84,East Arnhem
Yathalamarra,Minor,-12.2744599999999,134.92196,Never recorded,False,0.0,9.0,16.0,426.0,382.0,391.0,,Ramingining,Gove District Hospital,False,False,21,3,0.05,Yathalamarra,Near a cell,TELSTRA,59.0,6.01,Telstra,5G,Tower within 15km (2025),Ramingining,5.99,East Arnhem
Yedikba,Family Outstation,-14.08056,136.45703,Never recorded,False,0.2,13.0,25.0,,,,,Angurugu Primary Health Centre,,False,False,31,0,10.94,,,,,11.06,Telstra,4G,Tower within 15km (2025),Angurugu,10.94,East Arnhem
Yanbakwa,Family Outstation,-14.21668,136.45613,Never recorded,False,0.1,31.0,62.0,,,,,Angurugu Primary Health Centre,,False,False,30,1,26.07,,,,,26.11,Telstra,4G,Never recorded,Angurugu,26.07,East Arnhem
Yimidarra,Family Outstation,-14.2175199999999,135.564629999999,Never recorded,False,0.1,29.0,34.0,448.0,369.0,182.0,,Numbulwar,Katherine Hospital,False,False,25,0,20.16,,,,,20.11,Telstra,4G,Never recorded,Numbulwar,20.16,Big Rivers
Yirringa,Family Outstation,-11.6453799999999,136.025779999999,Never recorded,False,18.4,75.0,149.0,,,,,Galiwin'ku Health Centre,,False,True,26,3,62.53,,,,,65.54,Telstra,5G,Never recorded,Galiwin'ku (Elcho Island),65.32,East Arnhem
Yirrkala,Major,-12.2527899999999,136.89168,Has coverage,True,0.1,0.0,0.0,18.0,14.0,0.0,14.0,Laynhapuy Homelands,Gove District Hospital,True,False,26,1,0.0,Yirrkala,Macro cell,TELSTRA,524.0,0.49,Telstra,4G,Macro cell nearby,Laynhapuy Homelands,0.0,East Arnhem
Badawarrka,Family Outstation,-14.6960299999999,134.44378,Never recorded,False,0.0,17.0,19.0,282.0,202.0,26.0,,Urapunga (Rittarangu),Katherine Hospital,False,False,23,0,31.26,,,,,31.36,Telstra,4G,Never recorded,Urapunga (Rittarangu),13.16,Big Rivers
Bamboo Springs,Family Outstation,-16.95993,129.08393,Never recorded,False,0.0,291.0,291.0,755.0,593.0,290.0,,Kalkaringi (Wave Hill),Katherine Hospital,False,False,22,0,13.0,,,,,12.98,Telstra,4G,Tower within 15km (2025),Amanbidji (Kildurk),82.12,Big Rivers
Barrapunta,Family Outstation,-13.15658,134.85057,Never recorded,False,0.1,88.0,76.0,329.0,278.0,299.0,,Gulin (Bulman),Gove District Hospital,False,False,25,1,79.56,,,,,79.56,Telstra,4G,Never recorded,Gulin (Bulman),79.56,Big Rivers
Barunga,Major,-14.5236299999999,132.86668,Has coverage,True,0.1,0.0,1.0,84.0,54.0,0.0,54.0,Barunga (Bamyili),Katherine Hospital,True,False,23,0,0.0,Barunga,Macro cell,TELSTRA,337.0,0.52,Telstra,5G,Macro cell nearby,Barunga (Bamyili),0.0,Big Rivers
Beswick,Major,-14.5548,133.1142,Has coverage,True,0.1,0.0,0.0,114.0,73.0,0.0,73.0,Beswick Community Health Centre,Katherine Hospital,True,False,22,0,0.0,Beswick,Macro cell,TELSTRA,542.0,0.23,Telstra,5G,Macro cell nearby,Wugularr (Beswick),0.0,Big Rivers
Binjari,Minor,-14.5502,132.1815,Has coverage,True,0.1,0.0,0.0,20.0,14.0,0.0,14.0,Binjari,Katherine Hospital,True,False,27,0,0.0,Binjari,Near a cell,OPTUS/TELSTRA,240.0,4.04,Optus,4G,Tower within 15km (2025),Binjari,0.0,Big Rivers
Boomerang Lagoon,Family Outstation,-14.4506099999999,135.039249999999,Never recorded,False,0.1,54.0,55.0,370.0,287.0,104.0,,Ngukurr (Roper River),Katherine Hospital,False,False,25,0,45.49,,,,,45.58,Telstra,4G,Never recorded,Ngukurr (Roper River),45.49,Big Rivers
Bubble Bubble,Family Outstation,-15.8103599999999,129.310219999999,Never recorded,False,0.1,129.0,131.0,717.0,572.0,218.0,,Bulla,Katherine Hospital,False,False,33,0,78.14,,,,,22.47,Optus,4G,Never recorded,Amanbidji (Kildurk),76.19,Big Rivers
Bulla,Minor,-15.76492,130.039359999999,No coverage,False,0.0,0.0,0.0,590.0,443.0,180.0,,Bulla,Katherine Hospital,False,False,34,0,0.04,Bulla,Macro cell,TELSTRA,73.0,0.26,Telstra,4G,Macro cell nearby,Bulla,0.0,Big Rivers
Bulman,Major,-13.6652899999999,134.333349999999,Has coverage,True,0.1,0.0,0.0,310.0,240.0,189.0,,Gulin (Bulman),Katherine Hospital,False,False,25,0,0.0,Bulman,Macro cell,TELSTRA,160.0,1.11,Telstra,4G,Macro cell nearby,Gulin (Bulman),0.0,Big Rivers
Costello,Family Outstation,-14.56453,134.88289,Never recorded,False,0.0,27.0,35.0,342.0,267.0,77.0,,Ngukurr (Roper River),Katherine Hospital,False,False,26,0,24.67,,,,,24.78,Telstra,4G,Never recorded,Ngukurr (Roper River),24.67,Big Rivers
Daguragu,Major,-17.4005899999999,130.80491,Has coverage,True,0.0,0.0,0.0,472.0,308.0,0.0,308.0,Daguragu (Wattie Creek),Katherine Hospital,True,False,18,0,0.0,Daguragu,Near a cell,TELSTRA,195.0,5.3,Telstra,4G,Tower within 15km (2025),Daguragu (Wattie Creek),0.0,Big Rivers
Jilkminggan,Minor,-14.9530599999999,133.3,Has coverage,True,0.0,0.0,0.0,147.0,97.0,0.0,97.0,Jilkminggan (Duck Creek),Katherine Hospital,True,False,21,0,0.0,Jilkminggan,Small cell,TELSTRA,254.0,0.02,Telstra,4G,Macro cell nearby,Jilkminggan (Duck Creek),0.0,Big Rivers
Manyallaluk,Minor,-14.2664899999999,132.827969999999,Has coverage,True,0.0,0.0,0.0,107.0,80.0,35.0,,Manyallaluk (Eva Valley),Katherine Hospital,False,False,26,0,0.0,Manyallaluk,Macro cell,TELSTRA,97.0,1.72,Telstra,4G,Macro cell nearby,Manyallaluk (Eva Valley),0.0,Big Rivers
Gorpulyul,Family Outstation,-13.3462099999999,134.14587,Never recorded,False,0.0,67.0,129.0,368.0,361.0,247.0,,Bulman Health Centre,Katherine Hospital,False,False,24,0,37.52,,,,,41.93,Telstra,4G,Never recorded,Gulin (Bulman),40.86,Big Rivers
Gilwi,Family Outstation,-15.7871099999999,130.532749999999,Never recorded,False,0.0,18.0,14.0,529.0,409.0,187.0,,Timber Creek,Katherine Hospital,False,False,29,0,10.38,,,,,15.64,Telstra,4G,Never recorded,Timber Creek,14.95,Big Rivers
Jodetluk,Family Outstation,-14.3599999999999,132.43333,Never recorded,False,0.1,24.0,19.0,22.0,17.0,0.0,,Wurli Wurlinjang Health Service,Katherine Hospital,False,False,27,0,31.96,,,,,4.19,Telstra,4G,Tower within 15km (2025),Binjari,34.39,Big Rivers
Hodgson River Station,Minor,-15.4747699999999,134.095529999999,Never recorded,False,5.5,49.0,65.0,317.0,260.0,86.0,,Minyerri Health Centre,Katherine Hospital,False,False,23,0,28.19,,,,,28.29,Telstra,5G,Never recorded,Minyerri (Hodgeson Downs),28.19,Big Rivers
Jowar,Family Outstation,-14.7274699999999,134.428809999999,Never recorded,False,0.0,21.0,24.0,282.0,204.0,27.0,,Urapunga (Rittarangu),Katherine Hospital,False,False,22,0,32.62,,,,,32.7,Telstra,4G,Never recorded,Urapunga (Rittarangu),14.8,Big Rivers
Kalkarindji,Major,-17.4467499999999,130.83212,Has coverage,True,0.1,0.0,0.0,464.0,302.0,0.0,302.0,Kalkaringi (Wave Hill),Katherine Hospital,True,False,16,0,0.0,Kalkarindji,Macro cell,TELSTRA,311.0,0.59,Telstra,4G,Macro cell nearby,Kalkaringi (Wave Hill),0.0,Big Rivers
Picininny Bore,Family Outstation,-19.8271099999999,129.78279,Never recorded,False,14.1,248.0,267.0,662.0,514.0,262.0,,Lajamanu (Hooker Creek),Alice Springs Hospital,False,True,7,0,102.2,,,,,79.48,Telstra,4G,Never recorded,Lajamanu (Hooker Creek),188.62,Big Rivers
Walpiri,Town Camp,-14.4736099999999,132.2693,Never recorded,False,0.1,3.0,3.0,6.0,5.0,0.0,5.0,Katherine Community Health Centre,Katherine Hospital,True,False,28,0,10.28,,,,,1.04,Telstra,5G,Macro cell nearby,Binjari,12.72,Big Rivers
Kybrook Farm,Minor,-13.8631599999999,131.821959999999,Has coverage,True,0.1,7.0,7.0,91.0,58.0,2.0,60.0,Pine Creek,Katherine Hospital,True,False,29,0,0.0,Kybrook Farm,Near a cell,TELSTRA,52.0,4.18,Telstra,4G,Tower within 15km (2025),Pine Creek,4.7,Big Rivers
Lajamanu,Major,-18.3358399999999,130.638339999999,Has coverage,True,0.1,0.0,0.0,560.0,401.0,102.0,,Lajamanu (Hooker Creek),Katherine Hospital,False,False,14,0,0.0,Lajamanu,Macro cell,TELSTRA,605.0,0.66,Telstra,5G,Macro cell nearby,Lajamanu (Hooker Creek),0.0,Big Rivers
Liku,Family Outstation,-17.91141,130.504289999999,Never recorded,False,0.2,79.0,144.0,543.0,446.0,78.0,,Kalkaringi (Wave Hill),Katherine Hospital,False,False,16,0,49.27,,,,,48.67,Telstra,5G,Never recorded,Lajamanu (Hooker Creek),49.27,Big Rivers
Lingara,Family Outstation,-16.48694,130.643329999999,Never recorded,False,0.0,0.0,0.0,440.0,345.0,134.0,,Lingara via Yarralin,Katherine Hospital,False,False,22,0,25.89,,,,,0.03,Optus,4G,Macro cell nearby,Lingara via Yarralin,0.0,Big Rivers
Lul-Tju,Family Outstation,-18.3767099999999,130.59313,Never recorded,False,0.1,8.0,14.0,567.0,413.0,110.0,,Lajamanu (Hooker Creek),Katherine Hospital,False,False,14,0,0.0,Lul-Tju,Near a cell,TELSTRA,5.0,6.64,Telstra,5G,Tower within 15km (2025),Lajamanu (Hooker Creek),6.59,Big Rivers
Maria Lagoon,Family Outstation,-15.29989,135.444629999999,Never recorded,False,0.5,181.0,195.0,458.0,390.0,201.0,,Urapunga (Rittarangu),Katherine Hospital,False,False,31,1,99.24,,,,,99.04,Telstra,4G,Never recorded,Ngukurr (Roper River),99.24,Big Rivers
Marralum,Family Outstation,-15.39109,129.250259999999,Never recorded,False,0.1,243.0,310.0,831.0,751.0,297.0,,Bulla,Katherine Hospital,False,False,36,0,94.16,,,,,19.6,Telstra,4G,Never recorded,Bulla,94.19,Big Rivers
Mataranka Town Camp,Town Camp,-14.9261799999999,133.06738,Never recorded,False,0.1,0.0,1.0,110.0,67.0,0.0,67.0,Mataranka,Katherine Hospital,True,False,21,0,0.21,Mataranka,Macro cell,OPTUS/TELSTRA,384.0,0.9,Optus,3G/2G,Macro cell nearby,Mataranka,0.21,Big Rivers
Miali Brumby,Town Camp,-14.4558299999999,132.2589,Never recorded,False,0.1,3.0,2.0,6.0,5.0,0.0,5.0,Katherine Family Medical Practice,Katherine Hospital,True,False,28,0,10.53,,,,,0.84,Telstra,5G,Macro cell nearby,Binjari,13.4,Big Rivers
Amanbidji,Major,-16.4280599999999,129.618899999999,No coverage,False,0.0,0.0,0.0,689.0,588.0,242.0,,Amanbidji (Kildurk),Katherine Hospital,False,False,28,0,86.32,,,,,38.61,Telstra,4G,Listed: no coverage,Amanbidji (Kildurk),0.0,Big Rivers
Minyerri,Major,-15.2216,134.082099999999,Has coverage,True,0.0,0.0,0.0,269.0,196.0,43.0,,Minyerri (Hodgeson Downs),Katherine Hospital,False,False,23,0,0.0,Minyerri,Macro cell,TELSTRA,603.0,0.1,Telstra,5G,Macro cell nearby,Minyerri (Hodgeson Downs),0.0,Big Rivers
Mistake Creek,Family Outstation,-17.1092699999999,129.04319,Never recorded,False,0.0,263.0,242.0,727.0,544.0,262.0,,Kalkaringi (Wave Hill),Katherine Hospital,False,False,20,0,7.18,,,,,7.17,Telstra,4G,Tower within 15km (2025),Amanbidji (Kildurk),97.44,Big Rivers
Mole Hill,Family Outstation,-14.8749899999999,133.83303,Never recorded,False,0.4,70.0,58.0,208.0,142.0,2.0,,Jilkminggan (Duck Creek),Katherine Hospital,False,False,20,0,46.91,,,,,46.83,Telstra,5G,Never recorded,Minyerri (Hodgeson Downs),46.91,Big Rivers
Momob,Family Outstation,-13.35693,134.269149999999,Never recorded,False,0.1,60.0,115.0,361.0,347.0,241.0,,Bulman Health Centre,Katherine Hospital,False,False,22,0,32.22,,,,,35.9,Telstra,4G,Never recorded,Gulin (Bulman),34.98,Big Rivers
Mount Catt,Family Outstation,-13.8001799999999,134.43241,Never recorded,False,0.0,33.0,52.0,318.0,270.0,197.0,,Bulman Health Centre,Katherine Hospital,False,False,23,0,18.42,,,,,17.34,Telstra,4G,Never recorded,Gulin (Bulman),18.42,Big Rivers
Mumpumampu,Family Outstation,-14.3841799999999,135.32835,Never recorded,False,0.1,61.0,62.0,407.0,327.0,142.0,,Numbulwar,Katherine Hospital,False,False,26,0,45.92,,,,,45.86,Telstra,4G,Never recorded,Numbulwar,45.92,Big Rivers
Duck Ponds,Family Outstation,-18.7737699999999,131.277659999999,Never recorded,False,0.0,98.0,195.0,658.0,595.0,199.0,,Lajamanu (Hooker Creek),Katherine Hospital,False,False,16,0,83.15,,,,,83.79,Telstra,5G,Never recorded,Lajamanu (Hooker Creek),83.15,Big Rivers
Nulawan,Family Outstation,-14.7872899999999,134.93128,Never recorded,False,0.0,24.0,47.0,344.0,284.0,75.0,,Ngukurr Health Centre,Katherine Hospital,False,False,27,0,22.29,,,,,22.16,Telstra,4G,Never recorded,Ngukurr (Roper River),22.29,Big Rivers
Ngukurr,Major,-14.7317,134.7321,Has coverage,True,0.1,0.0,0.0,320.0,236.0,52.0,,Ngukurr (Roper River),Katherine Hospital,False,False,23,0,0.0,Ngukurr,Macro cell,TELSTRA,1003.0,0.22,Telstra,4G,Macro cell nearby,Ngukurr (Roper River),0.0,Big Rivers
Nummerloori,Family Outstation,-14.59159,134.97727,Never recorded,False,0.0,35.0,35.0,350.0,268.0,85.0,,Ngukurr (Roper River),Katherine Hospital,False,False,27,0,30.63,,,,,30.68,Telstra,4G,Never recorded,Ngukurr (Roper River),30.63,Big Rivers
Parnta,Family Outstation,-18.68438,130.651039999999,Never recorded,False,0.0,47.0,91.0,606.0,491.0,148.0,,Lajamanu (Hooker Creek),Katherine Hospital,False,False,15,0,34.75,,,,,39.29,Telstra,5G,Never recorded,Lajamanu (Hooker Creek),38.78,Big Rivers
Pigeon Hole,Minor,-16.8141199999999,131.22037,No coverage,False,0.1,0.0,1.0,425.0,329.0,40.0,,Nitjpurru (Pigeon Hole),Katherine Hospital,False,False,20,0,54.29,,,,,54.21,Telstra,4G,Listed: no coverage,Nitjpurru (Pigeon Hole),0.0,Big Rivers
Pine Creek Compound,Town Camp,-13.8160099999999,131.83106,Never recorded,False,0.0,1.0,1.0,95.0,59.0,0.0,59.0,Pine Creek,Katherine Hospital,True,False,29,0,0.83,Pine Creek,Macro cell,TELSTRA,142.0,1.32,Telstra,4G,Macro cell nearby,Pine Creek,0.83,Big Rivers
Rittarangu,Minor,-14.7101099999999,134.565259999999,No coverage,False,0.1,0.0,0.0,298.0,218.0,35.0,,Urapunga (Rittarangu),Katherine Hospital,False,False,23,0,18.1,,,,,18.2,Telstra,4G,Listed: no coverage,Urapunga (Rittarangu),0.0,Big Rivers
Rockhole,Minor,-14.5193499999999,132.186329999999,Never recorded,False,0.0,13.0,10.0,16.0,13.0,0.0,13.0,Katherine Family Medical Practice,Katherine Hospital,True,False,28,0,0.0,Rockhole,Near a cell,OPTUS/TELSTRA,145.0,2.82,Optus,4G,Macro cell nearby,Binjari,3.47,Big Rivers
Jiwaranpa,Family Outstation,-19.5554099999999,129.926739999999,Never recorded,False,0.0,175.0,177.0,700.0,535.0,314.0,,Lajamanu (Hooker Creek),Alice Springs Hospital,False,False,8,0,121.67,,,,,107.73,Telstra,4G,Never recorded,Lajamanu (Hooker Creek),154.89,Big Rivers
Mungurrupa,Family Outstation,-20.5848099999999,129.733129999999,Never recorded,False,0.3,361.0,354.0,657.0,550.0,271.0,,Yuendumu Community Health Centre,Alice Springs Hospital,False,False,5,0,64.75,,,,,21.98,Telstra,4G,Never recorded,Nyirippi(Waite Creek),244.84,Central Australia
Muruning,Family Outstation,-15.6752699999999,130.484569999999,Never recorded,False,0.8,2.0,2.0,532.0,409.0,180.0,,Timber Creek,Katherine Hospital,False,False,31,0,0.05,Muruning,Near a cell,TELSTRA,21.0,2.19,Telstra,4G,Macro cell nearby,Timber Creek,1.49,Big Rivers
Turkey Lagoon,Family Outstation,-14.52938,134.750929999999,Never recorded,False,0.0,36.0,53.0,352.0,286.0,86.0,,Ngukurr (Roper River),Katherine Hospital,False,False,24,0,22.59,,,,,22.79,Telstra,4G,Never recorded,Ngukurr (Roper River),22.59,Big Rivers
Wanmarri,Family Outstation,-14.4540099999999,135.22691,Never recorded,False,0.0,75.0,76.0,395.0,313.0,129.0,,Numbulwar,Katherine Hospital,False,False,26,0,58.65,,,,,58.59,Telstra,4G,Never recorded,Numbulwar,58.65,Big Rivers
Weemol,Minor,-13.6441799999999,134.308629999999,Has coverage,True,0.0,4.0,6.0,308.0,241.0,188.0,,Bulman Health Centre,Katherine Hospital,False,False,25,0,0.0,Weemol,Near a cell,TELSTRA,91.0,4.66,Telstra,4G,Tower within 15km (2025),Gulin (Bulman),3.56,Big Rivers
Werenbun,Family Outstation,-14.1825499999999,132.1611,Never recorded,False,0.1,58.0,38.0,61.0,41.0,1.0,,Katherine Family Medical Practice,Katherine Hospital,False,False,27,0,37.55,,,,,2.75,Optus,4G,Macro cell nearby,Binjari,40.94,Big Rivers
Yarralin,Major,-16.4484099999999,130.88279,Has coverage,True,0.0,0.0,0.0,412.0,303.0,107.0,,Yarralin,Katherine Hospital,False,False,24,0,0.0,Yarralin,Macro cell,TELSTRA,250.0,0.16,Telstra,4G,Macro cell nearby,Yarralin,0.0,Big Rivers
Yinguwunarri,Family Outstation,-16.6089099999999,131.82362,Never recorded,False,0.0,169.0,123.0,308.0,207.0,13.0,,Kalkaringi (Wave Hill),Katherine Hospital,False,False,22,0,7.79,,,,,7.83,Telstra,4G,Tower within 15km (2025),Nitjpurru (Pigeon Hole),68.18,Big Rivers
Un-Marr,Family Outstation,-14.0644099999999,129.90879,Never recorded,False,0.1,33.0,66.0,337.0,302.0,118.0,,Peppimenarti Health Centre,Palmerston Regional Hospital,False,False,40,0,20.43,,,,,21.29,Telstra,4G,Never recorded,Peppimenarti,20.43,Top End
Dhudupu,Family Outstation,-12.0033,135.569199999999,Never recorded,False,0.1,3.0,6.0,,,,,Galiwin'ku (Elcho Island),,False,False,23,3,0.0,Dhudupu,Near a cell,TELSTRA,12.0,2.44,Telstra,5G,Macro cell nearby,Galiwin'ku (Elcho Island),2.27,East Arnhem
Gonguruwuy,Family Outstation,-12.0663799999999,136.150849999999,Never recorded,False,13.2,148.0,227.0,152.0,229.0,123.0,,Laynhapuy Homelands,Gove District Hospital,False,True,25,3,56.0,,,,,60.44,Telstra,4G,Never recorded,Gapuwiyak,61.35,East Arnhem
Djarrung,Family Outstation,-14.81311,131.537589999999,Never recorded,False,0.0,111.0,85.0,128.0,94.0,38.0,,Binjari Community Health Centre,Katherine Hospital,False,False,28,0,75.18,,,,,74.46,Optus,4G,Never recorded,Binjari,75.18,Big Rivers
Yudu Yudu,Family Outstation,-12.23335,136.637239999999,Never recorded,False,0.1,62.0,76.0,66.0,78.0,50.0,,Laynhapuy Homelands,Gove District Hospital,False,False,26,1,0.05,Yuduyudu,Near a cell,OPTUS/TELSTRA,10.0,7.58,Telstra,4G,Tower within 15km (2025),Gunyangara,7.7,East Arnhem
Hoppys Camp,Town Camp,-23.6840499999999,133.876579999999,Never recorded,False,0.0,2.0,2.0,3.0,3.0,0.0,3.0,Nganampa Health Council - Umuwa Office,Alice Springs Hospital,True,False,0,0,10.97,,,,,0.95,Telstra,4G,Macro cell nearby,Amoonguna,10.97,Central Australia
Ilpeye Ilpeye Estate,Town Camp,-23.6999299999999,133.90699,Never recorded,False,0.0,2.0,2.0,4.0,4.0,0.0,4.0,Sadadeen Clinic,Alice Springs Hospital,True,False,0,0,7.95,,,,,1.25,Telstra,5G,Macro cell nearby,Amoonguna,7.95,Central Australia
Myatt,Family Outstation,-15.70656,130.48335,Never recorded,False,0.0,6.0,4.0,527.0,405.0,180.0,,Timber Creek,Katherine Hospital,False,False,32,0,0.06,Myatt,Near a cell,TELSTRA,75.0,5.6,Telstra,4G,Tower within 15km (2025),Timber Creek,4.91,Big Rivers
Tinkarli,Town Camp,-19.6372399999999,134.202509999999,Never recorded,False,0.1,2.0,3.0,3.0,4.0,0.0,4.0,Tennant Creek Outstations,Tennant Creek Hospital,True,False,11,0,2.24,Hingstons Place,Near a cell,OPTUS/TELSTRA,7.0,1.26,Telstra,4G,Macro cell nearby,Tennant Creek Outstations,1.74,Barkly
Wuppa,Town Camp,-19.6369599999999,134.19918,Never recorded,False,0.1,2.0,2.0,3.0,3.0,0.0,3.0,Tennant Creek Outstations,Tennant Creek Hospital,True,False,11,0,2.15,Hingstons Place,Near a cell,OPTUS/TELSTRA,7.0,1.19,Telstra,4G,Macro cell nearby,Tennant Creek Outstations,1.53,Barkly
Flicks Hole,Family Outstation,-15.6160599999999,134.09331,Never recorded,False,0.3,58.0,60.0,326.0,255.0,100.0,,Minyerri Health Centre,Katherine Hospital,False,False,24,0,43.88,,,,,43.98,Telstra,5G,Never recorded,Minyerri (Hodgeson Downs),43.88,Big Rivers
Burrumburru,Family Outstation,-17.74229,137.781549999999,Never recorded,False,0.2,278.0,423.0,690.0,679.0,273.0,,Robinson River,Tennant Creek Hospital,False,False,25,0,62.31,,,,,61.59,Telstra,4G,Never recorded,Robinson River,138.46,Big Rivers
Manaburdurma,Town Camp,-12.66638,132.843189999999,Never recorded,False,0.1,2.0,3.0,235.0,158.0,0.0,158.0,Jabiru Health Centre,Palmerston Regional Hospital,True,False,26,0,2.38,Hunters Camp,Near a cell,OPTUS/TELSTRA,5.0,1.01,Optus,4G,Macro cell nearby,Jabiru,1.42,Top End
Murtulki,Family Outstation,-19.9178399999999,134.38936,Never recorded,False,0.1,53.0,62.0,53.0,63.0,21.0,,Tennant Creek Outstations,Tennant Creek Hospital,False,False,7,0,38.97,,,,,36.0,Telstra,5G,Never recorded,Tennant Creek Outstations,36.55,Barkly
Murun Murula,Family Outstation,-18.4990799999999,137.517539999999,Never recorded,False,0.3,453.0,581.0,628.0,630.0,246.0,,Alpurrurulam (Lake Nash) Community Health Centre,Tennant Creek Hospital,False,False,19,0,150.94,,,,,104.6,Telstra,4G,Never recorded,Robinson River,201.6,Big Rivers
Wangalinji,Family Outstation,-18.39639,137.46692,Never recorded,False,0.1,436.0,548.0,611.0,596.0,229.0,,Alpurrurulam (Lake Nash) Community Health Centre,Tennant Creek Hospital,False,False,21,0,142.21,,,,,112.76,Telstra,4G,Never recorded,Robinson River,189.15,Big Rivers
Gumuluji,Family Outstation,-17.93534,137.480379999999,Never recorded,False,0.1,318.0,504.0,665.0,629.0,248.0,,Robinson River,Tennant Creek Hospital,False,False,24,0,96.28,,,,,94.47,Telstra,4G,Never recorded,Robinson River,141.07,Big Rivers
Alatyeye,Family Outstation,-23.0973299999999,134.21897,Never recorded,False,0.6,60.0,61.0,118.0,101.0,67.0,,Engawala (Alcoota),Alice Springs Hospital,False,False,0,0,14.59,,,,,14.52,Optus,3G/2G,Tower within 15km (2025),Engawala (Alcoota),40.75,Central Australia
Mamadi,Family Outstation,-17.8495099999999,129.63515,Never recorded,False,0.1,152.0,131.0,616.0,432.0,151.0,,Kalkaringi (Wave Hill),Katherine Hospital,False,False,14,0,110.64,,,,,110.63,Telstra,4G,Never recorded,Lajamanu (Hooker Creek),119.03,Big Rivers
Jungarrayi Warrnu,Family Outstation,-22.6859399999999,131.43088,Never recorded,False,0.1,79.0,152.0,367.0,343.0,74.0,,Yuendumu Community Health Centre,Alice Springs Hospital,False,False,3,0,60.91,,,,,61.33,Telstra,4G,Never recorded,Yuendumu,60.91,Central Australia
Larrpayanji,Family Outstation,-14.7833399999999,134.68017,Never recorded,False,0.1,52.0,54.0,329.0,250.0,72.0,,Urapunga (Rittarangu),Katherine Hospital,False,False,23,0,8.01,,,,,7.91,Telstra,4G,Tower within 15km (2025),Ngukurr (Roper River),8.01,Big Rivers
Woolaning,Family Outstation,-13.10521,130.6589,Never recorded,False,0.4,74.0,55.0,110.0,78.0,0.0,78.0,Remote Territory Healthcare,Palmerston Regional Hospital,True,False,29,0,4.33,,,,,4.45,Optus,4G,Tower within 15km (2025),Batchelor,40.6,Top End
Bobs Yard,Family Outstation,-16.0094499999999,130.611249999999,Never recorded,False,0.0,64.0,57.0,474.0,364.0,149.0,,Timber Creek,Katherine Hospital,False,False,25,0,36.32,,,,,41.73,Telstra,4G,Never recorded,Timber Creek,41.04,Big Rivers
Barrak Barrak,Family Outstation,-15.8716,130.358759999999,Never recorded,False,0.0,55.0,70.0,567.0,465.0,224.0,,Timber Creek,Katherine Hospital,False,False,30,0,22.62,,,,,27.16,Telstra,4G,Never recorded,Timber Creek,26.65,Big Rivers
Bucket Springs,Family Outstation,-15.74001,129.164649999999,Never recorded,False,0.1,165.0,155.0,753.0,596.0,220.0,,Bulla,Katherine Hospital,False,False,34,0,93.61,,,,,6.77,Optus,4G,Tower within 15km (2025),Amanbidji (Kildurk),90.6,Big Rivers
Policemans Hole,Family Outstation,-15.77853,129.106539999999,Never recorded,False,0.1,155.0,134.0,743.0,575.0,209.0,,Bulla,Katherine Hospital,False,False,37,0,99.79,,,,,1.73,Optus,4G,Macro cell nearby,Amanbidji (Kildurk),90.62,Big Rivers
Mt Maiyo,Family Outstation,-17.69491,129.397549999999,Never recorded,False,0.1,188.0,186.0,652.0,488.0,187.0,,Kalkaringi (Wave Hill),Katherine Hospital,False,False,16,0,82.38,,,,,82.36,Telstra,4G,Never recorded,Amanbidji (Kildurk),142.82,Big Rivers
Irrerlirre,Family Outstation,-22.8462,135.1345,Never recorded,False,0.2,32.0,32.0,247.0,178.0,72.0,,Atitjere (Hearts Range) Community Health Centre,Alice Springs Hospital,False,False,2,0,25.63,,,,,24.72,Telstra,4G,Never recorded,Harts Range (Atitjere),25.63,Central Australia
Jangirulu,Family Outstation,-18.1256099999999,133.611109999999,Never recorded,False,0.1,78.0,70.0,209.0,149.0,16.0,,Elliot,Tennant Creek Hospital,False,False,17,0,28.89,,,,,28.96,Optus,3G/2G,Never recorded,Elliot,64.14,Barkly
Ulbulla,Family Outstation,-25.68357,133.196439999999,Never recorded,False,0.2,133.0,95.0,260.0,164.0,5.0,,Imanpa(Mt Ebenezer),Alice Springs Hospital,False,False,0,0,20.36,,,,,20.05,Telstra,4G,Never recorded,Imanpa(Mt Ebenezer),87.98,Central Australia
Wunara,Family Outstation,-19.9898,136.618099999999,Never recorded,False,0.0,305.0,185.0,306.0,186.0,1.0,,Tennant Creek Outstations,Tennant Creek Hospital,False,False,8,0,0.09,Wunara,Small cell,TELSTRA,5.0,0.1,Telstra,4G,Macro cell nearby,Canteen Creek,129.9,Barkly
Werre-Therre,Family Outstation,-23.5426499999999,133.634729999999,Never recorded,False,0.1,44.0,32.0,47.0,34.0,3.0,,Purple House Primary Health Care,Alice Springs Hospital,False,False,0,0,1.22,Mount Twellar,Near a cell,TELSTRA,17.0,5.14,Telstra,4G,Tower within 15km (2025),Amoonguna,39.5,Central Australia
Ilperle,Family Outstation,-22.92737,135.71575,Never recorded,False,0.1,87.0,80.0,302.0,226.0,127.0,,Atitjere (Hearts Range) Community Health Centre,Alice Springs Hospital,False,False,3,0,80.28,,,,,79.84,Telstra,4G,Never recorded,Bonya,49.01,Central Australia
Jomet (Urpalarwn),Family Outstation,-15.4206899999999,133.111459999999,Never recorded,False,0.1,64.0,49.0,173.0,115.0,7.0,,Mataranka,Katherine Hospital,False,False,22,0,20.34,,,,,15.97,Telstra,4G,Never recorded,Mataranka,55.39,Big Rivers
Undoolya Bore,Family Outstation,-23.7476199999999,134.117619999999,Never recorded,False,0.9,24.0,19.0,35.0,27.0,0.0,27.0,Amoonguna Health Service,Alice Springs Hospital,True,False,0,0,0.06,Undoolya Bore,Near a cell,TELSTRA,16.0,22.65,Optus,4G,Small cell or near a cell,Amoonguna,18.6,Central Australia
Artekerre,Family Outstation,-23.2573899999999,133.7666,Never recorded,False,0.1,52.0,32.0,54.0,34.0,1.0,,Purple House Primary Health Care,Alice Springs Hospital,False,False,0,0,34.88,,,,,30.9,Telstra,4G,Never recorded,Amoonguna,59.17,Central Australia
Burt Creek,Family Outstation,-23.19652,133.74759,Never recorded,False,0.0,59.0,36.0,62.0,38.0,1.0,,Purple House Primary Health Care,Alice Springs Hospital,False,False,0,0,40.47,,,,,37.04,Telstra,4G,Never recorded,Amoonguna,66.21,Central Australia
Alkuptija,Family Outstation,-23.0653299999999,133.694359999999,Never recorded,False,3.3,80.0,53.0,83.0,56.0,0.0,56.0,Purple House Primary Health Care,Alice Springs Hospital,True,False,0,0,53.5,,,,,51.01,Telstra,4G,Never recorded,Amoonguna,81.75,Central Australia
Wooliana,Family Outstation,-13.67483,130.64275,Never recorded,False,0.4,22.0,19.0,213.0,148.0,2.0,,Nauiyu Nambiyu (Daly River),Palmerston Regional Hospital,False,False,34,0,9.79,,,,,9.83,Telstra,5G,Tower within 15km (2025),Nauiyu Nambiyu (Daly River),9.79,Top End
Nemarluk,Family Outstation,-14.24122,130.00325,Never recorded,False,0.1,30.0,33.0,322.0,261.0,101.0,,Palumpa,Palmerston Regional Hospital,False,False,39,0,12.81,,,,,12.7,Telstra,4G,Tower within 15km (2025),Peppimenarti,12.81,Top End
Merrepen,Family Outstation,-14.22128,129.96735,Never recorded,False,0.2,35.0,42.0,327.0,271.0,106.0,,Palumpa,Palmerston Regional Hospital,False,False,39,0,14.15,,,,,14.32,Telstra,4G,Tower within 15km (2025),Peppimenarti,14.15,Top End
Kuy,Family Outstation,-14.0354599999999,129.597839999999,Never recorded,False,0.1,50.0,87.0,404.0,368.0,165.0,,Wadeye Community Health Centre,Palmerston Regional Hospital,False,False,42,1,0.0,Kuy,Near a cell,TELSTRA,5.0,24.28,Telstra,5G,Small cell or near a cell,Wadeye (Port Keats),24.27,Top End
Yederr,Family Outstation,-14.0196499999999,129.72201,Never recorded,False,0.1,45.0,77.0,399.0,358.0,160.0,,Wadeye Community Health Centre,Palmerston Regional Hospital,False,False,41,0,13.51,,,,,32.81,Telstra,5G,Never recorded,Wadeye (Port Keats),32.78,Top End
Walkabout Bore,Family Outstation,-24.38261,133.816869999999,Never recorded,False,0.0,56.0,58.0,150.0,112.0,49.0,,Titjikala (Maryvale),Alice Springs Hospital,False,False,0,0,36.67,,,,,19.77,Optus,4G,Never recorded,Titjikala (Maryvale),41.66,Central Australia
Likkaparta,Minor,-19.34336,134.53799,Never recorded,False,0.0,65.0,44.0,65.0,45.0,3.0,,Tennant Creek Outstations,Tennant Creek Hospital,False,False,12,0,36.11,,,,,36.11,Optus,3G/2G,Never recorded,Tennant Creek Outstations,49.75,Barkly
Kiana,Family Outstation,-17.2423599999999,136.18411,Never recorded,False,0.1,222.0,246.0,549.0,443.0,68.0,,Borroloola,Tennant Creek Hospital,False,False,26,0,100.26,,,,,78.88,Telstra,4G,Never recorded,Robinson River,100.26,Big Rivers
Goolminyini,Family Outstation,-16.15829,136.09751,Never recorded,False,0.0,31.0,25.0,633.0,407.0,2.0,,Borroloola,Katherine Hospital,False,False,32,2,21.97,,,,,25.14,Telstra,4G,Never recorded,Borroloola,24.54,Big Rivers
Mimina,Family Outstation,-16.8021099999999,136.83428,Never recorded,False,0.0,24.0,48.0,806.0,622.0,147.0,,Robinson River,Katherine Hospital,False,False,28,2,16.27,,,,,16.72,Telstra,4G,Never recorded,Robinson River,16.27,Big Rivers
Inkawenyerre,Family Outstation,-21.8201599999999,134.84707,Never recorded,False,0.1,32.0,41.0,281.0,253.0,164.0,,Urapuntja (Utopia),Alice Springs Hospital,False,False,4,0,23.73,,,,,30.54,Telstra,5G,Never recorded,Urapuntja (Utopia),30.68,Barkly
Iylentye,Family Outstation,-21.98676,134.72667,Never recorded,False,0.1,16.0,23.0,265.0,235.0,160.0,,Urapuntja (Utopia),Alice Springs Hospital,False,False,4,0,7.63,,,,,12.22,Telstra,5G,Tower within 15km (2025),Urapuntja (Utopia),12.28,Barkly
Camel Camp,Family Outstation,-22.2718099999999,134.552419999999,Never recorded,False,2.0,39.0,57.0,231.0,206.0,132.0,,Urapuntja (Utopia),Alice Springs Hospital,False,False,3,0,30.71,,,,,30.86,Telstra,5G,Never recorded,Urapuntja (Utopia),30.71,Barkly
Atheley,Family Outstation,-21.9175699999999,134.86766,Never recorded,False,0.5,22.0,18.0,271.0,230.0,155.0,,Urapuntja (Utopia),Alice Springs Hospital,False,False,4,0,14.66,,,,,21.06,Telstra,5G,Never recorded,Urapuntja (Utopia),21.21,Barkly
Pungalindum,Family Outstation,-22.0706099999999,134.688789999999,Never recorded,False,0.1,14.0,21.0,252.0,224.0,155.0,,Urapuntja (Utopia),Alice Springs Hospital,False,False,4,0,9.06,,,,,9.15,Telstra,5G,Tower within 15km (2025),Urapuntja (Utopia),9.06,Barkly
Ngappamilarnu,Family Outstation,-19.8618799999999,133.278459999999,Never recorded,False,0.1,108.0,207.0,108.0,207.0,101.0,,Tennant Creek Outstations,Tennant Creek Hospital,False,False,8,0,99.9,,,,,97.6,Telstra,5G,Never recorded,Tennant Creek Outstations,98.34,Barkly
Purrukuwurru,Family Outstation,-19.9456199999999,135.69629,Never recorded,False,0.4,82.0,162.0,254.0,198.0,31.0,,Epenarra (Wutunugurra),Tennant Creek Hospital,False,False,8,0,96.45,,,,,29.48,Optus,3G/2G,Never recorded,Epenarra (Wutunugurra),73.74,Barkly
Junkaji,Family Outstation,-20.4465599999999,134.14149,Never recorded,False,5.2,112.0,100.0,113.0,101.0,18.0,,Tennant Creek Outstations,Tennant Creek Hospital,False,False,6,0,22.07,,,,,18.03,Optus,4G,Never recorded,Ali Curung,67.79,Barkly
Arrawajin,Family Outstation,-20.5182499999999,134.975509999999,Never recorded,False,0.1,40.0,49.0,182.0,157.0,94.0,,Epenarra (Wutunugurra),Tennant Creek Hospital,False,False,6,0,79.52,,,,,30.87,Telstra,4G,Never recorded,Epenarra (Wutunugurra),29.52,Barkly
Kalinjarri,Family Outstation,-20.39752,134.36571,Never recorded,False,0.1,103.0,73.0,103.0,74.0,15.0,,Tennant Creek Outstations,Tennant Creek Hospital,False,False,6,0,30.33,,,,,20.26,Optus,4G,Never recorded,Ali Curung,67.5,Barkly
Illeuwurru,Family Outstation,-21.60913,134.39411,Never recorded,False,0.1,52.0,104.0,264.0,238.0,56.0,,Tara(Neutral Junction),Tennant Creek Hospital,False,False,3,0,52.95,,,,,42.61,Telstra,4G,Never recorded,Tara(Neutral Junction),42.65,Barkly
Gudjekbin,Family Outstation,-12.2509699999999,133.801089999999,Never recorded,False,0.1,124.0,146.0,402.0,332.0,135.0,,Gunbalanya (Oenpelli),Palmerston Regional Hospital,False,False,21,3,24.98,,,,,51.54,Telstra,5G,Never recorded,Maningrida,51.04,Top End
Gul Gul,Family Outstation,-11.1304199999999,132.338419999999,Never recorded,False,0.1,241.0,341.0,519.0,528.0,252.0,,Gunbalanya (Oenpelli),Palmerston Regional Hospital,False,False,26,2,21.86,,,,,25.77,Telstra,4G,Never recorded,Minjilang,26.3,Top End
Pickertaramoor,Minor,-11.76667,130.9,Never recorded,False,0.8,56.0,65.0,,,,,Milikapiti Community Health Centre,,False,False,29,2,27.71,,,,,1.01,Telstra,4G,Macro cell nearby,Wurrumiyanga (Nguiu),28.59,Top End
Mirridi,Family Outstation,-19.0187299999999,130.77884,Never recorded,False,0.2,92.0,181.0,651.0,581.0,193.0,,Lajamanu (Hooker Creek),Katherine Hospital,False,False,13,0,74.02,,,,,77.93,Telstra,5G,Never recorded,Lajamanu (Hooker Creek),77.36,Big Rivers
Kulang,Family Outstation,-24.71557,129.00638,Never recorded,False,0.1,24.0,44.0,689.0,523.0,141.0,,Kaltukatjara (Docker River) Community Health Centre,Alice Springs Hospital,False,False,2,0,16.81,,,,,18.97,Telstra,4G,Never recorded,Kaltukatjara (Docker River),19.3,Central Australia
Walu,Family Outstation,-24.7371099999999,129.525589999999,Never recorded,False,0.2,51.0,86.0,694.0,544.0,147.0,,Kaltukatjara (Docker River) Community Health Centre,Alice Springs Hospital,False,False,1,0,47.64,,,,,47.43,Telstra,4G,Never recorded,Kaltukatjara (Docker River),47.64,Central Australia
Walkalba,Family Outstation,-22.1624899999999,131.819909999999,Never recorded,False,0.1,16.0,24.0,309.0,220.0,16.0,,Yuendumu,Alice Springs Hospital,False,False,4,0,10.47,,,,,10.14,Telstra,4G,Tower within 15km (2025),Yuendumu,10.47,Central Australia
Winparku,Family Outstation,-23.4346499999999,131.46172,Never recorded,False,0.1,37.0,73.0,276.0,283.0,107.0,,Mt Liebig (Amunturrngu),Alice Springs Hospital,False,False,1,0,25.61,,,,,27.48,Telstra,4G,Never recorded,Mt Liebig (Amunturrngu),26.87,Central Australia
Pinja,Family Outstation,-18.80958,130.370949999999,Never recorded,False,0.7,100.0,119.0,659.0,518.0,200.0,,Lajamanu (Hooker Creek),Katherine Hospital,False,False,13,0,53.53,,,,,59.98,Telstra,5G,Never recorded,Lajamanu (Hooker Creek),59.74,Big Rivers
Kurrurldul,Family Outstation,-12.4880599999999,134.240119999999,Never recorded,False,2.6,93.0,128.0,464.0,407.0,194.0,,Mala'la Primary Health Care Centre,Palmerston Regional Hospital,False,False,20,2,33.7,,,,,48.13,Telstra,5G,Never recorded,Maningrida,48.65,Top End
Awumbunyji,Family Outstation,-14.4472299999999,135.43529,Never recorded,False,11.7,78.0,92.0,420.0,352.0,143.0,,Numbulwar,Katherine Hospital,False,True,25,1,37.83,,,,,37.77,Telstra,4G,Never recorded,Numbulwar,37.83,Big Rivers
Chilla Well,Family Outstation,-21.52777,130.970669999999,Never recorded,False,0.1,123.0,94.0,419.0,290.0,43.0,,Yuendumu Community Health Centre,Alice Springs Hospital,False,False,5,0,117.29,,,,,117.38,Telstra,4G,Never recorded,Yuendumu,117.29,Central Australia
5 Mile Bore,Family Outstation,-23.23265,131.982959999999,Never recorded,False,0.0,9.0,10.0,235.0,189.0,97.0,,Papunya Community Health Centre,Alice Springs Hospital,False,False,1,0,5.36,,,,,7.67,Telstra,4G,Tower within 15km (2025),Papunya Community Health Centre,8.2,
Ulambara,Family Outstation,-23.2771499999999,131.92748,Never recorded,False,0.1,9.0,16.0,250.0,211.0,111.0,,Papunya Community Health Centre,Alice Springs Hospital,False,False,1,0,0.0,Ulambara,Near a cell,TELSTRA,8.0,9.6,Telstra,4G,Tower within 15km (2025),Papunya Community Health Centre,8.31,
Amundurngua,Family Outstation,-23.2714299999999,131.423429999999,Never recorded,False,0.0,23.0,29.0,300.0,258.0,160.0,,Amunturrngu (Mt Liebig) Community Health Centre,Alice Springs Hospital,False,False,1,0,15.36,,,,,15.04,Telstra,4G,Never recorded,Mt Liebig (Amunturrngu),15.36,Central Australia
Tjintirtjintirpa,Family Outstation,-23.2852199999999,131.270589999999,Never recorded,False,0.1,2.0,4.0,315.0,272.0,173.0,,Mt Liebig (Amunturrngu),Alice Springs Hospital,False,False,1,0,0.05,Tjintirtjintirpa,Near a cell,TELSTRA,5.0,3.48,Telstra,4G,Tower within 15km (2025),Mt Liebig (Amunturrngu),2.15,Central Australia
Ngutjul,Family Outstation,-23.2967699999999,129.46752,Never recorded,False,0.0,12.0,23.0,506.0,475.0,367.0,,Kintore,Alice Springs Hospital,False,False,2,0,8.52,,,,,8.64,Telstra,4G,Tower within 15km (2025),Kintore,8.52,Central Australia
Muyin,Family Outstation,-23.15972,129.004889999999,Never recorded,False,0.0,44.0,88.0,548.0,542.0,409.0,,Kintore,Alice Springs Hospital,False,False,2,0,41.15,,,,,41.03,Telstra,4G,Never recorded,Kintore,41.15,Central Australia
Ngankiritja,Family Outstation,-23.4645899999999,131.87969,Never recorded,False,0.5,2.0,4.0,228.0,189.0,60.0,,Haasts Bluff (Ikuntji),Alice Springs Hospital,False,False,1,0,21.41,,,,,30.76,Telstra,4G,Never recorded,Haasts Bluff (Ikuntji),1.93,Central Australia
Tarawara,Family Outstation,-23.5472599999999,131.413379999999,Never recorded,False,0.2,54.0,108.0,281.0,293.0,112.0,,Haasts Bluff (Ikuntji),Alice Springs Hospital,False,False,1,0,32.58,,,,,35.39,Telstra,4G,Never recorded,Mt Liebig (Amunturrngu),34.39,Central Australia
Camels Hump,Family Outstation,-23.7517499999999,131.594349999999,Never recorded,False,0.1,74.0,78.0,278.0,327.0,95.0,,Watarrka(Kings Canyon),Alice Springs Hospital,False,False,1,0,54.12,,,,,56.15,Optus,4G,Never recorded,Haasts Bluff (Ikuntji),44.73,Central Australia
Alkngarriintja,Family Outstation,-23.9560199999999,132.46233,Never recorded,False,0.1,42.0,42.0,167.0,135.0,8.0,,Hermannsburg (Ntaria),Alice Springs Hospital,False,False,0,0,22.19,,,,,30.32,Optus,4G,Never recorded,Utju(Areonga),23.44,Central Australia
Ntakarra,Family Outstation,-23.8950099999999,132.680009999999,Never recorded,False,0.0,17.0,16.0,142.0,110.0,2.0,,Hermannsburg (Ntaria),Alice Springs Hospital,False,False,0,0,0.0,Ntakarra,Near a cell,TELSTRA,5.0,11.15,Telstra,4G,Tower within 15km (2025),Hermannsburg (Ntaria),11.35,Central Australia
Ipalala,Family Outstation,-23.9255599999999,132.678079999999,Never recorded,False,2.5,16.0,17.0,141.0,111.0,5.0,,Hermannsburg (Ntaria),Alice Springs Hospital,False,False,0,0,0.0,Ipalala,Near a cell,TELSTRA,6.0,10.2,Telstra,4G,Tower within 15km (2025),Hermannsburg (Ntaria),10.4,Central Australia
Ulpunda,Family Outstation,-23.9546,132.766,Never recorded,False,0.5,3.0,4.0,128.0,98.0,0.0,,Hermannsburg (Ntaria),Alice Springs Hospital,False,False,0,0,0.0,Ulpunda,Near a cell,TELSTRA,9.0,1.77,Telstra,4G,Macro cell nearby,Hermannsburg (Ntaria),1.85,Central Australia
Palm Paddock,Family Outstation,-24.0853399999999,132.68126,Never recorded,False,0.1,26.0,50.0,151.0,144.0,24.0,,Hermannsburg (Ntaria),Alice Springs Hospital,False,False,0,0,16.63,,,,,6.78,Optus,4G,Tower within 15km (2025),Hermannsburg (Ntaria),18.7,Central Australia
Deleye,Family Outstation,-13.76535,129.97667,Never recorded,False,0.2,12.0,24.0,318.0,309.0,99.0,,Woodycupaldiya Community Health Centre,Palmerston Regional Hospital,False,False,39,1,44.13,,,,,44.93,Telstra,4G,Never recorded,Woodyculpaldiya,10.77,Top End
Kuwuma,Family Outstation,-13.5980499999999,130.36991,Never recorded,False,0.0,79.0,159.0,325.0,323.0,107.0,,Woodycupaldiya Community Health Centre,Palmerston Regional Hospital,False,False,33,0,38.41,,,,,38.45,Telstra,5G,Never recorded,Nauiyu Nambiyu (Daly River),38.41,Top End
Kwombom,Family Outstation,-13.95523,130.29075,Never recorded,False,0.0,65.0,86.0,280.0,234.0,62.0,,Peppimenarti Health Centre,Palmerston Regional Hospital,False,False,38,0,31.71,,,,,24.26,Telstra,4G,Never recorded,Peppimenarti,31.71,Top End
Wudaduk,Family Outstation,-14.0277099999999,129.943749999999,Never recorded,False,3.1,28.0,54.0,331.0,291.0,109.0,,Peppimenarti Health Centre,Palmerston Regional Hospital,False,False,41,0,19.75,,,,,20.66,Telstra,4G,Never recorded,Woodyculpaldiya,19.73,Top End
Chuluk,Family Outstation,-13.665,130.267779999999,Never recorded,False,7.5,80.0,160.0,325.0,324.0,100.0,,Woodycupaldiya Community Health Centre,Palmerston Regional Hospital,False,False,35,0,46.48,,,,,46.51,Telstra,5G,Never recorded,Woodyculpaldiya,36.0,Top End
16 Mile Camp,Family Outstation,-23.4576399999999,133.83248,Never recorded,False,1.0,28.0,18.0,31.0,20.0,0.0,20.0,Purple House Primary Health Care,Alice Springs Hospital,True,False,0,0,23.35,,,,,17.13,Telstra,4G,Never recorded,Amoonguna,35.91,Central Australia
Blacktank Bore,Family Outstation,-23.3235199999999,134.020489999999,Never recorded,False,1.0,77.0,70.0,80.0,72.0,28.0,,Purple House Primary Health Care,Alice Springs Hospital,False,False,0,0,45.61,,,,,41.2,Telstra,4G,Never recorded,Amoonguna,49.98,Central Australia
Turners Camp,Family Outstation,-23.3051399999999,134.069369999999,Never recorded,False,0.1,81.0,78.0,84.0,80.0,33.0,,Purple House Primary Health Care,Alice Springs Hospital,False,False,0,0,41.48,,,,,41.28,Optus,4G,Never recorded,Amoonguna,53.05,Central Australia
Williams Well,Family Outstation,-23.6732699999999,134.278739999999,Never recorded,False,1.2,43.0,34.0,54.0,42.0,0.0,42.0,Amoonguna Health Service,Alice Springs Hospital,True,False,0,0,18.35,,,,,20.68,Optus,4G,Never recorded,Amoonguna,36.39,Central Australia
Akarnenehe Well,Family Outstation,-23.0599199999999,136.19361,Never recorded,False,0.0,41.0,57.0,351.0,275.0,177.0,,Bonya,Alice Springs Hospital,False,False,2,0,129.17,,,,,128.88,Telstra,4G,Never recorded,Bonya,30.73,Central Australia
Antere,Family Outstation,-25.66309,134.409339999999,Never recorded,False,0.6,21.0,22.0,401.0,294.0,126.0,,Aputula(Finke),Alice Springs Hospital,False,False,0,0,112.8,,,,,18.59,Telstra,4G,Never recorded,Aputula(Finke),19.15,Central Australia
Oak Valley,Family Outstation,-24.3849799999999,133.932179999999,Never recorded,False,0.2,44.0,46.0,162.0,124.0,61.0,,Titjikala (Maryvale),Alice Springs Hospital,False,False,0,0,35.26,,,,,31.06,Optus,4G,Never recorded,Titjikala (Maryvale),35.26,Central Australia
Mount Peachy,Family Outstation,-24.3941599999999,133.871809999999,Never recorded,False,0.1,49.0,49.0,154.0,115.0,53.0,,Titjikala (Maryvale),Alice Springs Hospital,False,False,0,0,37.33,,,,,25.45,Optus,4G,Never recorded,Titjikala (Maryvale),37.33,Central Australia
Pwertentye,Family Outstation,-23.3729099999999,134.79239,Never recorded,False,0.1,116.0,116.0,127.0,124.0,51.0,,Amoonguna Health Service,Alice Springs Hospital,False,False,0,0,39.23,,,,,14.17,Optus,4G,Tower within 15km (2025),Harts Range (Atitjere),45.57,Central Australia
Barridjowkeng,Family Outstation,-12.34863,134.175289999999,Never recorded,False,0.1,62.0,65.0,432.0,343.0,165.0,,Mala'la Primary Health Care Centre,Palmerston Regional Hospital,False,False,20,3,18.29,,,,,33.17,Telstra,5G,Never recorded,Maningrida,33.53,Top End
Ji-Malawa,Family Outstation,-12.12168,134.673339999999,Never recorded,False,0.1,,,,,,,,,False,False,21,3,24.15,,,,,25.7,Telstra,4G,Never recorded,Yurrwi (Milingimbi),26.9,East Arnhem
Kabalyarra,Family Outstation,-12.0694599999999,134.212789999999,Never recorded,False,0.1,3.0,5.0,494.0,407.0,224.0,,Mala'la Primary Health Care Centre,Palmerston Regional Hospital,False,False,21,4,2.38,Maningrida,Macro cell,TELSTRA,2297.0,2.52,Telstra,5G,Macro cell nearby,Maningrida,2.38,Top End
Yaminyi,Family Outstation,-12.79026,134.356989999999,Never recorded,False,6.2,126.0,215.0,435.0,469.0,308.0,,Mala'la Primary Health Care Centre,Katherine Hospital,False,False,19,1,68.36,,,,,80.36,Telstra,5G,Never recorded,Ramingining,80.7,East Arnhem
Yikarrakkal,Family Outstation,-12.5036299999999,134.1114,Never recorded,False,0.2,80.0,103.0,452.0,382.0,184.0,,Mala'la Primary Health Care Centre,Palmerston Regional Hospital,False,False,20,2,28.0,,,,,51.51,Telstra,5G,Never recorded,Maningrida,51.8,Top End
Red Lily,Family Outstation,-12.86449,132.56967,Never recorded,False,0.2,55.0,44.0,260.0,174.0,5.0,,Jabiru Health Centre,Katherine Hospital,False,False,27,0,6.85,,,,,6.88,Telstra,5G,Tower within 15km (2025),Jabiru,35.54,Top End
Hunters Camp,Family Outstation,-12.65001,132.8291,Never recorded,False,0.1,5.0,5.0,232.0,156.0,1.0,,Jabiru Health Centre,Palmerston Regional Hospital,False,False,26,0,0.01,Hunters Camp,Near a cell,OPTUS/TELSTRA,5.0,2.24,Telstra,5G,Macro cell nearby,Jabiru,2.85,Top End
Mumukala,Family Outstation,-12.6113699999999,132.66648,Never recorded,False,0.1,24.0,19.0,216.0,147.0,2.0,,Jabiru Health Centre,Palmerston Regional Hospital,False,False,25,0,0.07,Mumukala,Near a cell,TELSTRA,12.0,19.33,Telstra,5G,Small cell or near a cell,Jabiru,19.48,Top End
Ngipin,Family Outstation,-11.60003,133.45832,Never recorded,False,0.1,14.0,27.0,,,,,Warruwi,,False,False,28,3,9.28,,,,,9.63,Telstra,4G,Tower within 15km (2025),Warruwi,9.28,Top End
Buymarr,Family Outstation,-12.6982699999999,136.636529999999,Never recorded,False,0.0,100.0,102.0,104.0,103.0,88.0,,Laynhapuy Homelands,Gove District Hospital,False,False,26,1,46.57,,,,,39.27,Telstra,4G,Never recorded,Gunyangara,54.21,East Arnhem
Gutjangan,Family Outstation,-12.0839,136.80857,Never recorded,False,9.1,14.0,26.0,14.0,26.0,1.0,,Nhulunbuy Urban,Gove District Hospital,False,False,26,2,0.0,Gutjangan,Near a cell,TELSTRA,23.0,11.37,Optus,4G,Tower within 15km (2025),Nhulunbuy Urban,11.99,East Arnhem
Dharawa,Family Outstation,-11.84938,135.846929999999,Never recorded,False,0.1,43.0,84.0,,,,,Galiwin'ku Health Centre,,False,False,25,3,33.67,,,,,36.35,Telstra,5G,Never recorded,Galiwin'ku (Elcho Island),36.14,East Arnhem
Dhayirri,Family Outstation,-11.9612,135.6187,Never recorded,False,0.1,10.0,19.0,,,,,Galiwin'ku Health Centre,,False,False,24,3,5.99,,,,,9.17,Telstra,5G,Tower within 15km (2025),Galiwin'ku (Elcho Island),8.96,East Arnhem
Galawarra,Family Outstation,-12.0444,135.593729999999,Never recorded,False,1.2,7.0,13.0,,,,,Galiwin'ku (Elcho Island),,False,False,23,3,0.0,Galawarra,Near a cell,TELSTRA,16.0,3.81,Telstra,5G,Tower within 15km (2025),Galiwin'ku (Elcho Island),3.77,East Arnhem
Mudhamul,Family Outstation,-12.16089,136.172079999999,Never recorded,False,8.3,149.0,230.0,153.0,231.0,129.0,,Laynhapuy Homelands,Gove District Hospital,False,False,26,2,51.16,,,,,55.25,Telstra,4G,Never recorded,Gapuwiyak,55.06,East Arnhem
Bishops Bore,Family Outstation,-14.6145199999999,133.070529999999,Never recorded,False,0.1,,,,,,,,,False,False,21,0,8.14,,,,,8.37,Telstra,5G,Tower within 15km (2025),Wugularr (Beswick),8.14,Big Rivers
Baghetti,Family Outstation,-13.75874,134.463719999999,Never recorded,False,5.1,36.0,58.0,320.0,275.0,195.0,,Bulman Health Centre,Katherine Hospital,False,False,23,0,17.5,,,,,16.41,Telstra,4G,Never recorded,Gulin (Bulman),17.5,Big Rivers
Doolgarina,Family Outstation,-16.22917,136.766109999999,Never recorded,False,0.0,63.0,74.0,719.0,491.0,60.0,,Borroloola,Katherine Hospital,False,False,31,2,52.23,,,,,52.87,Telstra,4G,Never recorded,Borroloola,52.23,Big Rivers
Ijarra,Family Outstation,-16.2151999999999,136.005009999999,Never recorded,False,0.1,43.0,35.0,637.0,414.0,10.0,,Borroloola,Katherine Hospital,False,False,31,0,33.63,,,,,26.14,Telstra,4G,Never recorded,Borroloola,36.18,Big Rivers
North Island,Family Outstation,-15.5629399999999,136.845269999999,Never recorded,False,42.9,96.0,164.0,751.0,583.0,30.0,,Borroloola Community Health Centre,Katherine Hospital,False,True,34,3,80.41,,,,,79.4,Telstra,4G,Never recorded,Borroloola,80.41,Big Rivers
Wada Wadalla,Family Outstation,-15.92948,136.428859999999,Never recorded,False,0.0,26.0,44.0,681.0,462.0,23.0,,Borroloola,Katherine Hospital,False,False,33,3,20.14,,,,,19.04,Telstra,4G,Never recorded,Borroloola,20.14,Big Rivers
Manangoora,Family Outstation,-16.0515,136.860849999999,Never recorded,False,0.1,92.0,114.0,748.0,532.0,89.0,,Borroloola,Katherine Hospital,False,False,32,3,59.22,,,,,59.28,Telstra,4G,Never recorded,Borroloola,59.22,Big Rivers
Wurlbu,Family Outstation,-16.0746399999999,136.28415,Never recorded,False,0.1,6.0,7.0,655.0,420.0,1.0,,Borroloola,Katherine Hospital,False,False,32,2,0.04,Wurlbu,Near a cell,TELSTRA,7.0,3.31,Telstra,4G,Tower within 15km (2025),Borroloola,2.55,Big Rivers
Dillinya,Family Outstation,-15.85698,132.04505,Never recorded,False,0.1,235.0,185.0,252.0,195.0,26.0,,Binjari Community Health Centre,Katherine Hospital,False,False,24,0,80.89,,,,,26.11,Telstra,4G,Never recorded,Nitjpurru (Pigeon Hole),138.1,Big Rivers
Lija Mukumparla,Family Outstation,-17.3320799999999,135.080739999999,Never recorded,False,11.3,268.0,267.0,563.0,449.0,54.0,,Borroloola,Tennant Creek Hospital,False,True,22,0,165.19,,,,,99.56,Telstra,4G,Never recorded,Elliot,165.19,Barkly
Kurraya,Family Outstation,-19.76559,134.475449999999,Never recorded,False,0.1,41.0,66.0,42.0,67.0,27.0,,Tennant Creek Outstations,Tennant Creek Hospital,False,False,8,0,33.47,,,,,30.14,Telstra,5G,Never recorded,Tennant Creek Outstations,32.61,Barkly
Ankweleyelengkwe,Family Outstation,-21.59675,133.755169999999,Never recorded,False,0.0,,,,,,,,,False,False,3,0,14.2,,,,,15.67,Optus,3G/2G,Never recorded,Wilora Community Health Centre,16.37,
Jemelke,Family Outstation,-21.53389,133.87473,Never recorded,False,0.1,14.0,23.0,226.0,138.0,0.0,,Tara Community Health Centre,Tennant Creek Hospital,False,False,4,0,0.0,Jemelke,Near a cell,OPTUS/TELSTRA,8.0,1.54,Optus,3G/2G,Macro cell nearby,Tara(Neutral Junction),12.98,Barkly
Minmarama Park,Town Camp,-12.41118,130.849179999999,Never recorded,False,0.0,2.0,2.0,10.0,9.0,0.0,9.0,Danila Dilba - Bagot Clinic,Royal Darwin Hospital,True,False,31,1,21.53,,,,,1.19,Telstra,5G,Macro cell nearby,Belyuen,21.53,Top End
Iron Stone,Family Outstation,-12.89499,130.43571,Never recorded,False,0.3,86.0,75.0,122.0,98.0,10.0,,Remote Territory Healthcare,Palmerston Regional Hospital,False,False,31,1,37.77,,,,,17.26,Telstra,4G,Never recorded,Belyuen,48.9,Top End
Mobarn,Family Outstation,-13.57939,134.354989999999,Never recorded,False,0.1,16.0,31.0,321.0,266.0,200.0,,Bulman Health Centre,Katherine Hospital,False,False,23,0,8.78,,,,,10.44,Telstra,4G,Tower within 15km (2025),Gulin (Bulman),9.83,Big Rivers
Mariah,Family Outstation,-11.22968,132.38022,Never recorded,False,0.1,233.0,326.0,511.0,513.0,244.0,,Gunbalanya (Oenpelli),Palmerston Regional Hospital,False,False,27,2,21.94,,,,,23.01,Telstra,4G,Never recorded,Minjilang,23.35,Top End
Blue Bush,Family Outstation,-19.02411,133.735829999999,Never recorded,False,2.4,133.0,140.0,134.0,141.0,41.0,,Tennant Creek Outstations,Tennant Creek Hospital,False,False,16,0,67.49,,,,,67.57,Optus,3G/2G,Never recorded,Tennant Creek Outstations,84.16,Barkly
Milmilngkan,Family Outstation,-12.5231599999999,134.247309999999,Never recorded,False,3.2,87.0,116.0,458.0,395.0,188.0,,Mala'la Primary Health Care Centre,Palmerston Regional Hospital,False,False,20,2,37.16,,,,,52.05,Telstra,5G,Never recorded,Maningrida,52.58,Top End
Lake Katherine,Family Outstation,-14.27374,135.068049999999,Never recorded,False,0.1,78.0,94.0,393.0,327.0,128.0,,Ngukurr (Roper River),Katherine Hospital,False,False,24,0,62.46,,,,,62.59,Telstra,4G,Never recorded,Ngukurr (Roper River),62.46,Big Rivers
Sabina,Family Outstation,-13.8603,129.93195,Never recorded,False,0.1,8.0,16.0,321.0,315.0,102.0,,Woodyculpaldiya,Palmerston Regional Hospital,False,False,41,0,35.81,,,,,36.68,Telstra,4G,Never recorded,Woodyculpaldiya,7.47,Top End
Wulkabimirri,Family Outstation,-12.35538,134.90591,Never recorded,False,0.0,4.0,5.0,414.0,364.0,383.0,,Ramingining Community Health Centre - Milbrim Road,Gove District Hospital,False,False,20,3,4.03,,,,,3.74,Telstra,5G,Tower within 15km (2025),Ramingining,4.03,East Arnhem
Nguyarramini,Family Outstation,-20.0871299999999,134.38577,Never recorded,False,0.1,,,,,,,,,False,False,7,0,55.8,,,,,52.69,Telstra,4G,Never recorded,Tennant Creek Outstations,52.96,Barkly
Punjarriji,Family Outstation,-20.31062,134.50807,Never recorded,False,0.0,108.0,107.0,109.0,108.0,30.0,,Tennant Creek Outstations,Tennant Creek Hospital,False,False,6,0,46.87,,,,,36.9,Optus,4G,Never recorded,Ali Curung,77.74,Barkly
Bloodwood Bore,Family Outstation,-25.76764,134.288299999999,Never recorded,False,0.4,38.0,39.0,384.0,276.0,109.0,,Aputula(Finke),Alice Springs Hospital,False,False,0,0,99.22,,,,,35.04,Telstra,4G,Never recorded,Aputula(Finke),35.61,Central Australia
Beer St Bore,Family Outstation,-25.58297,134.525649999999,Never recorded,False,3.3,14.0,26.0,432.0,337.0,155.0,,Aputula(Finke),Alice Springs Hospital,False,False,0,0,110.76,,,,,4.79,Telstra,4G,Tower within 15km (2025),Aputula(Finke),5.24,Central Australia
Halfway Camp,Family Outstation,-25.69492,134.362629999999,Never recorded,False,0.1,28.0,31.0,395.0,290.0,121.0,,Aputula(Finke),Alice Springs Hospital,False,False,0,0,107.59,,,,,24.4,Telstra,4G,Never recorded,Aputula(Finke),24.96,Central Australia
Charlotte Waters,Family Outstation,-25.9142399999999,134.89274,Never recorded,False,0.0,60.0,89.0,479.0,401.0,205.0,,Aputula(Finke),Alice Springs Hospital,False,False,0,0,159.51,,,,,48.61,Telstra,4G,Never recorded,Aputula(Finke),48.56,Central Australia
Mcdonalds Yard,Family Outstation,-17.7823899999999,130.592109999999,Never recorded,False,0.0,53.0,93.0,517.0,394.0,52.0,,Kalkaringi (Wave Hill),Katherine Hospital,False,False,16,0,45.17,,,,,45.48,Telstra,4G,Never recorded,Kalkaringi (Wave Hill),45.17,Big Rivers
Mallarrami,Family Outstation,-11.7754099999999,136.535629999999,Never recorded,False,0.1,,,,,,,,,False,False,23,3,45.37,,,,,49.25,Telstra,4G,Never recorded,Gunyangara,52.31,East Arnhem
Alice Well,Family Outstation,-24.8812299999999,134.22962,Never recorded,False,0.0,29.0,58.0,232.0,222.0,130.0,,Titjikala (Maryvale),Alice Springs Hospital,False,False,0,0,27.8,,,,,27.43,Telstra,4G,Never recorded,Titjikala (Maryvale),27.8,Central Australia
Irrmarne,Family Outstation,-21.6540499999999,136.394749999999,Never recorded,False,0.1,146.0,150.0,454.0,389.0,280.0,,Ampilatwatja Health Centre,Tennant Creek Hospital,False,False,5,0,120.88,,,,,112.12,Telstra,4G,Never recorded,Aherrenge (Ampilawatja),120.88,Barkly
Pantyinteme,Family Outstation,-24.4501099999999,133.112069999999,Never recorded,False,0.0,139.0,115.0,145.0,119.0,23.0,,Alukura Women's Health Clinic,Alice Springs Hospital,False,False,0,0,36.3,,,,,36.29,Telstra,5G,Never recorded,Wallace Rockhole,36.3,Central Australia
Mt Eaglebeak,Family Outstation,-22.9564,135.19891,Never recorded,False,0.2,32.0,32.0,247.0,178.0,72.0,,Atitjere (Hearts Range) Community Health Centre,Alice Springs Hospital,False,False,2,0,27.29,,,,,26.82,Telstra,4G,Never recorded,Harts Range (Atitjere),27.29,Central Australia
Lizard Bore,Family Outstation,-23.3003399999999,131.134649999999,Never recorded,False,0.0,17.0,20.0,326.0,280.0,187.0,,Mt Liebig (Amunturrngu),Alice Springs Hospital,False,False,1,0,0.0,Lizard Bore,Near a cell,TELSTRA,5.0,15.45,Telstra,4G,Small cell or near a cell,Mt Liebig (Amunturrngu),14.66,Central Australia
Murranji,Family Outstation,-16.8359799999999,132.810699999999,Never recorded,False,0.5,185.0,154.0,389.0,277.0,75.0,,Elliot,Katherine Hospital,False,False,21,0,66.36,,,,,66.41,Optus,4G,Never recorded,Elliot,111.2,Barkly
Pertarratenge,Family Outstation,-24.4132599999999,133.319559999999,Never recorded,False,2.0,111.0,79.0,117.0,83.0,7.0,,Alukura Women's Health Clinic,Alice Springs Hospital,False,False,0,0,16.27,,,,,16.24,Telstra,4G,Never recorded,Wallace Rockhole,39.88,Central Australia
Petyale,Family Outstation,-21.99972,133.433629999999,Never recorded,False,0.2,19.0,15.0,214.0,132.0,4.0,,Ti Tree Community Health Centre,Alice Springs Hospital,False,False,2,0,14.35,,,,,14.92,Optus,4G,Tower within 15km (2025),Ti Tree Community Health Centre,14.46,
Rutjingka,Family Outstation,-23.91581,132.815269999999,Never recorded,False,0.0,7.0,9.0,124.0,96.0,2.0,,Hermannsburg (Ntaria),Alice Springs Hospital,False,False,0,0,0.03,Rutjingka,Near a cell,TELSTRA,5.0,4.88,Telstra,4G,Tower within 15km (2025),Hermannsburg (Ntaria),4.77,Central Australia
Yulara Pulka,Family Outstation,-25.2545499999999,130.891079999999,Never recorded,False,0.0,14.0,23.0,453.0,303.0,9.0,,Yulara(Uluru),Alice Springs Hospital,False,False,1,0,9.82,,,,,9.44,Optus,4G,Tower within 15km (2025),Yulara(Uluru),9.82,Central Australia
Yalukun,Family Outstation,-12.2625099999999,136.00585,Never recorded,False,0.1,46.0,92.0,264.0,280.0,247.0,,Gapuwiyak Community Health Centre,Gove District Hospital,False,False,26,2,33.23,,,,,34.63,Telstra,4G,Never recorded,Gapuwiyak,34.47,East Arnhem
Bardalumba,Family Outstation,-13.8244499999999,136.4489,Never recorded,False,0.0,7.0,9.0,,,,,Alyangula,,False,False,29,0,0.0,Bardalumba,Near a cell,TELSTRA,11.0,2.99,Telstra,4G,Macro cell nearby,Alyangula,4.34,East Arnhem
Gulngarring,Family Outstation,-13.13876,131.098109999999,Never recorded,False,0.0,12.0,9.0,83.0,52.0,1.0,,Adelaide River,Palmerston Regional Hospital,False,False,31,0,11.04,,,,,11.46,Optus,4G,Tower within 15km (2025),Adelaide River,11.04,Top End
Wurankuwu,Minor,-11.61652,130.277629999999,Never recorded,False,0.1,62.0,122.0,,,,,Wurrumiyanga (Nguiu),,False,False,32,2,27.92,,,,,28.29,Telstra,4G,Never recorded,Pirlangimpi,27.92,Top End
Ngarnka,Family Outstation,-20.17566,129.90876,Never recorded,False,0.1,317.0,258.0,613.0,454.0,226.0,,Yuendumu Community Health Centre,Alice Springs Hospital,False,False,8,0,64.15,,,,,39.0,Telstra,4G,Never recorded,Lajamanu (Hooker Creek),218.44,Big Rivers
Katjutari,Family Outstation,-23.7408499999999,132.004739999999,Never recorded,False,0.0,96.0,120.0,221.0,214.0,38.0,,Hermannsburg (Ntaria),Alice Springs Hospital,False,False,1,0,52.16,,,,,54.61,Optus,4G,Never recorded,Haasts Bluff (Ikuntji),34.98,Central Australia
Luntharra,Family Outstation,-23.7354299999999,132.04497,Never recorded,False,0.0,92.0,112.0,217.0,206.0,34.0,,Hermannsburg (Ntaria),Alice Springs Hospital,False,False,1,0,52.35,,,,,50.53,Optus,4G,Never recorded,Haasts Bluff (Ikuntji),36.12,Central Australia
Merral Ntarrakala,Family Outstation,-23.9141799999999,132.828649999999,Never recorded,False,0.1,8.0,10.0,125.0,97.0,3.0,,Hermannsburg (Ntaria),Alice Springs Hospital,False,False,0,0,0.0,Merral Ntarrakala,Near a cell,TELSTRA,5.0,6.12,Telstra,4G,Tower within 15km (2025),Hermannsburg (Ntaria),5.99,Central Australia
Natjitnama,Family Outstation,-24.0211299999999,132.98113,Never recorded,False,0.1,,,,,,,,,False,False,0,0,15.69,,,,,15.78,Telstra,5G,Never recorded,Wallace Rockhole,15.69,Central Australia
Rarangantjuta,Family Outstation,-23.98488,133.14814,Never recorded,False,3.6,47.0,41.0,86.0,70.0,0.0,70.0,Hermannsburg (Ntaria),Alice Springs Hospital,True,False,0,0,16.75,,,,,16.69,Telstra,5G,Never recorded,Wallace Rockhole,16.75,Central Australia
Mount Twellar,Family Outstation,-23.5419799999999,133.62279,Never recorded,False,0.0,45.0,34.0,48.0,36.0,4.0,,Purple House Primary Health Care,Alice Springs Hospital,False,False,0,0,0.0,Mount Twellar,Near a cell,TELSTRA,17.0,6.25,Telstra,4G,Tower within 15km (2025),Amoonguna,40.5,Central Australia
Wataru,Family Outstation,-24.85858,129.059359999999,Never recorded,False,0.1,4.0,5.0,674.0,488.0,123.0,,Kaltukatjara (Docker River) Community Health Centre,Alice Springs Hospital,False,False,2,0,0.06,Wataru,Near a cell,TELSTRA,5.0,2.59,Telstra,4G,Macro cell nearby,Kaltukatjara (Docker River),2.79,Central Australia
Oondaloo,Family Outstation,-24.8871499999999,129.064539999999,Never recorded,False,0.0,3.0,4.0,676.0,490.0,123.0,,Kaltukatjara (Docker River) Community Health Centre,Alice Springs Hospital,False,False,2,0,1.92,Kaltukatjara,Macro cell,TELSTRA,195.0,2.25,Telstra,4G,Macro cell nearby,Kaltukatjara (Docker River),1.92,Central Australia
Eagle Valley,Family Outstation,-24.92999,129.09845,Never recorded,False,1.0,8.0,16.0,681.0,502.0,127.0,,Kaltukatjara (Docker River) Community Health Centre,Alice Springs Hospital,False,False,2,0,6.3,,,,,6.66,Telstra,4G,Tower within 15km (2025),Kaltukatjara (Docker River),6.3,Central Australia
Tjauwata,Family Outstation,-24.91526,129.12181,Never recorded,False,1.3,9.0,18.0,682.0,504.0,128.0,,Kaltukatjara (Docker River) Community Health Centre,Alice Springs Hospital,False,False,2,0,6.12,,,,,6.35,Telstra,4G,Tower within 15km (2025),Kaltukatjara (Docker River),6.12,Central Australia
Emu Point,Family Outstation,-14.1702099999999,130.327769999999,Never recorded,False,0.1,43.0,59.0,291.0,239.0,73.0,,Peppimenarti Health Centre,Palmerston Regional Hospital,False,False,36,0,27.2,,,,,0.04,Telstra,4G,Macro cell nearby,Peppimenarti,27.2,Top End
Kelerrk,Family Outstation,-13.95783,130.32647,Never recorded,False,0.2,55.0,66.0,270.0,213.0,52.0,,Peppimenarti Health Centre,Palmerston Regional Hospital,False,False,37,0,34.44,,,,,23.65,Telstra,4G,Never recorded,Peppimenarti,34.44,Top End
Mulingi,Family Outstation,-13.92666,129.95077,Never recorded,False,0.2,16.0,32.0,323.0,319.0,105.0,,Woodycupaldiya Community Health Centre,Palmerston Regional Hospital,False,False,41,0,28.32,,,,,29.2,Telstra,4G,Never recorded,Woodyculpaldiya,9.26,Top End
Nadilmuk,Family Outstation,-11.9938399999999,134.294539999999,Never recorded,False,0.1,24.0,37.0,500.0,421.0,233.0,,Mala'la Primary Health Care Centre,Palmerston Regional Hospital,False,False,22,4,0.05,Nadilmuk,Near a cell,TELSTRA,5.0,9.73,Telstra,5G,Tower within 15km (2025),Maningrida,9.98,Top End
Nabbarla Kunindabba,Family Outstation,-12.0612499999999,134.402249999999,Never recorded,False,0.0,24.0,36.0,499.0,419.0,232.0,,Mala'la Primary Health Care Centre,Palmerston Regional Hospital,False,False,21,4,13.86,,,,,18.64,Telstra,5G,Never recorded,Maningrida,19.46,Top End
Barrkira,Family Outstation,-12.0086,136.4649,Never recorded,False,0.1,139.0,210.0,143.0,211.0,127.0,,Laynhapuy Homelands,Gove District Hospital,False,False,25,3,31.19,,,,,31.95,Telstra,4G,Never recorded,Gunyangara,34.85,East Arnhem
Watdagawuy,Family Outstation,-11.93961,135.700739999999,Never recorded,False,0.1,23.0,44.0,,,,,Galiwin'ku Health Centre,,False,False,25,3,14.96,,,,,17.54,Telstra,5G,Never recorded,Galiwin'ku (Elcho Island),17.34,East Arnhem
Wanakutja,Family Outstation,-11.10539,132.511059999999,Never recorded,False,0.0,10.0,19.0,,,,,Red Lily Health Service,,False,False,27,1,4.65,,,,,8.33,Telstra,4G,Tower within 15km (2025),Minjilang,8.93,Top End
Timor Springs,Family Outstation,-11.09665,132.57399,Never recorded,False,0.0,8.0,17.0,,,,,Red Lily Health Service,,False,False,27,1,6.0,,,,,5.7,Telstra,4G,Tower within 15km (2025),Minjilang,6.03,Top End
Sandy Bay,Family Outstation,-11.2071899999999,132.580269999999,Never recorded,False,0.5,9.0,18.0,,,,,Minjilang,,False,False,27,1,0.04,Sandy Bay,Near a cell,TELSTRA,5.0,6.63,Telstra,4G,Tower within 15km (2025),Minjilang,6.28,Top End
Arrgamurrmur,Family Outstation,-11.17399,132.61015,Never recorded,False,0.0,13.0,25.0,,,,,Minjilang,,False,False,27,1,4.31,,,,,4.9,Telstra,4G,Tower within 15km (2025),Minjilang,4.31,Top End
Marramarrani,Family Outstation,-11.30261,132.553409999999,Never recorded,False,0.1,21.0,41.0,,,,,Minjilang,,False,False,27,1,11.02,,,,,17.35,Telstra,4G,Never recorded,Minjilang,17.11,Top End
Adjamarragu,Family Outstation,-11.1518199999999,132.47559,Never recorded,False,0.1,14.0,28.0,,,,,Minjilang,,False,False,27,1,11.03,,,,,10.74,Telstra,4G,Tower within 15km (2025),Minjilang,11.24,Top End
Dhambala,Family Outstation,-12.0526,135.5609,Never recorded,False,0.0,4.0,6.0,,,,,Galiwin'ku (Elcho Island),,False,False,23,3,0.0,Dhambala,Near a cell,TELSTRA,9.0,3.12,Telstra,5G,Tower within 15km (2025),Galiwin'ku (Elcho Island),3.29,East Arnhem
Mandedjkadjang,Family Outstation,-12.26454,134.03056,Never recorded,False,0.1,88.0,96.0,414.0,329.0,147.0,,Mala'la Primary Health Care Centre,Palmerston Regional Hospital,False,False,20,4,0.0,Mandedjkadjang,Near a cell,TELSTRA,10.0,31.87,Telstra,5G,Small cell or near a cell,Maningrida,31.7,Top End
Yilila,Family Outstation,-13.6820399999999,135.91308,Never recorded,False,0.0,97.0,114.0,353.0,340.0,337.0,,Numbulwar,Gove District Hospital,False,False,25,0,60.0,,,,,32.9,Telstra,4G,Never recorded,Milyakburra (Bickerton Island),32.57,East Arnhem
Marrkalawa,Family Outstation,-13.57423,135.713099999999,Never recorded,False,0.1,99.0,101.0,321.0,293.0,305.0,,Numbulwar,Gove District Hospital,False,False,25,0,78.43,,,,,57.45,Telstra,4G,Never recorded,Milyakburra (Bickerton Island),57.13,East Arnhem
Patonga (Homestead),Family Outstation,-12.9580299999999,132.580469999999,Never recorded,False,0.1,54.0,50.0,255.0,176.0,9.0,,Jabiru Health Centre,Katherine Hospital,False,False,28,0,5.56,,,,,2.8,Telstra,4G,Macro cell nearby,Jabiru,41.75,Top End
Connells Lagoon,Family Outstation,-18.89143,136.54802,Never recorded,False,0.0,426.0,295.0,427.0,296.0,73.0,,Tennant Creek Outstations,Tennant Creek Hospital,False,False,13,0,122.26,,,,,93.34,Telstra,4G,Never recorded,Canteen Creek,219.41,Barkly
Maperte,Family Outstation,-22.5415899999999,136.38103,Never recorded,False,0.1,43.0,86.0,402.0,351.0,228.0,,Bonya Community Health Centre,Alice Springs Hospital,False,False,4,0,154.48,,,,,154.56,Telstra,4G,Never recorded,Bonya,34.74,Central Australia
Hatches Creek,Family Outstation,-20.8460599999999,135.21349,Never recorded,False,0.0,60.0,61.0,278.0,214.0,105.0,,Epenarra Health Centre,Tennant Creek Hospital,False,False,5,0,85.58,,,,,43.07,Telstra,4G,Never recorded,Epenarra (Wutunugurra),42.95,Barkly
Iluwurru,Family Outstation,-19.0322199999999,136.65003,Never recorded,False,0.1,330.0,307.0,446.0,315.0,91.0,,Alpurrurulam (Lake Nash) Community Health Centre,Tennant Creek Hospital,False,False,12,0,106.44,,,,,106.58,Telstra,4G,Never recorded,Canteen Creek,211.02,Barkly
Kurntapurra,Family Outstation,-19.3917699999999,135.397879999999,Never recorded,False,0.2,160.0,103.0,161.0,104.0,5.0,,Tennant Creek Outstations,Tennant Creek Hospital,False,False,11,0,122.89,,,,,57.21,Telstra,4G,Never recorded,Epenarra (Wutunugurra),119.92,Barkly
Namerinni,Family Outstation,-18.5681799999999,133.715489999999,Never recorded,False,1.1,,,,,,,,,False,False,17,0,29.06,,,,,29.0,Optus,3G/2G,Never recorded,Elliot,114.42,Barkly
Ngurrara,Family Outstation,-19.42135,135.405529999999,Never recorded,False,0.1,157.0,98.0,158.0,99.0,2.0,,Tennant Creek Outstations,Tennant Creek Hospital,False,False,11,0,123.26,,,,,54.58,Telstra,4G,Never recorded,Epenarra (Wutunugurra),116.77,Barkly
Wakurlpu,Family Outstation,-20.6322899999999,134.21688,Never recorded,False,0.0,59.0,39.0,114.0,70.0,0.0,,Ali Curung,Tennant Creek Hospital,False,False,5,0,0.03,Wakurlpu,Near a cell,TELSTRA,10.0,1.13,Optus,3G/2G,Macro cell nearby,Ali Curung,45.74,Barkly
Foxalls Well,Family Outstation,-23.0738299999999,134.82355,Never recorded,False,0.0,25.0,36.0,218.0,166.0,50.0,,Atitjere (Hearts Range) Community Health Centre,Alice Springs Hospital,False,False,0,0,15.07,,,,,16.04,Telstra,4G,Never recorded,Harts Range (Atitjere),15.07,Central Australia
Arrunge,Family Outstation,-22.49935,132.28147,Never recorded,False,0.1,73.0,64.0,242.0,174.0,10.0,,Yuendumu,Alice Springs Hospital,False,False,2,0,45.54,,,,,27.93,Telstra,4G,Never recorded,Laramba (Napperby),48.89,Central Australia
Fossil Head,Family Outstation,-14.53778,129.521269999999,Never recorded,False,0.2,38.0,74.0,415.0,378.0,176.0,,Wadeye (Port Keats),Palmerston Regional Hospital,False,False,42,0,33.07,,,,,33.08,Telstra,5G,Never recorded,Wadeye (Port Keats),33.07,Top End
Kubuyirr,Family Outstation,-14.12168,129.784989999999,Never recorded,False,0.0,57.0,100.0,411.0,381.0,172.0,,Wadeye Community Health Centre,Palmerston Regional Hospital,False,False,42,0,22.35,,,,,27.57,Telstra,4G,Never recorded,Palumpa,27.45,Top End
Ngarinthi,Family Outstation,-14.46204,129.42257,Never recorded,False,0.1,,,,,,,,,False,False,44,0,26.81,,,,,26.79,Telstra,5G,Never recorded,Wadeye (Port Keats),26.81,Top End
Old Mission,Family Outstation,-14.12918,129.498069999999,Has coverage,True,0.1,19.0,36.0,400.0,346.0,158.0,,Wadeye (Port Keats),Palmerston Regional Hospital,False,False,42,1,12.6,,,,,12.58,Telstra,5G,Tower within 15km (2025),Wadeye (Port Keats),12.6,Top End
Ngunthak,Family Outstation,-14.4044499999999,129.361829999999,Never recorded,False,0.1,34.0,67.0,411.0,371.0,172.0,,Wadeye (Port Keats),Palmerston Regional Hospital,False,False,44,0,25.0,,,,,24.97,Telstra,5G,Never recorded,Wadeye (Port Keats),25.0,Top End
Angatyepe,Family Outstation,-23.745,133.7275,Never recorded,False,0.3,16.0,14.0,20.0,17.0,1.0,,Larapinta Clinic,Alice Springs Hospital,False,False,0,0,0.0,Angatyepe,Near a cell,TELSTRA,13.0,8.95,Telstra,4G,Tower within 15km (2025),Amoonguna,21.35,Central Australia
Angkerle Arrenge (A),Family Outstation,-23.7459899999999,133.480079999999,Never recorded,False,0.0,44.0,38.0,47.0,41.0,1.0,,Larapinta Clinic,Alice Springs Hospital,False,False,0,0,8.21,,,,,2.88,Telstra,4G,Macro cell nearby,Amoonguna,46.45,Central Australia
Angkerle Arrenge (B),Family Outstation,-23.7389399999999,133.47969,Never recorded,False,0.1,45.0,39.0,48.0,42.0,0.0,,Larapinta Clinic,Alice Springs Hospital,False,False,0,0,8.55,,,,,2.14,Telstra,4G,Macro cell nearby,Amoonguna,46.54,Central Australia
Arrillhjere,Family Outstation,-23.7798099999999,133.62608,Never recorded,False,0.1,27.0,22.0,31.0,25.0,1.0,,Larapinta Clinic,Alice Springs Hospital,False,False,0,0,0.0,Arrillhjere,Near a cell,TELSTRA,5.0,17.14,Telstra,4G,Small cell or near a cell,Amoonguna,31.57,Central Australia
Elitjia,Family Outstation,-23.7767699999999,133.615829999999,Never recorded,False,0.0,27.0,21.0,31.0,24.0,1.0,,Larapinta Clinic,Alice Springs Hospital,False,False,0,0,0.0,Elitjia,Near a cell,OPTUS/TELSTRA,13.0,16.04,Telstra,4G,Small cell or near a cell,Amoonguna,32.6,Central Australia
Irriltyere (A),Family Outstation,-23.7512899999999,133.69467,Never recorded,False,0.0,19.0,15.0,22.0,18.0,0.0,,Larapinta Clinic,Alice Springs Hospital,False,False,0,0,0.0,Irriltyere (A),Near a cell,OPTUS/TELSTRA,7.0,12.27,Telstra,4G,Tower within 15km (2025),Amoonguna,24.62,Central Australia
Irriltyere (B),Family Outstation,-23.7610499999999,133.68564,Never recorded,False,0.0,21.0,17.0,24.0,20.0,1.0,,Larapinta Clinic,Alice Springs Hospital,False,False,0,0,0.0,Irriltyere (B),Near a cell,OPTUS/TELSTRA,8.0,13.25,Telstra,4G,Tower within 15km (2025),Amoonguna,25.48,Central Australia
Iteyepintye,Family Outstation,-23.7646599999999,133.59994,Never recorded,False,0.1,29.0,23.0,33.0,26.0,1.0,,Larapinta Clinic,Alice Springs Hospital,False,False,0,0,0.0,Iteyepintye,Near a cell,TELSTRA,21.0,14.05,Telstra,4G,Tower within 15km (2025),Amoonguna,34.2,Central Australia
Itperlyenge,Family Outstation,-23.76361,133.61103,Never recorded,False,0.1,29.0,23.0,33.0,26.0,1.0,,Larapinta Clinic,Alice Springs Hospital,False,False,0,0,0.0,Itperlyenge,Near a cell,TELSTRA,11.0,15.08,Telstra,4G,Small cell or near a cell,Amoonguna,33.07,Central Australia
Kwale Kwale,Family Outstation,-23.76972,133.57451,Never recorded,False,0.0,31.0,25.0,35.0,28.0,1.0,,Larapinta Clinic,Alice Springs Hospital,False,False,0,0,0.0,Kwale Kwale,Near a cell,OPTUS/TELSTRA,25.0,11.89,Telstra,4G,Tower within 15km (2025),Amoonguna,36.79,Central Australia
Payeperrentye (B),Family Outstation,-23.77074,133.556209999999,Never recorded,False,0.1,33.0,26.0,37.0,29.0,1.0,,Larapinta Clinic,Alice Springs Hospital,False,False,0,0,0.04,Payeperrentye (B),Near a cell,OPTUS/TELSTRA,9.0,10.32,Telstra,4G,Tower within 15km (2025),Amoonguna,38.65,Central Australia
Perte Therre,Family Outstation,-23.7581799999999,133.64573,Never recorded,False,0.0,24.0,19.0,27.0,22.0,1.0,,Larapinta Clinic,Alice Springs Hospital,False,False,0,0,0.03,Perte Therre,Near a cell,OPTUS/TELSTRA,18.0,17.28,Telstra,4G,Small cell or near a cell,Amoonguna,29.55,Central Australia
Tnerte,Family Outstation,-23.7471499999999,133.72011,Never recorded,False,0.3,17.0,15.0,21.0,18.0,1.0,,Larapinta Clinic,Alice Springs Hospital,False,False,0,0,0.02,Tnerte,Near a cell,TELSTRA,15.0,9.69,Telstra,4G,Tower within 15km (2025),Amoonguna,22.07,Central Australia
Twetye (A),Family Outstation,-23.74034,133.705389999999,Never recorded,False,0.1,18.0,14.0,21.0,17.0,1.0,,Larapinta Clinic,Alice Springs Hospital,False,False,0,0,0.0,Twetye (A),Near a cell,TELSTRA,13.0,11.23,Telstra,4G,Tower within 15km (2025),Amoonguna,23.65,Central Australia
Twetye (B),Family Outstation,-23.7429199999999,133.696329999999,Never recorded,False,0.1,18.0,15.0,22.0,18.0,1.0,,Larapinta Clinic,Alice Springs Hospital,False,False,0,0,0.0,Twetye (B),Near a cell,TELSTRA,26.0,12.13,Telstra,4G,Tower within 15km (2025),Amoonguna,24.53,Central Australia
Tywenpe (A),Family Outstation,-23.72634,133.729279999999,Never recorded,False,0.0,15.0,13.0,19.0,16.0,1.0,,Larapinta Clinic,Alice Springs Hospital,False,False,0,0,0.0,Tywenpe (A),Near a cell,OPTUS/TELSTRA,17.0,9.14,Telstra,4G,Tower within 15km (2025),Amoonguna,21.5,Central Australia
Inbina Atwatye,Family Outstation,-23.74118,133.713239999999,Never recorded,False,0.2,16.0,13.0,20.0,16.0,0.0,,Larapinta Clinic,Alice Springs Hospital,False,False,0,0,0.03,Inbina Atwatye,Near a cell,TELSTRA,10.0,10.43,Telstra,4G,Tower within 15km (2025),Amoonguna,22.84,Central Australia
Tywenpe (C),Family Outstation,-23.74426,133.68787,Never recorded,False,0.1,19.0,16.0,23.0,19.0,1.0,,Larapinta Clinic,Alice Springs Hospital,False,False,0,0,0.0,Tywenpe (C),Near a cell,OPTUS/TELSTRA,36.0,12.98,Telstra,4G,Tower within 15km (2025),Amoonguna,25.37,Central Australia
Tywenpe (D),Family Outstation,-23.7648,133.672259999999,Never recorded,False,0.0,22.0,18.0,26.0,21.0,1.0,,Larapinta Clinic,Alice Springs Hospital,False,False,0,0,0.0,Tywenpe (D),Near a cell,OPTUS/TELSTRA,7.0,14.65,Telstra,4G,Tower within 15km (2025),Amoonguna,26.84,Central Australia
Itchy Koo Park,Family Outstation,-23.7666699999999,133.65816,Never recorded,False,0.1,24.0,20.0,27.0,23.0,1.0,,Larapinta Clinic,Alice Springs Hospital,False,False,0,0,0.0,Itchy Koo Park,Near a cell,OPTUS/TELSTRA,36.0,16.1,Telstra,4G,Small cell or near a cell,Amoonguna,28.27,Central Australia
Kudantiga,Family Outstation,-14.4291799999999,129.42918,Never recorded,False,0.1,,,,,,,,,False,False,42,0,23.18,,,,,23.17,Telstra,5G,Never recorded,Wadeye (Port Keats),23.18,Top End
Wumirdin,Family Outstation,-14.1890699999999,129.563189999999,Never recorded,False,0.1,29.0,45.0,384.0,326.0,145.0,,Wadeye Community Health Centre,Palmerston Regional Hospital,False,False,42,0,7.33,,,,,7.36,Telstra,5G,Tower within 15km (2025),Wadeye (Port Keats),7.33,Top End
Barraratjpi,Family Outstation,-13.2185799999999,136.391379999999,Never recorded,False,2.1,153.0,207.0,191.0,233.0,173.0,,Gapuwiyak,Gove District Hospital,False,False,26,0,67.24,,,,,66.18,Telstra,4G,Never recorded,Milyakburra (Bickerton Island),66.32,East Arnhem
Yartalu Yartalu,Family Outstation,-20.57253,130.355279999999,Never recorded,False,0.1,250.0,200.0,545.0,395.0,159.0,,Yuendumu Community Health Centre,Alice Springs Hospital,False,False,6,0,0.06,Yartalu Yartalu,Near a cell,TELSTRA,7.0,3.38,Telstra,4G,Tower within 15km (2025),Nyirippi(Waite Creek),231.96,Central Australia
Pwerte Marnte Marnte,Family Outstation,-24.3733799999999,133.719819999999,Never recorded,False,0.4,66.0,71.0,142.0,106.0,41.0,,Titjikala (Maryvale),Alice Springs Hospital,False,False,0,0,26.8,,,,,10.47,Optus,4G,Tower within 15km (2025),Titjikala (Maryvale),49.13,Central Australia
Kalumbulani,Family Outstation,-16.8772,131.21949,Never recorded,False,0.1,15.0,29.0,421.0,322.0,36.0,,Nitjpurru (Pigeon Hole),Katherine Hospital,False,False,19,0,59.66,,,,,59.6,Telstra,4G,Never recorded,Nitjpurru (Pigeon Hole),7.01,Big Rivers
Doojum,Family Outstation,-15.72519,129.15921,Never recorded,False,0.1,165.0,155.0,754.0,596.0,220.0,,Bulla,Katherine Hospital,False,False,34,0,94.26,,,,,7.08,Optus,4G,Tower within 15km (2025),Amanbidji (Kildurk),92.31,Big Rivers
Burta Wurta,Family Outstation,-17.5359699999999,130.47592,Never recorded,False,7.0,59.0,59.0,523.0,360.0,51.0,,Kalkaringi (Wave Hill),Katherine Hospital,False,False,16,0,38.0,,,,,38.97,Telstra,4G,Never recorded,Daguragu (Wattie Creek),38.0,Big Rivers
Gimbat,Family Outstation,-13.5785399999999,132.60772,Never recorded,False,0.1,115.0,137.0,208.0,192.0,44.0,,Pine Creek,Katherine Hospital,False,False,24,0,42.12,,,,,25.17,Telstra,4G,Never recorded,Manyallaluk (Eva Valley),80.1,Big Rivers
Banatjarl,Family Outstation,-14.47668,132.651399999999,Never recorded,False,0.1,57.0,64.0,66.0,68.0,20.0,,Sunrise Health Barunga Clinic,Katherine Hospital,False,False,26,0,23.76,,,,,23.8,Telstra,5G,Never recorded,Barunga (Bamyili),23.76,Big Rivers
Kalpitapta,Family Outstation,-20.8993599999999,135.35397,Never recorded,False,0.0,67.0,91.0,275.0,264.0,187.0,,Epenarra Health Centre,Tennant Creek Hospital,False,False,5,0,85.26,,,,,31.21,Telstra,4G,Never recorded,Canteen Creek,37.22,Barkly
Snake Well,Family Outstation,-23.1594599999999,133.915289999999,Never recorded,False,0.1,75.0,73.0,77.0,75.0,27.0,,Purple House Primary Health Care,Alice Springs Hospital,False,False,0,0,39.72,,,,,39.54,Optus,3G/2G,Never recorded,Amoonguna,67.51,Central Australia
Bunhanura,Family Outstation,-12.37449,135.722209999999,Never recorded,False,0.0,18.0,36.0,236.0,224.0,219.0,,Gapuwiyak Community Health Centre,Gove District Hospital,False,False,25,2,0.0,Bunhanura,Near a cell,TELSTRA,7.0,16.83,Telstra,4G,Small cell or near a cell,Gapuwiyak,16.95,East Arnhem
Fitzroy Station,Family Outstation,-15.56298,130.93431,Never recorded,False,0.0,71.0,49.0,549.0,424.0,185.0,,Timber Creek,Katherine Hospital,False,False,27,0,21.46,,,,,21.71,Optus,3G/2G,Never recorded,Timber Creek,49.85,Big Rivers
Menngen,Family Outstation,-15.3569599999999,131.273069999999,Never recorded,False,0.1,153.0,125.0,631.0,500.0,203.0,,Timber Creek,Katherine Hospital,False,False,26,0,32.78,,,,,32.84,Optus,3G/2G,Never recorded,Timber Creek,91.47,Big Rivers
Wiitin,Family Outstation,-19.54493,134.23657,Never recorded,False,0.2,14.0,11.0,15.0,12.0,1.0,,Tennant Creek Outstations,Tennant Creek Hospital,False,False,12,0,0.05,Wiitin,Near a cell,OPTUS/TELSTRA,10.0,10.02,Telstra,5G,Tower within 15km (2025),Tennant Creek Outstations,12.43,Barkly
Spotted Tiger,Family Outstation,-23.04308,134.917609999999,Never recorded,False,0.0,8.0,16.0,222.0,162.0,53.0,,Harts Range (Atitjere),Alice Springs Hospital,False,False,2,0,6.75,,,,,7.85,Telstra,4G,Tower within 15km (2025),Harts Range (Atitjere),6.75,Central Australia
Dhulmulmiya,Family Outstation,-12.5278099999999,136.725329999999,Never recorded,False,0.1,101.0,107.0,105.0,109.0,89.0,,Laynhapuy Homelands,Gove District Hospital,False,False,27,1,28.51,,,,,18.01,Telstra,4G,Never recorded,Gunyangara,34.8,East Arnhem
Dhaniya,Family Outstation,-12.55007,136.737909999999,Never recorded,False,0.2,101.0,107.0,105.0,109.0,89.0,,Laynhapuy Homelands,Gove District Hospital,False,False,27,1,31.26,,,,,19.76,Telstra,4G,Never recorded,Laynhapuy Homelands,37.03,East Arnhem
Daliwuy Bay,Family Outstation,-12.34085,136.91835,Never recorded,False,1.1,22.0,36.0,26.0,37.0,13.0,,Laynhapuy Homelands,Gove District Hospital,False,False,25,1,10.21,,,,,10.34,Telstra,4G,Tower within 15km (2025),Laynhapuy Homelands,10.21,East Arnhem
Mount Jean,Family Outstation,-13.5325899999999,134.171909999999,Never recorded,False,0.1,26.0,47.0,327.0,279.0,207.0,,Bulman Health Centre,Katherine Hospital,False,False,25,0,19.3,,,,,23.95,Telstra,4G,Never recorded,Gulin (Bulman),22.85,Big Rivers
Scott Point,Family Outstation,-13.75212,136.84751,Never recorded,False,0.8,,,,,,,,,False,False,28,0,12.6,,,,,12.26,Telstra,4G,Tower within 15km (2025),Umbakumba,12.6,East Arnhem
Akwalirrumanja,Family Outstation,-13.86346,136.77866,Never recorded,False,0.0,5.0,6.0,,,,,Umbakumba,,False,False,31,0,3.53,,,,,3.73,Telstra,4G,Tower within 15km (2025),Umbakumba,3.53,East Arnhem
Angwura,Family Outstation,-13.9194199999999,136.726089999999,Never recorded,False,0.1,19.0,22.0,,,,,Umbakumba,,False,False,31,0,11.33,,,,,11.63,Telstra,4G,Tower within 15km (2025),Umbakumba,11.33,East Arnhem
Imperrenth,Family Outstation,-21.21086,134.96858,Never recorded,False,1.6,71.0,73.0,244.0,180.0,69.0,,Ali Curung,Tennant Creek Hospital,False,False,5,0,56.23,,,,,49.82,Telstra,4G,Never recorded,Aherrenge (Ampilawatja),56.23,Barkly
Uminyuluk,Family Outstation,-13.8307299999999,130.05311,Never recorded,False,0.1,10.0,20.0,309.0,291.0,91.0,,Woodycupaldiya Community Health Centre,Palmerston Regional Hospital,False,False,40,0,35.62,,,,,36.33,Telstra,4G,Never recorded,Woodyculpaldiya,6.44,Top End
Garanydjirr,Family Outstation,-12.28204,135.020949999999,Never recorded,False,0.1,13.0,26.0,430.0,392.0,396.0,,Ramingining,Gove District Hospital,False,False,21,3,0.0,Garanydjirr,Near a cell,TELSTRA,6.0,11.49,Telstra,5G,Tower within 15km (2025),Ramingining,11.11,East Arnhem
Mu-Gurta,Family Outstation,-12.25897,134.508139999999,Never recorded,False,0.0,,,,,,,,,False,False,20,3,33.76,,,,,37.7,Telstra,5G,Never recorded,Maningrida,38.63,Top End
Djinkarr,Family Outstation,-12.2128699999999,134.296259999999,Never recorded,False,0.1,22.0,24.0,470.0,381.0,203.0,,Mala'la Primary Health Care Centre,Palmerston Regional Hospital,False,False,20,3,19.67,,,,,18.9,Telstra,5G,Never recorded,Maningrida,19.67,Top End
Jarramagorndarra,Family Outstation,-12.29072,134.653109999999,Never recorded,False,0.0,55.0,62.0,498.0,415.0,231.0,,Ramingining Community Health Centre - Milbrim Road,Palmerston Regional Hospital,False,False,20,3,17.87,,,,,29.98,Telstra,5G,Never recorded,Ramingining,30.36,East Arnhem
Kumurrulu,Family Outstation,-12.2717099999999,134.07048,Never recorded,False,0.1,79.0,83.0,413.0,325.0,146.0,,Mala'la Primary Health Care Centre,Palmerston Regional Hospital,False,False,20,3,4.41,,,,,29.72,Telstra,5G,Never recorded,Maningrida,29.67,Top End
Armorran,Family Outstation,-11.7557499999999,133.381419999999,Never recorded,False,8.5,14.0,28.0,,,,,Warruwi,,False,False,27,3,0.0,Armorran,Near a cell,TELSTRA,8.0,11.98,Telstra,4G,Tower within 15km (2025),Warruwi,11.91,Top End
Ngarlu Ngarlu,Family Outstation,-11.8662899999999,133.40906,Never recorded,False,21.0,27.0,53.0,,,,,Warruwi,,False,True,25,3,12.65,,,,,24.41,Telstra,4G,Never recorded,Warruwi,24.26,Top End
Tommyhawk Swamp,Family Outstation,-22.1943099999999,134.592739999999,Never recorded,False,0.1,25.0,29.0,227.0,198.0,130.0,,Urapuntja (Utopia),Alice Springs Hospital,False,False,4,0,22.18,,,,,22.33,Telstra,5G,Never recorded,Urapuntja (Utopia),22.18,Barkly
Mulggan,Town Camp,-14.92004,133.0739,Never recorded,False,0.1,2.0,2.0,110.0,68.0,0.0,68.0,Mataranka,Katherine Hospital,True,False,21,0,0.8,Mataranka,Macro cell,OPTUS/TELSTRA,384.0,0.54,Optus,3G/2G,Macro cell nearby,Mataranka,0.8,Big Rivers
Cow Lagoon,Family Outstation,-16.2075099999999,135.949619999999,Never recorded,False,0.0,52.0,46.0,645.0,424.0,19.0,,Borroloola,Katherine Hospital,False,False,31,0,38.64,,,,,29.5,Telstra,4G,Never recorded,Borroloola,41.21,Big Rivers
Hingstons Place,Family Outstation,-19.6177299999999,134.197029999999,Never recorded,False,0.1,4.0,4.0,5.0,5.0,1.0,,Tennant Creek Outstations,Tennant Creek Hospital,False,False,11,0,0.0,Hingstons Place,Near a cell,OPTUS/TELSTRA,7.0,3.32,Telstra,4G,Tower within 15km (2025),Tennant Creek Outstations,3.42,Barkly
Napagunpa,Family Outstation,-19.10426,133.61851,Never recorded,False,0.1,101.0,143.0,101.0,144.0,55.0,,Tennant Creek Outstations,Tennant Creek Hospital,False,False,15,0,72.04,,,,,72.1,Optus,3G/2G,Never recorded,Tennant Creek Outstations,85.14,Barkly
Pakulki,Family Outstation,-19.5043799999999,134.418459999999,Never recorded,False,0.0,52.0,43.0,53.0,44.0,8.0,,Tennant Creek Outstations,Tennant Creek Hospital,False,False,12,0,19.55,,,,,23.28,Optus,3G/2G,Never recorded,Tennant Creek Outstations,28.74,Barkly
Buni-Inwunbuluk,Family Outstation,-11.4061299999999,132.825539999999,Never recorded,False,0.2,163.0,187.0,442.0,374.0,175.0,,Gunbalanya (Oenpelli),Palmerston Regional Hospital,False,False,27,1,13.02,,,,,39.71,Telstra,4G,Never recorded,Minjilang,39.14,Top End
Murgenella Plains,Family Outstation,-11.71041,132.91239,Never recorded,False,0.1,165.0,190.0,443.0,377.0,176.0,,Gunbalanya (Oenpelli),Palmerston Regional Hospital,False,False,27,2,29.75,,,,,51.9,Telstra,4G,Never recorded,Warruwi,52.38,Top End
Irgul Point,Family Outstation,-11.34201,132.52876,Never recorded,False,0.1,188.0,236.0,466.0,422.0,199.0,,Gunbalanya (Oenpelli),Palmerston Regional Hospital,False,False,27,2,16.02,,,,,22.14,Telstra,4G,Never recorded,Minjilang,21.96,Top End
Adbanae,Family Outstation,-11.2416699999999,131.97531,Never recorded,False,9.3,298.0,456.0,576.0,643.0,300.0,,Gunbalanya (Oenpelli),Palmerston Regional Hospital,False,False,26,2,63.35,,,,,66.13,Telstra,4G,Never recorded,Minjilang,66.58,Top End
Kapalga,Family Outstation,-12.69876,132.371129999999,Never recorded,False,0.2,58.0,46.0,187.0,132.0,5.0,,Jabiru Health Centre,Palmerston Regional Hospital,False,False,24,0,12.08,,,,,6.79,Telstra,4G,Tower within 15km (2025),Jabiru,50.25,Top End
Djirrbiyak,Family Outstation,-12.72945,132.76363,Never recorded,False,0.1,18.0,15.0,246.0,167.0,2.0,,Jabiru Health Centre,Palmerston Regional Hospital,False,False,26,0,0.06,Djirrbiyak,Near a cell,OPTUS/TELSTRA,30.0,10.17,Optus,4G,Tower within 15km (2025),Jabiru,9.7,Top End
Walangurrminy,Family Outstation,-12.9748199999999,130.776139999999,Never recorded,False,0.1,51.0,38.0,86.0,61.0,0.0,,Remote Territory Healthcare,Palmerston Regional Hospital,False,False,30,1,15.03,,,,,15.08,Optus,4G,Never recorded,Batchelor,28.51,Top End
Yakala,Family Outstation,-23.8866799999999,132.6639,Never recorded,False,0.0,17.0,16.0,142.0,110.0,2.0,,Hermannsburg (Ntaria),Alice Springs Hospital,False,False,0,0,0.74,Tnyimipurta,Near a cell,TELSTRA,8.0,13.03,Telstra,4G,Tower within 15km (2025),Hermannsburg (Ntaria),13.23,Central Australia
Undurana 2A,Family Outstation,-23.75918,132.105289999999,Never recorded,False,0.1,85.0,98.0,210.0,191.0,27.0,,Hermannsburg (Ntaria),Alice Springs Hospital,False,False,1,0,56.58,,,,,45.82,Optus,4G,Never recorded,Utju(Areonga),38.8,Central Australia
Budjanga,Family Outstation,-16.1794499999999,136.76818,Never recorded,False,0.0,59.0,61.0,714.0,478.0,56.0,,Borroloola,Katherine Hospital,False,False,31,2,50.82,,,,,51.31,Telstra,4G,Never recorded,Borroloola,50.82,Big Rivers
Milibunthurra,Family Outstation,-15.9623099999999,136.423329999999,Never recorded,False,0.0,23.0,38.0,678.0,455.0,19.0,,Borroloola,Katherine Hospital,False,False,33,3,17.09,,,,,16.13,Telstra,4G,Never recorded,Borroloola,17.09,Big Rivers
Sandridge,Family Outstation,-16.04184,136.34854,Never recorded,False,0.0,12.0,17.0,668.0,434.0,9.0,,Borroloola,Katherine Hospital,False,False,32,2,5.29,,,,,4.72,Telstra,4G,Tower within 15km (2025),Borroloola,5.29,Big Rivers
Jimilaya,Family Outstation,-15.6088499999999,136.674669999999,Never recorded,False,24.5,78.0,127.0,733.0,546.0,30.0,,Borroloola Community Health Centre,Katherine Hospital,False,True,35,3,64.42,,,,,63.25,Telstra,4G,Never recorded,Borroloola,64.42,Big Rivers
Mooloowa,Family Outstation,-15.62411,137.000529999999,Never recorded,False,39.1,142.0,215.0,798.0,632.0,100.0,,Borroloola,Katherine Hospital,False,True,35,3,89.09,,,,,88.31,Telstra,4G,Never recorded,Borroloola,89.09,Big Rivers
Uguie,Family Outstation,-15.83006,137.041419999999,Never recorded,False,23.2,127.0,183.0,782.0,601.0,100.0,,Borroloola,Katherine Hospital,False,True,33,3,82.85,,,,,82.45,Telstra,4G,Never recorded,Borroloola,82.85,Big Rivers
Garawa 2,Town Camp,-16.0739,136.3189,Never recorded,False,0.0,4.0,4.0,659.0,422.0,0.0,422.0,Borroloola,Katherine Hospital,True,False,32,2,1.46,Borroloola,Macro cell,TELSTRA,755.0,2.64,Telstra,4G,Macro cell nearby,Borroloola,1.46,Big Rivers
Garrinjinny,Family Outstation,-16.6749599999999,135.64751,Never recorded,False,0.4,127.0,91.0,540.0,348.0,4.0,,Borroloola,Katherine Hospital,False,False,28,0,95.19,,,,,8.47,Optus,3G/2G,Tower within 15km (2025),Borroloola,97.52,Big Rivers
Mariniri,Family Outstation,-16.6700099999999,136.901399999999,Never recorded,False,0.1,14.0,27.0,786.0,583.0,128.0,,Robinson River,Katherine Hospital,False,False,28,2,13.06,,,,,13.18,Telstra,4G,Tower within 15km (2025),Robinson River,13.06,Big Rivers
Wulaburri,Family Outstation,-16.4064,136.84162,Never recorded,False,0.0,55.0,109.0,783.0,577.0,125.0,,Robinson River,Katherine Hospital,False,False,30,2,41.99,,,,,41.95,Telstra,4G,Never recorded,Robinson River,41.99,Big Rivers
Wundigalla,Family Outstation,-16.4755699999999,137.04307,Never recorded,False,0.0,58.0,105.0,763.0,526.0,104.0,,Robinson River,Katherine Hospital,False,False,31,3,32.29,,,,,32.02,Telstra,4G,Never recorded,Robinson River,32.29,Big Rivers
Pantharrpilenhe,Family Outstation,-23.37058,134.789209999999,Never recorded,False,0.4,116.0,117.0,127.0,125.0,51.0,,Amoonguna Health Service,Alice Springs Hospital,False,False,0,0,39.14,,,,,14.1,Optus,4G,Tower within 15km (2025),Harts Range (Atitjere),45.43,Central Australia
Warlpeyangkrere,Family Outstation,-22.5489399999999,136.991749999999,Never recorded,False,0.1,103.0,106.0,456.0,360.0,282.0,,Bonya,Alice Springs Hospital,False,False,4,0,195.15,,,,,105.5,Optus,4G,Never recorded,Bonya,88.46,Central Australia
Yinyikay,Family Outstation,-12.2102399999999,136.229209999999,Never recorded,False,0.0,141.0,213.0,145.0,215.0,129.0,,Laynhapuy Homelands,Gove District Hospital,False,False,26,2,44.39,,,,,50.34,Telstra,4G,Never recorded,Gunyangara,51.79,East Arnhem
Kumunu,Family Outstation,-18.76418,133.639459999999,Never recorded,False,0.1,,,,,,,,,False,False,16,0,52.25,,,,,52.2,Optus,3G/2G,Never recorded,Tennant Creek Outstations,114.01,Barkly
Muckaty,Family Outstation,-18.6393199999999,133.8959,Never recorded,False,0.0,128.0,86.0,129.0,87.0,6.0,,Tennant Creek Outstations,Tennant Creek Hospital,False,False,16,0,37.28,,,,,37.21,Optus,3G/2G,Never recorded,Tennant Creek Outstations,116.32,Barkly
Yirra Bandoo,Family Outstation,-12.5729299999999,131.022379999999,Never recorded,False,0.1,8.0,9.0,16.0,14.0,1.0,,Coolalinga Medical Centre,Palmerston Regional Hospital,False,False,30,1,35.21,,,,,2.07,Telstra,4G,Macro cell nearby,Belyuen,35.21,Top End
Darrandarra,Family Outstation,-12.7409799999999,130.95462,Never recorded,False,0.6,10.0,8.0,46.0,32.0,0.0,32.0,Remote Territory Healthcare,Palmerston Regional Hospital,True,False,29,1,34.89,,,,,1.24,Telstra,4G,Macro cell nearby,Batchelor,34.89,Top End
10 Mile Outstation,Family Outstation,-22.46667,132.376579999999,Never recorded,False,0.1,88.0,87.0,246.0,189.0,20.0,,Yuendumu,Alice Springs Hospital,False,False,1,0,44.38,,,,,29.12,Telstra,4G,Never recorded,Laramba (Napperby),39.67,Central Australia
Ileparratye,Family Outstation,-22.0214499999999,133.429309999999,Never recorded,False,1.1,21.0,18.0,215.0,136.0,5.0,,Ti Tree Community Health Centre,Alice Springs Hospital,False,False,2,0,11.9,,,,,12.47,Optus,4G,Tower within 15km (2025),Ti Tree Community Health Centre,12.02,
4 Mile Camp,Family Outstation,-11.7779799999999,130.59548,Never recorded,False,0.1,6.0,9.0,,,,,Wurrumiyanga (Nguiu),,False,False,30,2,5.07,,,,,5.11,Telstra,4G,Tower within 15km (2025),Wurrumiyanga (Nguiu),5.07,Top End
Kabulwarnamyo,Family Outstation,-12.7648599999999,133.844719999999,Never recorded,False,6.0,147.0,236.0,518.0,515.0,245.0,,Mala'la Primary Health Care Centre,Palmerston Regional Hospital,False,False,22,1,59.18,,,,,89.35,Telstra,5G,Never recorded,Maningrida,89.42,Top End
Leichardt,Family Outstation,-13.84806,130.279069999999,Never recorded,False,2.7,36.0,73.0,282.0,237.0,61.0,,Woodycupaldiya Community Health Centre,Palmerston Regional Hospital,False,False,38,0,40.1,,,,,36.23,Telstra,4G,Never recorded,Woodyculpaldiya,30.03,Top End
Corkwood Bore,Family Outstation,-23.3122499999999,133.867919999999,Never recorded,False,0.2,60.0,47.0,63.0,49.0,12.0,,Purple House Primary Health Care,Alice Springs Hospital,False,False,0,0,35.75,,,,,30.31,Telstra,4G,Never recorded,Amoonguna,50.96,Central Australia
Yulbara,Family Outstation,-15.7777,136.9997,Never recorded,False,24.0,127.0,185.0,783.0,602.0,100.0,,Borroloola,Katherine Hospital,False,True,33,3,80.79,,,,,80.26,Telstra,4G,Never recorded,Borroloola,80.79,Big Rivers
Babungi,Family Outstation,-15.7444399999999,136.978579999999,Never recorded,False,26.0,129.0,189.0,785.0,606.0,100.0,,Borroloola,Katherine Hospital,False,True,33,3,80.31,,,,,79.71,Telstra,4G,Never recorded,Borroloola,80.31,Big Rivers
Conder Point,Family Outstation,-11.6508799999999,131.32757,Never recorded,False,0.1,117.0,191.0,,,,,Milikapiti Community Health Centre,,False,False,29,2,75.03,,,,,49.31,Telstra,4G,Never recorded,Milikapiti,75.61,Top End
Takapimiliyi,Family Outstation,-11.81528,130.80161,Never recorded,False,0.1,69.0,90.0,,,,,Milikapiti Community Health Centre,,False,False,31,2,18.43,,,,,11.0,Telstra,4G,Tower within 15km (2025),Wurrumiyanga (Nguiu),18.96,Top End
Penyeme,Family Outstation,-22.78725,135.67273,Never recorded,False,4.5,89.0,114.0,303.0,260.0,125.0,,Atitjere (Hearts Range) Community Health Centre,Alice Springs Hospital,False,False,3,0,78.78,,,,,78.14,Telstra,4G,Never recorded,Bonya,50.8,Central Australia
Atji Creek,Family Outstation,-23.3994499999999,131.98389,Never recorded,False,0.1,18.0,21.0,217.0,178.0,49.0,,Ikuntji Health Clinic,Alice Springs Hospital,False,False,1,0,14.77,,,,,24.0,Telstra,4G,Never recorded,Haasts Bluff (Ikuntji),11.74,Central Australia
Uluperte,Family Outstation,-23.76408,135.695439999999,Never recorded,False,0.0,220.0,262.0,231.0,270.0,197.0,,Amoonguna Health Service,Alice Springs Hospital,False,False,1,0,116.43,,,,,108.3,Optus,4G,Never recorded,Harts Range (Atitjere),116.43,Central Australia
Kewulyi,Family Outstation,-14.92699,134.00927,Never recorded,False,0.1,37.0,38.0,232.0,159.0,6.0,,Minyerri (Hodgeson Downs),Katherine Hospital,False,False,19,0,33.68,,,,,33.58,Telstra,5G,Never recorded,Minyerri (Hodgeson Downs),33.68,Big Rivers
Ilpurla,Family Outstation,-24.31521,132.71446,Never recorded,False,0.0,79.0,158.0,215.0,201.0,85.0,,Hermannsburg (Ntaria),Alice Springs Hospital,False,False,0,0,39.58,,,,,28.91,Optus,4G,Never recorded,Hermannsburg (Ntaria),41.93,Central Australia
Burudu,Family Outstation,-19.5987399999999,136.92545,Never recorded,False,0.1,259.0,236.0,434.0,284.0,52.0,,Alpurrurulam (Lake Nash) Community Health Centre,Tennant Creek Hospital,False,False,9,0,54.02,,,,,54.17,Telstra,4G,Never recorded,Alpurrurulam (Lake Nash),181.6,Barkly
Putjamirra,Family Outstation,-11.22457,130.36849,Never recorded,False,0.1,32.0,60.0,,,,,Pirlangimpi,,False,False,30,2,20.85,,,,,0.1,Telstra,4G,Macro cell nearby,Pirlangimpi,20.85,Top End
Annerre,Family Outstation,-21.2616899999999,134.001159999999,Never recorded,False,0.0,40.0,49.0,201.0,132.0,7.0,,Tara Community Health Centre,Tennant Creek Hospital,False,False,4,0,32.12,,,,,27.37,Telstra,4G,Never recorded,Tara(Neutral Junction),27.23,Barkly
10 Mile,Family Outstation,-20.4062799999999,134.75934,Never recorded,False,0.6,75.0,87.0,155.0,131.0,66.0,,Epenarra (Wutunugurra),Tennant Creek Hospital,False,False,6,0,61.65,,,,,52.54,Telstra,4G,Never recorded,Epenarra (Wutunugurra),51.74,Barkly
Arkanta,Family Outstation,-24.52148,132.81995,Never recorded,False,3.9,180.0,138.0,186.0,142.0,52.0,,Alukura Women's Health Clinic,Alice Springs Hospital,False,False,0,0,51.74,,,,,51.81,Telstra,5G,Never recorded,Wallace Rockhole,51.74,Central Australia
Ganiyarrang,Family Outstation,-14.475,135.02131,Never recorded,False,0.0,50.0,50.0,365.0,283.0,100.0,,Ngukurr (Roper River),Katherine Hospital,False,False,26,0,42.23,,,,,42.32,Telstra,4G,Never recorded,Ngukurr (Roper River),42.23,Big Rivers
Irklancha Atwacha,Town Camp,-23.6941,133.9052,Never recorded,False,0.0,1.0,2.0,4.0,3.0,0.0,3.0,Sadadeen Clinic,Alice Springs Hospital,True,False,0,0,8.62,,,,,1.25,Telstra,5G,Macro cell nearby,Amoonguna,8.62,Central Australia
Nama,Family Outstation,-14.22945,129.858789999999,Never recorded,False,0.0,23.0,37.0,360.0,301.0,121.0,,Palumpa,Palmerston Regional Hospital,False,False,41,0,13.7,,,,,13.75,Telstra,4G,Tower within 15km (2025),Palumpa,13.7,Top End
Buffalo Farm,Family Outstation,-12.8136899999999,132.593819999999,Never recorded,False,0.4,55.0,50.0,275.0,191.0,12.0,,Jabiru Health Centre,Katherine Hospital,False,False,27,0,12.79,,,,,12.85,Telstra,5G,Tower within 15km (2025),Jabiru,30.23,Top End
Hawk Dreaming,Family Outstation,-12.3705299999999,132.93914,Never recorded,False,0.1,32.0,38.0,270.0,193.0,9.0,,Gunbalanya Community Health Centre,Palmerston Regional Hospital,False,False,25,1,13.06,,,,,6.57,Optus,4G,Tower within 15km (2025),Gunbalanya (Oenpelli),13.71,Top End
Kunoth,Town Camp,-23.6905399999999,133.880259999999,Never recorded,False,0.0,1.0,1.0,2.0,2.0,0.0,2.0,Nganampa Health Council - Umuwa Office,Alice Springs Hospital,True,False,0,0,10.16,,,,,0.75,Telstra,5G,Macro cell nearby,Amoonguna,10.16,Central Australia
Adelaide River,Village,-13.2378,131.104729999999,Never recorded,True,0.1,0.0,1.0,94.0,58.0,0.0,58.0,Adelaide River Community Health Centre,Palmerston Regional Hospital,True,False,31,0,0.0,Adelaide River,Macro cell,OPTUS/TELSTRA,317.0,0.86,Telstra,4G,Macro cell nearby,Adelaide River,0.0,Top End
Alice Springs,Town,-23.6994,133.8807,Has coverage,False,0.1,1.0,1.0,1.0,2.0,0.0,2.0,Central Clinic - Alice Springs,Alice Springs Hospital,True,False,0,0,9.33,,,,,0.17,Optus,4G,Macro cell nearby,Amoonguna,9.33,Central Australia
Alyangula,Town,-13.8506,136.4191,Never recorded,False,0.1,0.0,0.0,,,,,Alyangula,,False,False,29,0,4.34,,,,,0.3,Telstra,5G,Macro cell nearby,Alyangula,0.0,East Arnhem
Batchelor,Village,-13.0462899999999,131.028829999999,Never recorded,True,0.0,0.0,0.0,79.0,51.0,0.0,51.0,Batchelor,Palmerston Regional Hospital,True,False,30,0,0.0,Batchelor,Macro cell,OPTUS/TELSTRA,396.0,0.19,Telstra,5G,Macro cell nearby,Batchelor,0.0,Top End
Borroloola,Village,-16.0676,136.3069,Has coverage,True,0.0,0.0,1.0,659.0,423.0,0.0,423.0,Borroloola,Katherine Hospital,True,False,32,2,0.0,Borroloola,Macro cell,TELSTRA,755.0,1.56,Telstra,4G,Macro cell nearby,Borroloola,0.0,Big Rivers
Cattle Creek,Family Outstation,-17.5974699999999,131.545209999999,Never recorded,False,0.2,103.0,167.0,501.0,422.0,72.0,,Kalkaringi (Wave Hill),Katherine Hospital,False,False,18,0,77.45,,,,,77.8,Telstra,4G,Never recorded,Kalkaringi (Wave Hill),77.45,Big Rivers
Daly Waters,Village,-16.2533299999999,133.36932,Never recorded,True,0.0,153.0,93.0,277.0,168.0,0.0,168.0,Elliot,Katherine Hospital,True,False,20,0,0.0,Daly Waters,Macro cell,OPTUS/TELSTRA,,6.23,Telstra,5G,Macro cell nearby,Minyerri (Hodgeson Downs),137.77,Big Rivers
Darwin,City,-12.46153,130.84244,Has coverage,False,0.0,0.0,1.0,16.0,13.0,0.0,13.0,Sonic Health Plus Darwin Cbd,Royal Darwin Hospital,True,False,30,1,17.69,,,,,0.19,Telstra,5G,Macro cell nearby,Belyuen,17.69,Top End
Elliott,Village,-17.5527,133.5408,Has coverage,True,0.1,0.0,0.0,255.0,154.0,0.0,154.0,Elliot,Tennant Creek Hospital,True,False,21,0,0.0,Elliott,Macro cell,OPTUS/TELSTRA,244.0,0.46,Telstra,4G,Macro cell nearby,Elliot,0.0,Barkly
Jabiru,Village,-12.6752,132.833699999999,Never recorded,True,0.2,0.0,1.0,236.0,158.0,0.0,158.0,Jabiru,Palmerston Regional Hospital,True,False,25,0,2.85,Hunters Camp,Near a cell,OPTUS/TELSTRA,5.0,0.64,Optus,4G,Macro cell nearby,Jabiru,0.0,Top End
Katherine,Town,-14.4667599999999,132.26677,Has coverage,False,0.1,1.0,1.0,4.0,3.0,0.0,3.0,Katherine Community Health Centre,Katherine Hospital,True,False,28,0,10.45,,,,,0.5,Optus,4G,Macro cell nearby,Binjari,13.05,Big Rivers
Kulgera,Village,-25.84084,133.300479999999,Never recorded,True,0.1,148.0,98.0,275.0,167.0,0.0,,Imanpa(Mt Ebenezer),Alice Springs Hospital,False,False,0,0,0.0,Kulgera,Small cell,OPTUS/TELSTRA,,0.17,Optus,3G/2G,Macro cell nearby,Imanpa(Mt Ebenezer),107.77,Central Australia
Kurinelli,Family Outstation,-20.6114,135.039999999999,Never recorded,False,0.1,46.0,65.0,199.0,191.0,111.0,,Epenarra Health Centre,Tennant Creek Hospital,False,False,6,0,78.92,,,,,29.49,Telstra,4G,Never recorded,Epenarra (Wutunugurra),27.69,Barkly
Larrimah,Village,-15.5757,133.2163,Never recorded,False,0.0,76.0,46.0,185.0,112.0,0.0,,Mataranka,Katherine Hospital,False,False,20,0,0.23,Larrimah,Small cell,OPTUS,,0.22,Optus,4G,Macro cell nearby,Jilkminggan (Duck Creek),69.81,Big Rivers
Moolooloo,Family Outstation,-16.33559,131.51505,Never recorded,False,0.1,90.0,95.0,335.0,234.0,34.0,,Yarralin,Katherine Hospital,False,False,24,0,37.88,,,,,37.89,Optus,3G/2G,Never recorded,Nitjpurru (Pigeon Hole),61.79,Big Rivers
Ngurrutiji,Family Outstation,-20.1167,134.5167,Never recorded,False,0.8,74.0,101.0,74.0,102.0,40.0,,Tennant Creek Outstations,Tennant Creek Hospital,False,False,7,0,64.78,,,,,55.22,Optus,4G,Never recorded,Tennant Creek Outstations,62.32,Barkly
Nhulunbuy,Town,-12.187,136.7763,Has coverage,False,0.1,0.0,0.0,1.0,1.0,0.0,1.0,Nhulunbuy Urban,Gove District Hospital,True,False,25,1,8.3,,,,,0.62,Telstra,4G,Macro cell nearby,Nhulunbuy Urban,0.0,East Arnhem
Palmerston,Town,-12.4808,130.9841,Never recorded,False,0.0,1.0,1.0,4.0,4.0,0.0,4.0,Palmerston Medical Clinic,Palmerston Regional Hospital,True,False,30,1,31.51,,,,,0.3,Telstra,5G,Macro cell nearby,Belyuen,31.51,Top End
Pine Creek,Village,-13.8227,131.8344,Has coverage,True,0.1,0.0,0.0,94.0,58.0,0.0,58.0,Pine Creek,Katherine Hospital,True,False,29,0,0.0,Pine Creek,Macro cell,TELSTRA,142.0,0.53,Telstra,4G,Macro cell nearby,Pine Creek,0.0,Big Rivers
Tennant Creek,Town,-19.6478,134.1902,Has coverage,False,0.0,0.0,0.0,1.0,1.0,0.0,1.0,Tennant Creek Outstations,Tennant Creek Hospital,True,False,11,0,3.42,,,,,0.75,Optus,4G,Macro cell nearby,Tennant Creek Outstations,0.0,Barkly
Ti Tree,Village,-22.1279,133.4171,Never recorded,True,0.1,0.0,0.0,195.0,118.0,0.0,118.0,Ti Tree Community Health Centre,Alice Springs Hospital,True,False,2,0,0.0,Ti Tree,Macro cell,OPTUS/TELSTRA,49.0,0.56,Optus,4G,Macro cell nearby,Ti Tree Community Health Centre,0.23,
Timber Creek,Village,-15.6625,130.4804,Has coverage,True,0.1,0.0,1.0,532.0,408.0,180.0,,Timber Creek,Katherine Hospital,False,False,31,0,0.0,Timber Creek,Macro cell,TELSTRA,155.0,0.7,Telstra,4G,Macro cell nearby,Timber Creek,0.0,Big Rivers
Warby,Family Outstation,-16.1531,136.734399999999,Never recorded,False,0.9,57.0,61.0,713.0,478.0,53.0,,Borroloola,Katherine Hospital,False,False,31,2,46.65,,,,,47.07,Telstra,4G,Never recorded,Borroloola,46.65,Big Rivers
Yulara,Town,-25.2413299999999,130.98766,Never recorded,True,0.2,0.0,1.0,445.0,285.0,0.0,285.0,Yulara(Uluru),Alice Springs Hospital,True,False,1,0,0.0,Yulara,Macro cell,TELSTRA,,0.39,Telstra,5G,Macro cell nearby,Yulara(Uluru),0.0,Central Australia
Impadna,Family Outstation,-25.1545199999999,133.569469999999,Never recorded,False,0.2,135.0,111.0,235.0,165.0,49.0,,Imanpa(Mt Ebenezer),Alice Springs Hospital,False,False,0,0,37.48,,,,,37.32,Telstra,4G,Never recorded,Titjikala (Maryvale),73.92,Central Australia
Wollagalonng Outstation,Family Outstation,-21.36721,133.4395,Never recorded,False,0.6,69.0,121.0,303.0,262.0,56.0,,Wilora Community Health Centre,Tennant Creek Hospital,False,False,5,0,48.71,,,,,50.01,Optus,3G/2G,Never recorded,Wilora Community Health Centre,51.37,
Newcastle Waters,Village,-17.3718,133.4103,Never recorded,False,0.1,27.0,17.0,281.0,170.0,0.0,170.0,Elliot,Tennant Creek Hospital,True,False,20,0,0.24,Newcastle Waters,Small cell,TELSTRA,,0.18,Telstra,5G,Macro cell nearby,Elliot,24.42,Barkly
Mataranka,Village,-14.9243499999999,133.067949999999,Never recorded,True,0.0,0.0,0.0,109.0,66.0,0.0,66.0,Mataranka,Katherine Hospital,True,False,21,0,0.0,Mataranka,Macro cell,OPTUS/TELSTRA,384.0,0.69,Optus,3G/2G,Macro cell nearby,Mataranka,0.0,Big Rivers
Ngarilikirlangu,Family Outstation,-22.12594,131.77302,Never recorded,False,2.0,31.0,50.0,324.0,247.0,29.0,,Yuendumu,Alice Springs Hospital,False,False,4,0,14.41,,,,,14.22,Telstra,4G,Tower within 15km (2025),Yuendumu,14.41,Central Australia
Double D,Family Outstation,-21.2317699999999,134.94684,Never recorded,False,3.3,69.0,72.0,241.0,180.0,65.0,,Ali Curung,Tennant Creek Hospital,False,False,5,0,55.33,,,,,52.33,Telstra,4G,Never recorded,Aherrenge (Ampilawatja),55.33,Barkly
Sandy Bore,Family Outstation,-24.5575,132.524329999999,Never recorded,False,8.5,81.0,159.0,210.0,190.0,71.0,,Utju(Areonga),Alice Springs Hospital,False,False,0,0,63.88,,,,,59.87,Optus,4G,Never recorded,Utju(Areonga),59.62,Central Australia
Black Rock Landing,Family Outstation,-15.92062,136.51042,Never recorded,False,0.1,44.0,40.0,699.0,459.0,25.0,,Borroloola Community Health Centre,Katherine Hospital,False,False,33,3,27.21,,,,,26.38,Telstra,4G,Never recorded,Borroloola,27.21,Big Rivers
Ngunga,Family Outstation,-23.26484,131.2545,Never recorded,False,0.3,3.0,5.0,315.0,272.0,173.0,,Mt Liebig (Amunturrngu),Alice Springs Hospital,False,False,1,0,1.91,Mount Liebig,Macro cell,TELSTRA,234.0,2.61,Telstra,4G,Macro cell nearby,Mt Liebig (Amunturrngu),1.91,Central Australia
Crabhole,Family Outstation,-16.2152499999999,137.09915,Never recorded,False,0.0,98.0,125.0,753.0,543.0,94.0,,Borroloola,Katherine Hospital,False,False,32,3,61.85,,,,,61.58,Telstra,4G,Never recorded,Robinson River,61.85,Big Rivers
Snake Lagoon,Family Outstation,-16.2032199999999,136.913029999999,Never recorded,False,0.1,76.0,81.0,731.0,499.0,72.0,,Borroloola,Katherine Hospital,False,False,31,3,62.3,,,,,62.16,Telstra,4G,Never recorded,Robinson River,62.3,Big Rivers
Wallaces Lagoon,Family Outstation,-16.1226699999999,136.6356,Never recorded,False,2.0,44.0,46.0,699.0,464.0,39.0,,Borroloola,Katherine Hospital,False,False,32,2,35.65,,,,,36.03,Telstra,4G,Never recorded,Borroloola,35.65,Big Rivers
Brumby Plains,Family Outstation,-16.9602,129.10889,Never recorded,False,2.7,294.0,296.0,757.0,598.0,290.0,,Kalkaringi (Wave Hill),Katherine Hospital,False,False,22,0,14.73,,,,,14.71,Telstra,4G,Tower within 15km (2025),Amanbidji (Kildurk),80.32,Big Rivers
Gulardi,Family Outstation,-15.71326,130.48399,Never recorded,False,0.0,7.0,5.0,526.0,405.0,180.0,,Timber Creek,Katherine Hospital,False,False,32,0,0.7,Myatt,Near a cell,TELSTRA,75.0,6.35,Telstra,4G,Tower within 15km (2025),Timber Creek,5.66,Big Rivers
Irrowa,Family Outstation,-24.6251499999999,132.331029999999,Never recorded,False,0.6,104.0,80.0,227.0,176.0,97.0,245.0,Watarrka(Kings Canyon),Alice Springs Hospital,True,False,0,0,57.48,,,,,57.38,Optus,4G,Never recorded,Imanpa(Mt Ebenezer),61.15,Central Australia
Iljitjarri,Family Outstation,-24.5340099999999,132.492149999999,Never recorded,False,9.1,122.0,107.0,226.0,184.0,87.0,,Watarrka(Kings Canyon),Alice Springs Hospital,False,False,0,0,66.79,,,,,58.76,Optus,4G,Never recorded,Utju(Areonga),55.89,Central Australia
Alyarpere,Family Outstation,-23.70776,134.493319999999,Never recorded,False,1.0,73.0,68.0,84.0,76.0,49.0,,Amoonguna Health Service,Alice Springs Hospital,False,False,0,0,12.99,,,,,12.45,Optus,3G/2G,Tower within 15km (2025),Ltyentye Apurte(Santa Teresa),48.59,Central Australia
Urrermerne,Family Outstation,-23.9629,134.06913,Never recorded,False,0.8,33.0,28.0,39.0,32.0,11.0,,Alukura Women's Health Clinic,Alice Springs Hospital,False,False,0,0,24.41,,,,,24.62,Optus,4G,Never recorded,Amoonguna,25.71,Central Australia
20 Mile,Family Outstation,-16.0853499999999,136.548259999999,Never recorded,False,0.3,31.0,32.0,686.0,449.0,27.0,,Borroloola,Katherine Hospital,False,False,32,2,25.86,,,,,26.11,Telstra,4G,Never recorded,Borroloola,25.86,Big Rivers
Bushcamp,Family Outstation,-19.7171099999999,134.154079999999,Never recorded,False,0.7,10.0,11.0,10.0,12.0,3.0,,Tennant Creek Outstations,Tennant Creek Hospital,False,False,10,0,11.93,,,,,7.98,Telstra,5G,Tower within 15km (2025),Tennant Creek Outstations,8.58,Barkly
Atnarpa,Family Outstation,-23.5235799999999,134.789109999999,Never recorded,False,0.1,112.0,108.0,123.0,116.0,47.0,,Amoonguna Health Service,Alice Springs Hospital,False,False,0,0,31.4,,,,,12.83,Optus,4G,Tower within 15km (2025),Harts Range (Atitjere),61.77,Central Australia
Lily Hole,Family Outstation,-17.24737,133.74957,Never recorded,False,1.3,57.0,89.0,311.0,242.0,38.0,,Elliot,Tennant Creek Hospital,False,False,20,0,38.64,,,,,38.64,Telstra,5G,Never recorded,Elliot,40.54,Barkly
Minjilang,Major,-11.1507,132.578599999999,No coverage,True,0.0,0.0,0.0,,,,,Minjilang,,False,False,27,1,0.0,Minjilang,Macro cell,TELSTRA,234.0,0.59,Telstra,4G,Macro cell nearby,Minjilang,0.0,Top End
